2026-02-24 22:10:30,133 [INFO] Today's summary already saved (stored_data/2026-02-24.csv). Skipping.
2026-02-24 22:10:30,365 [WARNING] Skipping daily_summary.csv: missing required columns (found: ['date', 'sunrise', 'sunset', 'avg_temp', 'avg_cloud', 'on_time', 'script_ok'])
2026-02-24 22:10:30,367 [WARNING] Skipping daily_summary.csv: missing required columns (found: ['date', 'sunrise', 'sunset', 'avg_temp', 'avg_cloud', 'on_time', 'script_ok'])
2026-02-24 22:10:37,245 [WARNING] Skipping daily_summary.csv: missing required columns (found: ['date', 'sunrise', 'sunset', 'avg_temp', 'avg_cloud', 'on_time', 'script_ok'])
2026-02-25 18:33:59,711 [INFO] Calculated → effective_temp=15.27°C | duration=101 min | slider1=101 min | slider2=0 min
2026-02-25 18:33:59,712 [INFO] Sending values to Home Assistant...
2026-02-25 18:33:59,724 [INFO] HA is reachable.
2026-02-25 18:33:59,737 [INFO]   ✓ Set input_number.boiler_duration_helper = 101 min
2026-02-25 18:33:59,749 [INFO]   ✓ Set input_number.boiler_duration_helper_2nd = 0 min
2026-02-25 18:33:59,761 [INFO]   ✓ Triggered script.start_waterheater_using_ui
2026-02-25 18:33:59,762 [INFO] HA execution complete.
2026-02-25 18:33:59,762 [INFO] [18:33:59] CSV saved → HA status: OK
2026-02-25 18:33:59,971 [WARNING] Skipping daily_summary.csv: missing required columns (found: ['date', 'sunrise', 'sunset', 'avg_temp', 'avg_cloud', 'on_time', 'script_ok'])
2026-02-25 18:33:59,973 [WARNING] Skipping daily_summary.csv: missing required columns (found: ['date', 'sunrise', 'sunset', 'avg_temp', 'avg_cloud', 'on_time', 'script_ok'])
2026-02-25 18:43:14,295 [INFO] Today's summary already executed successfully. Skipping.
2026-02-25 18:43:14,496 [WARNING] Skipping daily_summary.csv: missing required columns (found: ['date', 'sunrise', 'sunset', 'avg_temp', 'avg_cloud', 'on_time', 'script_ok'])
2026-02-25 18:43:14,498 [WARNING] Skipping daily_summary.csv: missing required columns (found: ['date', 'sunrise', 'sunset', 'avg_temp', 'avg_cloud', 'on_time', 'script_ok'])
2026-02-25 18:48:05,521 [INFO] Today's summary already executed successfully. Skipping.
2026-02-25 18:48:05,714 [WARNING] Skipping daily_summary.csv: missing required columns (found: ['date', 'sunrise', 'sunset', 'avg_temp', 'avg_cloud', 'on_time', 'script_ok'])
2026-02-25 18:48:05,716 [WARNING] Skipping daily_summary.csv: missing required columns (found: ['date', 'sunrise', 'sunset', 'avg_temp', 'avg_cloud', 'on_time', 'script_ok'])
2026-02-25 18:52:40,232 [INFO] Today's summary already executed successfully. Skipping.
2026-02-25 18:52:40,479 [WARNING] Skipping daily_summary.csv: missing required columns (found: ['date', 'sunrise', 'sunset', 'avg_temp', 'avg_cloud', 'on_time', 'script_ok'])
2026-02-25 18:52:40,481 [WARNING] Skipping daily_summary.csv: missing required columns (found: ['date', 'sunrise', 'sunset', 'avg_temp', 'avg_cloud', 'on_time', 'script_ok'])
2026-02-25 18:52:51,427 [INFO] Calculated → effective_temp=15.27°C | duration=101 min | slider1=101 min | slider2=0 min
2026-02-25 18:52:51,428 [INFO] Sending values to Home Assistant...
2026-02-25 18:52:51,442 [INFO] Boiler current state: on
2026-02-25 18:52:51,442 [WARNING] Boiler already ON → skipping execution.
2026-02-25 18:52:51,442 [ERROR] Could not complete today's summary: name 'ha_ok' is not defined
2026-02-25 18:52:51,642 [WARNING] Skipping daily_summary.csv: missing required columns (found: ['date', 'sunrise', 'sunset', 'avg_temp', 'avg_cloud', 'on_time', 'script_ok'])
2026-02-25 18:52:51,645 [WARNING] Skipping daily_summary.csv: missing required columns (found: ['date', 'sunrise', 'sunset', 'avg_temp', 'avg_cloud', 'on_time', 'script_ok'])
2026-02-25 20:06:54,347 [INFO] Calculated → effective_temp=15.32°C | duration=100 min | slider1=100 min | slider2=0 min
2026-02-25 20:06:54,348 [INFO] Sending values to Home Assistant...
2026-02-25 20:06:54,357 [INFO] HA is reachable.
2026-02-25 20:06:54,372 [INFO]   ✓ Set input_number.boiler_duration_helper = 100 min
2026-02-25 20:06:54,386 [INFO]   ✓ Set input_number.boiler_duration_helper_2nd = 0 min
2026-02-25 20:06:54,402 [INFO]   ✓ Triggered script.start_waterheater_using_ui
2026-02-25 20:06:54,403 [INFO] HA execution complete.
2026-02-25 20:06:54,404 [INFO] [20:06:54] CSV saved → HA status: OK
2026-02-25 20:08:06,924 [INFO] Today's summary already saved (stored_data/2026-02-25.csv). Skipping.
2026-02-25 20:32:02,518 [INFO] Today's summary already saved (stored_data/2026-02-25.csv). Skipping.
2026-02-25 20:32:02,765 [WARNING] Skipping 2025-11-15.csv: unrecognised columns ['clouds', 'temp', 'time']. Move or delete this file if it is no longer needed.
2026-02-25 20:32:02,765 [WARNING] Skipping 2025-11-16.csv: unrecognised columns ['clouds', 'temp', 'time']. Move or delete this file if it is no longer needed.
2026-02-25 20:32:02,765 [WARNING] Skipping 2025-11-17.csv: unrecognised columns ['clouds', 'temp', 'time']. Move or delete this file if it is no longer needed.
2026-02-25 20:32:02,765 [WARNING] Skipping 2025-11-18.csv: unrecognised columns ['clouds', 'temp', 'time']. Move or delete this file if it is no longer needed.
2026-02-25 20:32:02,766 [WARNING] Skipping 2025-11-19.csv: unrecognised columns ['clouds', 'temp', 'time']. Move or delete this file if it is no longer needed.
2026-02-25 20:32:02,766 [WARNING] Skipping 2025-11-20.csv: unrecognised columns ['clouds', 'temp', 'time']. Move or delete this file if it is no longer needed.
2026-02-25 20:32:02,766 [WARNING] Skipping 2025-11-21.csv: unrecognised columns ['clouds', 'temp', 'time']. Move or delete this file if it is no longer needed.
2026-02-25 20:32:02,766 [WARNING] Skipping 2025-11-22.csv: unrecognised columns ['clouds', 'temp', 'time']. Move or delete this file if it is no longer needed.
2026-02-25 20:32:02,766 [WARNING] Skipping 2025-11-23.csv: unrecognised columns ['clouds', 'temp', 'time']. Move or delete this file if it is no longer needed.
2026-02-25 20:32:02,766 [WARNING] Skipping 2025-11-24.csv: unrecognised columns ['clouds', 'temp', 'time']. Move or delete this file if it is no longer needed.
2026-02-25 20:32:02,766 [WARNING] Skipping 2025-11-25.csv: unrecognised columns ['clouds', 'temp', 'time']. Move or delete this file if it is no longer needed.
2026-02-25 20:32:02,766 [WARNING] Skipping 2025-11-26.csv: unrecognised columns ['clouds', 'temp', 'time']. Move or delete this file if it is no longer needed.
2026-02-25 20:32:02,766 [WARNING] Skipping 2025-11-27.csv: unrecognised columns ['clouds', 'temp', 'time']. Move or delete this file if it is no longer needed.
2026-02-25 20:32:02,766 [WARNING] Skipping 2025-11-28.csv: unrecognised columns ['clouds', 'temp', 'time']. Move or delete this file if it is no longer needed.
2026-02-25 20:32:02,766 [WARNING] Skipping 2025-11-29.csv: unrecognised columns ['clouds', 'temp', 'time']. Move or delete this file if it is no longer needed.
2026-02-25 20:32:02,766 [WARNING] Skipping 2025-11-30.csv: unrecognised columns ['clouds', 'temp', 'time']. Move or delete this file if it is no longer needed.
2026-02-25 20:32:02,767 [WARNING] Skipping 2025-12-01.csv: unrecognised columns ['clouds', 'temp', 'time']. Move or delete this file if it is no longer needed.
2026-02-25 20:32:02,767 [WARNING] Skipping 2025-12-02.csv: unrecognised columns ['clouds', 'temp', 'time']. Move or delete this file if it is no longer needed.
2026-02-25 20:32:02,767 [WARNING] Skipping 2025-12-03.csv: unrecognised columns ['clouds', 'temp', 'time']. Move or delete this file if it is no longer needed.
2026-02-25 20:32:02,767 [WARNING] Skipping 2025-12-04.csv: unrecognised columns ['clouds', 'temp', 'time']. Move or delete this file if it is no longer needed.
2026-02-25 20:32:02,767 [WARNING] Skipping 2025-12-05.csv: unrecognised columns ['clouds', 'temp', 'time']. Move or delete this file if it is no longer needed.
2026-02-25 20:32:02,767 [WARNING] Skipping 2025-12-06.csv: unrecognised columns ['clouds', 'temp', 'time']. Move or delete this file if it is no longer needed.
2026-02-25 20:32:02,767 [WARNING] Skipping 2025-12-07.csv: unrecognised columns ['clouds', 'temp', 'time']. Move or delete this file if it is no longer needed.
2026-02-25 20:32:02,767 [WARNING] Skipping 2025-12-08.csv: unrecognised columns ['clouds', 'temp', 'time']. Move or delete this file if it is no longer needed.
2026-02-25 20:32:02,767 [WARNING] Skipping 2025-12-09.csv: unrecognised columns ['clouds', 'temp', 'time']. Move or delete this file if it is no longer needed.
2026-02-25 20:32:02,767 [WARNING] Skipping 2025-12-10.csv: unrecognised columns ['clouds', 'temp', 'time']. Move or delete this file if it is no longer needed.
2026-02-25 20:32:02,767 [WARNING] Skipping 2025-12-11.csv: unrecognised columns ['clouds', 'temp', 'time']. Move or delete this file if it is no longer needed.
2026-02-25 20:32:02,767 [WARNING] Skipping 2025-12-12.csv: unrecognised columns ['clouds', 'temp', 'time']. Move or delete this file if it is no longer needed.
2026-02-25 20:32:02,768 [WARNING] Skipping 2025-12-13.csv: unrecognised columns ['clouds', 'temp', 'time']. Move or delete this file if it is no longer needed.
2026-02-25 20:32:02,768 [WARNING] Skipping 2025-12-14.csv: unrecognised columns ['clouds', 'temp', 'time']. Move or delete this file if it is no longer needed.
2026-02-25 20:32:02,768 [WARNING] Skipping 2025-12-15.csv: unrecognised columns ['clouds', 'temp', 'time']. Move or delete this file if it is no longer needed.
2026-02-25 20:32:02,768 [WARNING] Skipping 2025-12-16.csv: unrecognised columns ['clouds', 'temp', 'time']. Move or delete this file if it is no longer needed.
2026-02-25 20:32:02,768 [WARNING] Skipping 2025-12-17.csv: unrecognised columns ['clouds', 'temp', 'time']. Move or delete this file if it is no longer needed.
2026-02-25 20:32:02,768 [WARNING] Skipping 2025-12-18.csv: unrecognised columns ['clouds', 'temp', 'time']. Move or delete this file if it is no longer needed.
2026-02-25 20:32:02,768 [WARNING] Skipping 2025-12-19.csv: unrecognised columns ['clouds', 'temp', 'time']. Move or delete this file if it is no longer needed.
2026-02-25 20:32:02,768 [WARNING] Skipping 2025-12-20.csv: unrecognised columns ['clouds', 'temp', 'time']. Move or delete this file if it is no longer needed.
2026-02-25 20:32:02,768 [WARNING] Skipping 2025-12-21.csv: unrecognised columns ['clouds', 'temp', 'time']. Move or delete this file if it is no longer needed.
2026-02-25 20:32:02,768 [WARNING] Skipping 2025-12-22.csv: unrecognised columns ['clouds', 'temp', 'time']. Move or delete this file if it is no longer needed.
2026-02-25 20:32:02,768 [WARNING] Skipping 2025-12-23.csv: unrecognised columns ['clouds', 'temp', 'time']. Move or delete this file if it is no longer needed.
2026-02-25 20:32:02,768 [WARNING] Skipping 2025-12-24.csv: unrecognised columns ['clouds', 'temp', 'time']. Move or delete this file if it is no longer needed.
2026-02-25 20:32:02,769 [WARNING] Skipping 2025-12-25.csv: unrecognised columns ['clouds', 'temp', 'time']. Move or delete this file if it is no longer needed.
2026-02-25 20:32:02,769 [WARNING] Skipping 2025-12-26.csv: unrecognised columns ['clouds', 'temp', 'time']. Move or delete this file if it is no longer needed.
2026-02-25 20:32:02,769 [WARNING] Skipping 2025-12-27.csv: unrecognised columns ['clouds', 'temp', 'time']. Move or delete this file if it is no longer needed.
2026-02-25 20:32:02,769 [WARNING] Skipping 2025-12-28.csv: unrecognised columns ['clouds', 'temp', 'time']. Move or delete this file if it is no longer needed.
2026-02-25 20:32:02,769 [WARNING] Skipping 2025-12-29.csv: unrecognised columns ['clouds', 'temp', 'time']. Move or delete this file if it is no longer needed.
2026-02-25 20:32:02,769 [WARNING] Skipping 2025-12-30.csv: unrecognised columns ['clouds', 'temp', 'time']. Move or delete this file if it is no longer needed.
2026-02-25 20:32:02,769 [WARNING] Skipping 2025-12-31.csv: unrecognised columns ['clouds', 'temp', 'time']. Move or delete this file if it is no longer needed.
2026-02-25 20:32:02,769 [WARNING] Skipping 2026-01-01.csv: unrecognised columns ['clouds', 'temp', 'time']. Move or delete this file if it is no longer needed.
2026-02-25 20:32:02,769 [WARNING] Skipping 2026-01-02.csv: unrecognised columns ['clouds', 'temp', 'time']. Move or delete this file if it is no longer needed.
2026-02-25 20:32:02,769 [WARNING] Skipping 2026-01-03.csv: unrecognised columns ['clouds', 'temp', 'time']. Move or delete this file if it is no longer needed.
2026-02-25 20:32:02,769 [WARNING] Skipping 2026-01-04.csv: unrecognised columns ['clouds', 'temp', 'time']. Move or delete this file if it is no longer needed.
2026-02-25 20:32:02,769 [WARNING] Skipping 2026-01-05.csv: unrecognised columns ['clouds', 'temp', 'time']. Move or delete this file if it is no longer needed.
2026-02-25 20:32:02,769 [WARNING] Skipping 2026-01-06.csv: unrecognised columns ['clouds', 'temp', 'time']. Move or delete this file if it is no longer needed.
2026-02-25 20:32:02,770 [WARNING] Skipping 2026-01-07.csv: unrecognised columns ['clouds', 'temp', 'time']. Move or delete this file if it is no longer needed.
2026-02-25 20:32:02,770 [WARNING] Skipping 2026-01-08.csv: unrecognised columns ['clouds', 'temp', 'time']. Move or delete this file if it is no longer needed.
2026-02-25 20:32:02,770 [WARNING] Skipping 2026-01-09.csv: unrecognised columns ['clouds', 'temp', 'time']. Move or delete this file if it is no longer needed.
2026-02-25 20:32:02,770 [WARNING] Skipping 2026-01-10.csv: unrecognised columns ['clouds', 'temp', 'time']. Move or delete this file if it is no longer needed.
2026-02-25 20:32:02,770 [WARNING] Skipping 2026-01-11.csv: unrecognised columns ['clouds', 'temp', 'time']. Move or delete this file if it is no longer needed.
2026-02-25 20:32:02,770 [WARNING] Skipping 2026-01-12.csv: unrecognised columns ['clouds', 'temp', 'time']. Move or delete this file if it is no longer needed.
2026-02-25 20:32:02,770 [WARNING] Skipping 2026-01-14.csv: unrecognised columns ['clouds', 'temp', 'time']. Move or delete this file if it is no longer needed.
2026-02-25 20:32:02,770 [WARNING] Skipping 2026-01-15.csv: unrecognised columns ['clouds', 'temp', 'time']. Move or delete this file if it is no longer needed.
2026-02-25 20:32:02,770 [WARNING] Skipping 2026-01-19.csv: unrecognised columns ['clouds', 'temp', 'time']. Move or delete this file if it is no longer needed.
2026-02-25 20:32:02,770 [WARNING] Skipping 2026-01-22.csv: unrecognised columns ['clouds', 'temp', 'time']. Move or delete this file if it is no longer needed.
2026-02-25 20:32:02,770 [WARNING] Skipping 2026-01-27.csv: unrecognised columns ['clouds', 'temp', 'time']. Move or delete this file if it is no longer needed.
2026-02-25 20:32:02,770 [WARNING] Skipping 2026-01-28.csv: unrecognised columns ['clouds', 'temp', 'time']. Move or delete this file if it is no longer needed.
2026-02-25 20:32:02,771 [WARNING] Skipping 2026-01-29.csv: unrecognised columns ['clouds', 'temp', 'time']. Move or delete this file if it is no longer needed.
2026-02-25 20:32:02,771 [WARNING] Skipping 2026-01-30.csv: unrecognised columns ['clouds', 'temp', 'time']. Move or delete this file if it is no longer needed.
2026-02-25 20:32:02,771 [WARNING] Skipping 2026-01-31.csv: unrecognised columns ['clouds', 'temp', 'time']. Move or delete this file if it is no longer needed.
2026-02-25 20:32:02,771 [WARNING] Skipping 2026-02-01.csv: unrecognised columns ['clouds', 'temp', 'time']. Move or delete this file if it is no longer needed.
2026-02-25 20:32:02,771 [WARNING] Skipping 2026-02-02.csv: unrecognised columns ['clouds', 'temp', 'time']. Move or delete this file if it is no longer needed.
2026-02-25 20:32:02,771 [WARNING] Skipping 2026-02-03.csv: unrecognised columns ['clouds', 'temp', 'time']. Move or delete this file if it is no longer needed.
2026-02-25 20:32:02,771 [WARNING] Skipping 2026-02-08.csv: unrecognised columns ['clouds', 'temp', 'time']. Move or delete this file if it is no longer needed.
2026-02-25 20:32:02,771 [WARNING] Skipping 2026-02-11.csv: unrecognised columns ['clouds', 'temp', 'time']. Move or delete this file if it is no longer needed.
2026-02-25 20:32:02,771 [WARNING] Skipping 2026-02-12.csv: unrecognised columns ['clouds', 'temp', 'time']. Move or delete this file if it is no longer needed.
2026-02-25 20:32:02,771 [WARNING] Skipping 2026-02-13.csv: unrecognised columns ['clouds', 'temp', 'time']. Move or delete this file if it is no longer needed.
2026-02-25 20:32:02,771 [WARNING] Skipping 2026-02-14.csv: unrecognised columns ['clouds', 'temp', 'time']. Move or delete this file if it is no longer needed.
2026-02-25 20:32:02,771 [WARNING] Skipping 2026-02-15.csv: unrecognised columns ['clouds', 'temp', 'time']. Move or delete this file if it is no longer needed.
2026-02-25 20:32:02,772 [WARNING] Skipping 2026-02-16.csv: unrecognised columns ['clouds', 'temp', 'time']. Move or delete this file if it is no longer needed.
2026-02-25 20:32:02,772 [WARNING] Skipping 2026-02-17.csv: unrecognised columns ['clouds', 'temp', 'time']. Move or delete this file if it is no longer needed.
2026-02-25 20:32:02,772 [WARNING] Skipping 2026-02-18.csv: unrecognised columns ['clouds', 'temp', 'time']. Move or delete this file if it is no longer needed.
2026-02-25 20:32:02,772 [WARNING] Skipping 2026-02-19.csv: unrecognised columns ['clouds', 'temp', 'time']. Move or delete this file if it is no longer needed.
2026-02-25 20:32:02,772 [WARNING] Skipping 2026-02-20.csv: unrecognised columns ['clouds', 'temp', 'time']. Move or delete this file if it is no longer needed.
2026-02-25 20:32:02,772 [WARNING] Skipping 2026-02-21.csv: unrecognised columns ['clouds', 'temp', 'time']. Move or delete this file if it is no longer needed.
2026-02-25 20:32:02,772 [WARNING] Skipping 2026-02-22.csv: unrecognised columns ['clouds', 'temp', 'time']. Move or delete this file if it is no longer needed.
2026-02-25 20:32:02,772 [WARNING] Skipping 2026-02-23.csv: unrecognised columns ['clouds', 'temp', 'time']. Move or delete this file if it is no longer needed.
2026-02-25 20:32:02,772 [WARNING] Skipping 2026-02-24.csv: unrecognised columns ['clouds', 'temp', 'time']. Move or delete this file if it is no longer needed.
2026-02-25 20:32:02,772 [WARNING] Skipping 2026-02-25.csv: unrecognised columns ['clouds', 'temp', 'time']. Move or delete this file if it is no longer needed.
2026-02-25 20:33:01,241 [INFO] Today's summary already saved (stored_data/2026-02-25.csv). Skipping.
2026-02-25 20:33:01,480 [WARNING] Skipping 2025-11-15.csv: unrecognised columns ['clouds', 'temp', 'time']. Move or delete this file if it is no longer needed.
2026-02-25 20:33:01,480 [WARNING] Skipping 2025-11-16.csv: unrecognised columns ['clouds', 'temp', 'time']. Move or delete this file if it is no longer needed.
2026-02-25 20:33:01,480 [WARNING] Skipping 2025-11-17.csv: unrecognised columns ['clouds', 'temp', 'time']. Move or delete this file if it is no longer needed.
2026-02-25 20:33:01,480 [WARNING] Skipping 2025-11-18.csv: unrecognised columns ['clouds', 'temp', 'time']. Move or delete this file if it is no longer needed.
2026-02-25 20:33:01,480 [WARNING] Skipping 2025-11-19.csv: unrecognised columns ['clouds', 'temp', 'time']. Move or delete this file if it is no longer needed.
2026-02-25 20:33:01,480 [WARNING] Skipping 2025-11-20.csv: unrecognised columns ['clouds', 'temp', 'time']. Move or delete this file if it is no longer needed.
2026-02-25 20:33:01,480 [WARNING] Skipping 2025-11-21.csv: unrecognised columns ['clouds', 'temp', 'time']. Move or delete this file if it is no longer needed.
2026-02-25 20:33:01,480 [WARNING] Skipping 2025-11-22.csv: unrecognised columns ['clouds', 'temp', 'time']. Move or delete this file if it is no longer needed.
2026-02-25 20:33:01,481 [WARNING] Skipping 2025-11-23.csv: unrecognised columns ['clouds', 'temp', 'time']. Move or delete this file if it is no longer needed.
2026-02-25 20:33:01,481 [WARNING] Skipping 2025-11-24.csv: unrecognised columns ['clouds', 'temp', 'time']. Move or delete this file if it is no longer needed.
2026-02-25 20:33:01,481 [WARNING] Skipping 2025-11-25.csv: unrecognised columns ['clouds', 'temp', 'time']. Move or delete this file if it is no longer needed.
2026-02-25 20:33:01,481 [WARNING] Skipping 2025-11-26.csv: unrecognised columns ['clouds', 'temp', 'time']. Move or delete this file if it is no longer needed.
2026-02-25 20:33:01,481 [WARNING] Skipping 2025-11-27.csv: unrecognised columns ['clouds', 'temp', 'time']. Move or delete this file if it is no longer needed.
2026-02-25 20:33:01,481 [WARNING] Skipping 2025-11-28.csv: unrecognised columns ['clouds', 'temp', 'time']. Move or delete this file if it is no longer needed.
2026-02-25 20:33:01,481 [WARNING] Skipping 2025-11-29.csv: unrecognised columns ['clouds', 'temp', 'time']. Move or delete this file if it is no longer needed.
2026-02-25 20:33:01,481 [WARNING] Skipping 2025-11-30.csv: unrecognised columns ['clouds', 'temp', 'time']. Move or delete this file if it is no longer needed.
2026-02-25 20:33:01,481 [WARNING] Skipping 2025-12-01.csv: unrecognised columns ['clouds', 'temp', 'time']. Move or delete this file if it is no longer needed.
2026-02-25 20:33:01,481 [WARNING] Skipping 2025-12-02.csv: unrecognised columns ['clouds', 'temp', 'time']. Move or delete this file if it is no longer needed.
2026-02-25 20:33:01,481 [WARNING] Skipping 2025-12-03.csv: unrecognised columns ['clouds', 'temp', 'time']. Move or delete this file if it is no longer needed.
2026-02-25 20:33:01,481 [WARNING] Skipping 2025-12-04.csv: unrecognised columns ['clouds', 'temp', 'time']. Move or delete this file if it is no longer needed.
2026-02-25 20:33:01,482 [WARNING] Skipping 2025-12-05.csv: unrecognised columns ['clouds', 'temp', 'time']. Move or delete this file if it is no longer needed.
2026-02-25 20:33:01,482 [WARNING] Skipping 2025-12-06.csv: unrecognised columns ['clouds', 'temp', 'time']. Move or delete this file if it is no longer needed.
2026-02-25 20:33:01,482 [WARNING] Skipping 2025-12-07.csv: unrecognised columns ['clouds', 'temp', 'time']. Move or delete this file if it is no longer needed.
2026-02-25 20:33:01,482 [WARNING] Skipping 2025-12-08.csv: unrecognised columns ['clouds', 'temp', 'time']. Move or delete this file if it is no longer needed.
2026-02-25 20:33:01,482 [WARNING] Skipping 2025-12-09.csv: unrecognised columns ['clouds', 'temp', 'time']. Move or delete this file if it is no longer needed.
2026-02-25 20:33:01,482 [WARNING] Skipping 2025-12-10.csv: unrecognised columns ['clouds', 'temp', 'time']. Move or delete this file if it is no longer needed.
2026-02-25 20:33:01,482 [WARNING] Skipping 2025-12-11.csv: unrecognised columns ['clouds', 'temp', 'time']. Move or delete this file if it is no longer needed.
2026-02-25 20:33:01,482 [WARNING] Skipping 2025-12-12.csv: unrecognised columns ['clouds', 'temp', 'time']. Move or delete this file if it is no longer needed.
2026-02-25 20:33:01,482 [WARNING] Skipping 2025-12-13.csv: unrecognised columns ['clouds', 'temp', 'time']. Move or delete this file if it is no longer needed.
2026-02-25 20:33:01,482 [WARNING] Skipping 2025-12-14.csv: unrecognised columns ['clouds', 'temp', 'time']. Move or delete this file if it is no longer needed.
2026-02-25 20:33:01,482 [WARNING] Skipping 2025-12-15.csv: unrecognised columns ['clouds', 'temp', 'time']. Move or delete this file if it is no longer needed.
2026-02-25 20:33:01,482 [WARNING] Skipping 2025-12-16.csv: unrecognised columns ['clouds', 'temp', 'time']. Move or delete this file if it is no longer needed.
2026-02-25 20:33:01,482 [WARNING] Skipping 2025-12-17.csv: unrecognised columns ['clouds', 'temp', 'time']. Move or delete this file if it is no longer needed.
2026-02-25 20:33:01,483 [WARNING] Skipping 2025-12-18.csv: unrecognised columns ['clouds', 'temp', 'time']. Move or delete this file if it is no longer needed.
2026-02-25 20:33:01,483 [WARNING] Skipping 2025-12-19.csv: unrecognised columns ['clouds', 'temp', 'time']. Move or delete this file if it is no longer needed.
2026-02-25 20:33:01,483 [WARNING] Skipping 2025-12-20.csv: unrecognised columns ['clouds', 'temp', 'time']. Move or delete this file if it is no longer needed.
2026-02-25 20:33:01,483 [WARNING] Skipping 2025-12-21.csv: unrecognised columns ['clouds', 'temp', 'time']. Move or delete this file if it is no longer needed.
2026-02-25 20:33:01,483 [WARNING] Skipping 2025-12-22.csv: unrecognised columns ['clouds', 'temp', 'time']. Move or delete this file if it is no longer needed.
2026-02-25 20:33:01,483 [WARNING] Skipping 2025-12-23.csv: unrecognised columns ['clouds', 'temp', 'time']. Move or delete this file if it is no longer needed.
2026-02-25 20:33:01,483 [WARNING] Skipping 2025-12-24.csv: unrecognised columns ['clouds', 'temp', 'time']. Move or delete this file if it is no longer needed.
2026-02-25 20:33:01,483 [WARNING] Skipping 2025-12-25.csv: unrecognised columns ['clouds', 'temp', 'time']. Move or delete this file if it is no longer needed.
2026-02-25 20:33:01,483 [WARNING] Skipping 2025-12-26.csv: unrecognised columns ['clouds', 'temp', 'time']. Move or delete this file if it is no longer needed.
2026-02-25 20:33:01,483 [WARNING] Skipping 2025-12-27.csv: unrecognised columns ['clouds', 'temp', 'time']. Move or delete this file if it is no longer needed.
2026-02-25 20:33:01,483 [WARNING] Skipping 2025-12-28.csv: unrecognised columns ['clouds', 'temp', 'time']. Move or delete this file if it is no longer needed.
2026-02-25 20:33:01,483 [WARNING] Skipping 2025-12-29.csv: unrecognised columns ['clouds', 'temp', 'time']. Move or delete this file if it is no longer needed.
2026-02-25 20:33:01,484 [WARNING] Skipping 2025-12-30.csv: unrecognised columns ['clouds', 'temp', 'time']. Move or delete this file if it is no longer needed.
2026-02-25 20:33:01,484 [WARNING] Skipping 2025-12-31.csv: unrecognised columns ['clouds', 'temp', 'time']. Move or delete this file if it is no longer needed.
2026-02-25 20:33:01,484 [WARNING] Skipping 2026-01-01.csv: unrecognised columns ['clouds', 'temp', 'time']. Move or delete this file if it is no longer needed.
2026-02-25 20:33:01,484 [WARNING] Skipping 2026-01-02.csv: unrecognised columns ['clouds', 'temp', 'time']. Move or delete this file if it is no longer needed.
2026-02-25 20:33:01,484 [WARNING] Skipping 2026-01-03.csv: unrecognised columns ['clouds', 'temp', 'time']. Move or delete this file if it is no longer needed.
2026-02-25 20:33:01,484 [WARNING] Skipping 2026-01-04.csv: unrecognised columns ['clouds', 'temp', 'time']. Move or delete this file if it is no longer needed.
2026-02-25 20:33:01,484 [WARNING] Skipping 2026-01-05.csv: unrecognised columns ['clouds', 'temp', 'time']. Move or delete this file if it is no longer needed.
2026-02-25 20:33:01,484 [WARNING] Skipping 2026-01-06.csv: unrecognised columns ['clouds', 'temp', 'time']. Move or delete this file if it is no longer needed.
2026-02-25 20:33:01,484 [WARNING] Skipping 2026-01-07.csv: unrecognised columns ['clouds', 'temp', 'time']. Move or delete this file if it is no longer needed.
2026-02-25 20:33:01,484 [WARNING] Skipping 2026-01-08.csv: unrecognised columns ['clouds', 'temp', 'time']. Move or delete this file if it is no longer needed.
2026-02-25 20:33:01,484 [WARNING] Skipping 2026-01-09.csv: unrecognised columns ['clouds', 'temp', 'time']. Move or delete this file if it is no longer needed.
2026-02-25 20:33:01,484 [WARNING] Skipping 2026-01-10.csv: unrecognised columns ['clouds', 'temp', 'time']. Move or delete this file if it is no longer needed.
2026-02-25 20:33:01,485 [WARNING] Skipping 2026-01-11.csv: unrecognised columns ['clouds', 'temp', 'time']. Move or delete this file if it is no longer needed.
2026-02-25 20:33:01,485 [WARNING] Skipping 2026-01-12.csv: unrecognised columns ['clouds', 'temp', 'time']. Move or delete this file if it is no longer needed.
2026-02-25 20:33:01,485 [WARNING] Skipping 2026-01-14.csv: unrecognised columns ['clouds', 'temp', 'time']. Move or delete this file if it is no longer needed.
2026-02-25 20:33:01,485 [WARNING] Skipping 2026-01-15.csv: unrecognised columns ['clouds', 'temp', 'time']. Move or delete this file if it is no longer needed.
2026-02-25 20:33:01,485 [WARNING] Skipping 2026-01-19.csv: unrecognised columns ['clouds', 'temp', 'time']. Move or delete this file if it is no longer needed.
2026-02-25 20:33:01,485 [WARNING] Skipping 2026-01-22.csv: unrecognised columns ['clouds', 'temp', 'time']. Move or delete this file if it is no longer needed.
2026-02-25 20:33:01,485 [WARNING] Skipping 2026-01-27.csv: unrecognised columns ['clouds', 'temp', 'time']. Move or delete this file if it is no longer needed.
2026-02-25 20:33:01,485 [WARNING] Skipping 2026-01-28.csv: unrecognised columns ['clouds', 'temp', 'time']. Move or delete this file if it is no longer needed.
2026-02-25 20:33:01,485 [WARNING] Skipping 2026-01-29.csv: unrecognised columns ['clouds', 'temp', 'time']. Move or delete this file if it is no longer needed.
2026-02-25 20:33:01,485 [WARNING] Skipping 2026-01-30.csv: unrecognised columns ['clouds', 'temp', 'time']. Move or delete this file if it is no longer needed.
2026-02-25 20:33:01,485 [WARNING] Skipping 2026-01-31.csv: unrecognised columns ['clouds', 'temp', 'time']. Move or delete this file if it is no longer needed.
2026-02-25 20:33:01,485 [WARNING] Skipping 2026-02-01.csv: unrecognised columns ['clouds', 'temp', 'time']. Move or delete this file if it is no longer needed.
2026-02-25 20:33:01,485 [WARNING] Skipping 2026-02-02.csv: unrecognised columns ['clouds', 'temp', 'time']. Move or delete this file if it is no longer needed.
2026-02-25 20:33:01,486 [WARNING] Skipping 2026-02-03.csv: unrecognised columns ['clouds', 'temp', 'time']. Move or delete this file if it is no longer needed.
2026-02-25 20:33:01,486 [WARNING] Skipping 2026-02-08.csv: unrecognised columns ['clouds', 'temp', 'time']. Move or delete this file if it is no longer needed.
2026-02-25 20:33:01,486 [WARNING] Skipping 2026-02-11.csv: unrecognised columns ['clouds', 'temp', 'time']. Move or delete this file if it is no longer needed.
2026-02-25 20:33:01,486 [WARNING] Skipping 2026-02-12.csv: unrecognised columns ['clouds', 'temp', 'time']. Move or delete this file if it is no longer needed.
2026-02-25 20:33:01,486 [WARNING] Skipping 2026-02-13.csv: unrecognised columns ['clouds', 'temp', 'time']. Move or delete this file if it is no longer needed.
2026-02-25 20:33:01,486 [WARNING] Skipping 2026-02-14.csv: unrecognised columns ['clouds', 'temp', 'time']. Move or delete this file if it is no longer needed.
2026-02-25 20:33:01,486 [WARNING] Skipping 2026-02-15.csv: unrecognised columns ['clouds', 'temp', 'time']. Move or delete this file if it is no longer needed.
2026-02-25 20:33:01,486 [WARNING] Skipping 2026-02-16.csv: unrecognised columns ['clouds', 'temp', 'time']. Move or delete this file if it is no longer needed.
2026-02-25 20:33:01,486 [WARNING] Skipping 2026-02-17.csv: unrecognised columns ['clouds', 'temp', 'time']. Move or delete this file if it is no longer needed.
2026-02-25 20:33:01,486 [WARNING] Skipping 2026-02-18.csv: unrecognised columns ['clouds', 'temp', 'time']. Move or delete this file if it is no longer needed.
2026-02-25 20:33:01,486 [WARNING] Skipping 2026-02-19.csv: unrecognised columns ['clouds', 'temp', 'time']. Move or delete this file if it is no longer needed.
2026-02-25 20:33:01,486 [WARNING] Skipping 2026-02-20.csv: unrecognised columns ['clouds', 'temp', 'time']. Move or delete this file if it is no longer needed.
2026-02-25 20:33:01,486 [WARNING] Skipping 2026-02-21.csv: unrecognised columns ['clouds', 'temp', 'time']. Move or delete this file if it is no longer needed.
2026-02-25 20:33:01,487 [WARNING] Skipping 2026-02-22.csv: unrecognised columns ['clouds', 'temp', 'time']. Move or delete this file if it is no longer needed.
2026-02-25 20:33:01,487 [WARNING] Skipping 2026-02-23.csv: unrecognised columns ['clouds', 'temp', 'time']. Move or delete this file if it is no longer needed.
2026-02-25 20:33:01,487 [WARNING] Skipping 2026-02-24.csv: unrecognised columns ['clouds', 'temp', 'time']. Move or delete this file if it is no longer needed.
2026-02-25 20:33:01,487 [WARNING] Skipping 2026-02-25.csv: unrecognised columns ['clouds', 'temp', 'time']. Move or delete this file if it is no longer needed.
2026-02-25 20:41:52,970 [INFO] Today's summary already saved (stored_data/2026-02-25.csv). Skipping.
2026-02-25 20:41:53,206 [WARNING] Skipping 2025-11-15.csv: unrecognised columns ['18.42', '2025-11-15_mean', '73.58']. Move or delete this file if it is no longer needed.
2026-02-25 20:41:53,206 [WARNING] Skipping 2025-11-16.csv: unrecognised columns ['19.18', '2025-11-16_mean', '51.75']. Move or delete this file if it is no longer needed.
2026-02-25 20:41:53,207 [WARNING] Skipping 2025-11-17.csv: unrecognised columns ['20.28', '2025-11-17_mean', '44.67']. Move or delete this file if it is no longer needed.
2026-02-25 20:41:53,207 [WARNING] Skipping 2025-11-18.csv: unrecognised columns ['2025-11-18_mean', '21.92', '7.08']. Move or delete this file if it is no longer needed.
2026-02-25 20:41:53,207 [WARNING] Skipping 2025-11-19.csv: unrecognised columns ['2025-11-19_mean', '23.07', '3.58']. Move or delete this file if it is no longer needed.
2026-02-25 20:41:53,207 [WARNING] Skipping 2025-11-20.csv: unrecognised columns ['0.5', '2025-11-20_mean', '24.8']. Move or delete this file if it is no longer needed.
2026-02-25 20:41:53,207 [WARNING] Skipping 2025-11-21.csv: unrecognised columns ['0.0', '2025-11-21_mean', '26.71']. Move or delete this file if it is no longer needed.
2026-02-25 20:41:53,207 [WARNING] Skipping 2025-11-22.csv: unrecognised columns ['0.0', '2025-11-22_mean', '27.25']. Move or delete this file if it is no longer needed.
2026-02-25 20:41:53,207 [WARNING] Skipping 2025-11-23.csv: unrecognised columns ['13.92', '2025-11-23_mean', '25.88']. Move or delete this file if it is no longer needed.
2026-02-25 20:41:53,207 [WARNING] Skipping 2025-11-24.csv: unrecognised columns ['2025-11-24_mean', '24.12', '83.42']. Move or delete this file if it is no longer needed.
2026-02-25 20:41:53,207 [WARNING] Skipping 2025-11-25.csv: unrecognised columns ['18.91', '2025-11-25_mean', '83.75']. Move or delete this file if it is no longer needed.
2026-02-25 20:41:53,207 [WARNING] Skipping 2025-11-26.csv: unrecognised columns ['14.83', '19.22', '2025-11-26_mean']. Move or delete this file if it is no longer needed.
2026-02-25 20:41:53,208 [WARNING] Skipping 2025-11-27.csv: unrecognised columns ['20.84', '2025-11-27_mean', '8.08']. Move or delete this file if it is no longer needed.
2026-02-25 20:41:53,208 [WARNING] Skipping 2025-11-28.csv: unrecognised columns ['2025-11-28_mean', '22.38', '34.67']. Move or delete this file if it is no longer needed.
2026-02-25 20:41:53,208 [WARNING] Skipping 2025-11-29.csv: unrecognised columns ['100.0', '2025-11-29_mean', '21.78']. Move or delete this file if it is no longer needed.
2026-02-25 20:41:53,208 [WARNING] Skipping 2025-11-30.csv: unrecognised columns ['19.43', '2025-11-30_mean', '62.5']. Move or delete this file if it is no longer needed.
2026-02-25 20:41:53,208 [WARNING] Skipping 2025-12-01.csv: unrecognised columns ['18.1', '2025-12-01_mean', '55.25']. Move or delete this file if it is no longer needed.
2026-02-25 20:41:53,208 [WARNING] Skipping 2025-12-02.csv: unrecognised columns ['18.03', '2025-12-02_mean', '67.08']. Move or delete this file if it is no longer needed.
2026-02-25 20:41:53,208 [WARNING] Skipping 2025-12-03.csv: unrecognised columns ['18.78', '2025-12-03_mean', '63.08']. Move or delete this file if it is no longer needed.
2026-02-25 20:41:53,208 [WARNING] Skipping 2025-12-04.csv: unrecognised columns ['2025-12-04_mean', '21.04', '38.17']. Move or delete this file if it is no longer needed.
2026-02-25 20:41:53,208 [WARNING] Skipping 2025-12-05.csv: unrecognised columns ['2025-12-05_mean', '21.0', '64.67']. Move or delete this file if it is no longer needed.
2026-02-25 20:41:53,208 [WARNING] Skipping 2025-12-06.csv: unrecognised columns ['2025-12-06_mean', '21.18', '94.08']. Move or delete this file if it is no longer needed.
2026-02-25 20:41:53,208 [WARNING] Skipping 2025-12-07.csv: unrecognised columns ['17.95', '2025-12-07_mean', '40.5']. Move or delete this file if it is no longer needed.
2026-02-25 20:41:53,208 [WARNING] Skipping 2025-12-08.csv: unrecognised columns ['17.37', '2025-12-08_mean', '85.5']. Move or delete this file if it is no longer needed.
2026-02-25 20:41:53,209 [WARNING] Skipping 2025-12-09.csv: unrecognised columns ['15.57', '2025-12-09_mean', '99.92']. Move or delete this file if it is no longer needed.
2026-02-25 20:41:53,209 [WARNING] Skipping 2025-12-10.csv: unrecognised columns ['100.0', '15.11', '2025-12-10_mean']. Move or delete this file if it is no longer needed.
2026-02-25 20:41:53,209 [WARNING] Skipping 2025-12-11.csv: unrecognised columns ['14.8', '2025-12-11_mean', '99.73']. Move or delete this file if it is no longer needed.
2026-02-25 20:41:53,209 [WARNING] Skipping 2025-12-12.csv: unrecognised columns ['15.85', '2025-12-12_mean', '40.18']. Move or delete this file if it is no longer needed.
2026-02-25 20:41:53,209 [WARNING] Skipping 2025-12-13.csv: unrecognised columns ['16.27', '2025-12-13_mean', '56.45']. Move or delete this file if it is no longer needed.
2026-02-25 20:41:53,209 [WARNING] Skipping 2025-12-14.csv: unrecognised columns ['16.38', '2025-12-14_mean', '3.18']. Move or delete this file if it is no longer needed.
2026-02-25 20:41:53,209 [WARNING] Skipping 2025-12-15.csv: unrecognised columns ['15.46', '2025-12-15_mean', '55.64']. Move or delete this file if it is no longer needed.
2026-02-25 20:41:53,209 [WARNING] Skipping 2025-12-16.csv: unrecognised columns ['14.45', '2025-12-16_mean', '30.73']. Move or delete this file if it is no longer needed.
2026-02-25 20:41:53,209 [WARNING] Skipping 2025-12-17.csv: unrecognised columns ['12.64', '13.1', '2025-12-17_mean']. Move or delete this file if it is no longer needed.
2026-02-25 20:41:53,209 [WARNING] Skipping 2025-12-18.csv: unrecognised columns ['12.64', '14.77', '2025-12-18_mean']. Move or delete this file if it is no longer needed.
2026-02-25 20:41:53,209 [WARNING] Skipping 2025-12-19.csv: unrecognised columns ['16.18', '2025-12-19_mean', '49.36']. Move or delete this file if it is no longer needed.
2026-02-25 20:41:53,209 [WARNING] Skipping 2025-12-20.csv: unrecognised columns ['17.35', '2025-12-20_mean', '79.18']. Move or delete this file if it is no longer needed.
2026-02-25 20:41:53,210 [WARNING] Skipping 2025-12-21.csv: unrecognised columns ['16.3', '2025-12-21_mean', '81.55']. Move or delete this file if it is no longer needed.
2026-02-25 20:41:53,210 [WARNING] Skipping 2025-12-22.csv: unrecognised columns ['17.13', '2025-12-22_mean', '59.82']. Move or delete this file if it is no longer needed.
2026-02-25 20:41:53,210 [WARNING] Skipping 2025-12-23.csv: unrecognised columns ['15.85', '2025-12-23_mean', '48.0']. Move or delete this file if it is no longer needed.
2026-02-25 20:41:53,210 [WARNING] Skipping 2025-12-24.csv: unrecognised columns ['13.0', '17.25', '2025-12-24_mean']. Move or delete this file if it is no longer needed.
2026-02-25 20:41:53,210 [WARNING] Skipping 2025-12-25.csv: unrecognised columns ['16.25', '2025-12-25_mean', '6.91']. Move or delete this file if it is no longer needed.
2026-02-25 20:41:53,210 [WARNING] Skipping 2025-12-26.csv: unrecognised columns ['15.57', '2025-12-26_mean', '21.45']. Move or delete this file if it is no longer needed.
2026-02-25 20:41:53,210 [WARNING] Skipping 2025-12-27.csv: unrecognised columns ['15.25', '2025-12-27_mean', '83.73']. Move or delete this file if it is no longer needed.
2026-02-25 20:41:53,210 [WARNING] Skipping 2025-12-28.csv: unrecognised columns ['12.75', '2025-12-28_mean', '76.36']. Move or delete this file if it is no longer needed.
2026-02-25 20:41:53,210 [WARNING] Skipping 2025-12-29.csv: unrecognised columns ['14.94', '2025-12-29_mean', '82.18']. Move or delete this file if it is no longer needed.
2026-02-25 20:41:53,210 [WARNING] Skipping 2025-12-30.csv: unrecognised columns ['14.63', '2025-12-30_mean', '69.27']. Move or delete this file if it is no longer needed.
2026-02-25 20:41:53,210 [WARNING] Skipping 2025-12-31.csv: unrecognised columns ['15.51', '2025-12-31_mean', '84.73']. Move or delete this file if it is no longer needed.
2026-02-25 20:41:53,210 [WARNING] Skipping 2026-01-01.csv: unrecognised columns ['14.27', '2026-01-01_mean', '98.27']. Move or delete this file if it is no longer needed.
2026-02-25 20:41:53,211 [WARNING] Skipping 2026-01-02.csv: unrecognised columns ['13.71', '2026-01-02_mean', '59.91']. Move or delete this file if it is no longer needed.
2026-02-25 20:41:53,211 [WARNING] Skipping 2026-01-03.csv: unrecognised columns ['10.36', '12.82', '2026-01-03_mean']. Move or delete this file if it is no longer needed.
2026-02-25 20:41:53,211 [WARNING] Skipping 2026-01-04.csv: unrecognised columns ['13.78', '2026-01-04_mean', '41.36']. Move or delete this file if it is no longer needed.
2026-02-25 20:41:53,211 [WARNING] Skipping 2026-01-05.csv: unrecognised columns ['15.83', '16.27', '2026-01-05_mean']. Move or delete this file if it is no longer needed.
2026-02-25 20:41:53,211 [WARNING] Skipping 2026-01-06.csv: unrecognised columns ['17.17', '2026-01-06_mean', '45.64']. Move or delete this file if it is no longer needed.
2026-02-25 20:41:53,211 [WARNING] Skipping 2026-01-07.csv: unrecognised columns ['18.12', '2026-01-07_mean', '46.45']. Move or delete this file if it is no longer needed.
2026-02-25 20:41:53,211 [WARNING] Skipping 2026-01-08.csv: unrecognised columns ['19.82', '2026-01-08_mean', '60.91']. Move or delete this file if it is no longer needed.
2026-02-25 20:41:53,211 [WARNING] Skipping 2026-01-09.csv: unrecognised columns ['14.68', '2026-01-09_mean', '85.09']. Move or delete this file if it is no longer needed.
2026-02-25 20:41:53,211 [WARNING] Skipping 2026-01-10.csv: unrecognised columns ['16.39', '2026-01-10_mean', '65.0']. Move or delete this file if it is no longer needed.
2026-02-25 20:41:53,211 [WARNING] Skipping 2026-01-11.csv: unrecognised columns ['16.29', '2026-01-11_mean', '9.64']. Move or delete this file if it is no longer needed.
2026-02-25 20:41:53,211 [WARNING] Skipping 2026-01-12.csv: unrecognised columns ['12.25', '2026-01-12_mean', '68.5']. Move or delete this file if it is no longer needed.
2026-02-25 20:41:53,212 [WARNING] Skipping 2026-01-14.csv: unrecognised columns ['13.48', '2026-01-14_mean', '65.45']. Move or delete this file if it is no longer needed.
2026-02-25 20:41:53,212 [WARNING] Skipping 2026-01-15.csv: unrecognised columns ['12.82', '18.45', '2026-01-15_mean']. Move or delete this file if it is no longer needed.
2026-02-25 20:41:53,212 [WARNING] Skipping 2026-01-19.csv: unrecognised columns ['11.54', '2026-01-19_mean', '56.55']. Move or delete this file if it is no longer needed.
2026-02-25 20:41:53,212 [WARNING] Skipping 2026-01-22.csv: unrecognised columns ['10.65', '100.0', '2026-01-22_mean']. Move or delete this file if it is no longer needed.
2026-02-25 20:41:53,212 [WARNING] Skipping 2026-01-27.csv: unrecognised columns ['16.18', '2026-01-27_mean', '72.91']. Move or delete this file if it is no longer needed.
2026-02-25 20:41:53,212 [WARNING] Skipping 2026-01-28.csv: unrecognised columns ['13.47', '2026-01-28_mean', '87.64']. Move or delete this file if it is no longer needed.
2026-02-25 20:41:53,212 [WARNING] Skipping 2026-01-29.csv: unrecognised columns ['14.71', '2026-01-29_mean', '83.82']. Move or delete this file if it is no longer needed.
2026-02-25 20:41:53,212 [WARNING] Skipping 2026-01-30.csv: unrecognised columns ['16.86', '2026-01-30_mean', '87.09']. Move or delete this file if it is no longer needed.
2026-02-25 20:41:53,212 [WARNING] Skipping 2026-01-31.csv: unrecognised columns ['18.4', '2026-01-31_mean', '37.45']. Move or delete this file if it is no longer needed.
2026-02-25 20:41:53,212 [WARNING] Skipping 2026-02-01.csv: unrecognised columns ['20.86', '2026-02-01_mean', '40.36']. Move or delete this file if it is no longer needed.
2026-02-25 20:41:53,212 [WARNING] Skipping 2026-02-02.csv: unrecognised columns ['20.47', '2026-02-02_mean', '22.18']. Move or delete this file if it is no longer needed.
2026-02-25 20:41:53,213 [WARNING] Skipping 2026-02-03.csv: unrecognised columns ['16.04', '2026-02-03_mean', '64.36']. Move or delete this file if it is no longer needed.
2026-02-25 20:41:53,213 [WARNING] Skipping 2026-02-08.csv: unrecognised columns ['18.76', '2026-02-08_mean', '58.9']. Move or delete this file if it is no longer needed.
2026-02-25 20:41:53,213 [WARNING] Skipping 2026-02-11.csv: unrecognised columns ['16.53', '2026-02-11_mean', '61.83']. Move or delete this file if it is no longer needed.
2026-02-25 20:41:53,213 [WARNING] Skipping 2026-02-12.csv: unrecognised columns ['18.82', '2026-02-12_mean', '90.67']. Move or delete this file if it is no longer needed.
2026-02-25 20:41:53,213 [WARNING] Skipping 2026-02-13.csv: unrecognised columns ['2026-02-13_mean', '21.36', '81.33']. Move or delete this file if it is no longer needed.
2026-02-25 20:41:53,213 [WARNING] Skipping 2026-02-14.csv: unrecognised columns ['16.73', '2026-02-14_mean', '52.67']. Move or delete this file if it is no longer needed.
2026-02-25 20:41:53,213 [WARNING] Skipping 2026-02-15.csv: unrecognised columns ['15.82', '2026-02-15_mean', '21.06']. Move or delete this file if it is no longer needed.
2026-02-25 20:41:53,213 [WARNING] Skipping 2026-02-16.csv: unrecognised columns ['20.29', '2026-02-16_mean', '28.72']. Move or delete this file if it is no longer needed.
2026-02-25 20:41:53,213 [WARNING] Skipping 2026-02-17.csv: unrecognised columns ['17.86', '2026-02-17_mean', '87.17']. Move or delete this file if it is no longer needed.
2026-02-25 20:41:53,213 [WARNING] Skipping 2026-02-18.csv: unrecognised columns ['15.37', '2026-02-18_mean', '26.39']. Move or delete this file if it is no longer needed.
2026-02-25 20:41:53,213 [WARNING] Skipping 2026-02-19.csv: unrecognised columns ['15.67', '2026-02-19_mean', '62.17']. Move or delete this file if it is no longer needed.
2026-02-25 20:41:53,213 [WARNING] Skipping 2026-02-20.csv: unrecognised columns ['0.0', '14.63', '2026-02-20_mean']. Move or delete this file if it is no longer needed.
2026-02-25 20:41:53,214 [WARNING] Skipping 2026-02-21.csv: unrecognised columns ['10.28', '18.91', '2026-02-21_mean']. Move or delete this file if it is no longer needed.
2026-02-25 20:41:53,214 [WARNING] Skipping 2026-02-22.csv: unrecognised columns ['15.41', '2026-02-22_mean', '56.53']. Move or delete this file if it is no longer needed.
2026-02-25 20:41:53,214 [WARNING] Skipping 2026-02-23.csv: unrecognised columns ['13.16', '2026-02-23_mean', '69.65']. Move or delete this file if it is no longer needed.
2026-02-25 20:41:53,214 [WARNING] Skipping 2026-02-24.csv: unrecognised columns ['13.21', '2026-02-24_mean', '59.57']. Move or delete this file if it is no longer needed.
2026-02-25 20:41:53,214 [WARNING] Skipping 2026-02-25.csv: unrecognised columns ['14.18', '2026-02-25_mean', '50.7']. Move or delete this file if it is no longer needed.
2026-02-25 20:45:43,943 [INFO] Today's summary already saved (stored_data/2026-02-25.csv). Skipping.
2026-02-25 20:46:43,605 [INFO] Calculated → effective_temp=15.32°C | duration=100 min | slider1=100 min | slider2=0 min
2026-02-25 20:46:43,606 [INFO] Sending values to Home Assistant...
2026-02-25 20:46:43,615 [INFO] HA is reachable.
2026-02-25 20:46:43,623 [INFO]   ✓ Set input_number.boiler_duration_helper = 100 min
2026-02-25 20:46:43,655 [INFO]   ✓ Set input_number.boiler_duration_helper_2nd = 0 min
2026-02-25 20:46:43,668 [INFO]   ✓ Triggered script.start_waterheater_using_ui
2026-02-25 20:46:43,668 [INFO] HA execution complete.
2026-02-25 20:46:43,669 [INFO] [20:46:43] CSV saved → HA status: OK
2026-02-25 21:05:49,292 [INFO] Today's summary already saved (stored_data/2026-02-25.csv). Skipping.
2026-02-25 21:07:03,715 [INFO] Today's summary already saved (stored_data/2026-02-25.csv). Skipping.
2026-02-25 21:10:03,573 [INFO] Today's summary already saved (stored_data/2026-02-25.csv). Skipping.
2026-02-25 21:31:44,312 [INFO] Today's summary already saved (stored_data/2026-02-25.csv). Skipping.
2026-02-26 18:49:34,827 [INFO] [Scheduler] Startup: past init hour, fetching sun times...
2026-02-26 18:49:35,244 [INFO] Sun times → sunrise=06:10  sunset=17:33
2026-02-26 18:49:35,245 [INFO] [Scheduler] Startup: past trigger time, no CSV → EXECUTE
2026-02-26 18:49:35,246 [INFO] [Scheduler] → EXECUTE
2026-02-26 18:49:35,247 [ERROR] [Scheduler] EXECUTE failed: 'DataManager' object has no attribute 'execute_today' → WAIT_INIT
2026-02-26 18:49:35,248 [INFO] [Scheduler] → WAIT_INIT
2026-02-26 18:49:35,250 [INFO] [Scheduler] WAIT_INIT: next init at 2026-02-27 05:00 (10.2h away)
2026-02-26 18:50:18,353 [INFO] [Scheduler] Startup: past init hour, fetching sun times...
2026-02-26 18:50:18,655 [INFO] Sun times → sunrise=06:10  sunset=17:33
2026-02-26 18:50:18,655 [INFO] [Scheduler] Startup: past trigger time, no CSV → EXECUTE
2026-02-26 18:50:18,655 [INFO] [Scheduler] → EXECUTE
2026-02-26 18:50:18,656 [ERROR] [Scheduler] EXECUTE failed: 'DataManager' object has no attribute 'execute_today' → WAIT_INIT
2026-02-26 18:50:18,656 [INFO] [Scheduler] → WAIT_INIT
2026-02-26 18:50:18,657 [INFO] [Scheduler] WAIT_INIT: next init at 2026-02-27 05:00 (10.2h away)
2026-02-26 18:53:12,301 [INFO] [Scheduler] Startup: past init hour, fetching sun times...
2026-02-26 18:53:12,586 [INFO] Sun times → sunrise=06:10  sunset=17:33
2026-02-26 18:53:12,586 [INFO] [Scheduler] Startup: past trigger time, no CSV → EXECUTE
2026-02-26 18:53:12,587 [INFO] [Scheduler] → EXECUTE
2026-02-26 18:53:12,881 [INFO] Collected 12 measured hour(s) between 06:10 and 18:53
2026-02-26 18:53:12,882 [INFO] Calculated → effective_temp=14.38°C | duration=114 min | slider1=114 | slider2=0
2026-02-26 18:53:12,882 [INFO] Sending values to Home Assistant...
2026-02-26 18:53:12,890 [INFO] HA is reachable.
2026-02-26 18:53:12,900 [INFO]   ✓ Set input_number.boiler_duration_helper = 114 min
2026-02-26 18:53:12,909 [INFO]   ✓ Set input_number.boiler_duration_helper_2nd = 0 min
2026-02-26 18:53:12,921 [INFO]   ✓ Triggered script.start_waterheater_using_ui
2026-02-26 18:53:12,921 [INFO] HA execution complete.
2026-02-26 18:53:12,921 [ERROR] [Scheduler] EXECUTE failed: name 'filename' is not defined → WAIT_INIT
2026-02-26 18:53:12,921 [INFO] [Scheduler] → WAIT_INIT
2026-02-26 18:53:12,922 [INFO] [Scheduler] WAIT_INIT: next init at 2026-02-27 05:00 (10.1h away)
2026-02-26 18:55:27,626 [INFO] [Scheduler] Startup: past init hour, fetching sun times...
2026-02-26 18:55:27,926 [INFO] Sun times → sunrise=06:10  sunset=17:33
2026-02-26 18:55:27,926 [INFO] [Scheduler] Startup: past trigger time, no CSV → EXECUTE
2026-02-26 18:55:27,926 [INFO] [Scheduler] → EXECUTE
2026-02-26 18:55:28,217 [INFO] Collected 12 measured hour(s) between 06:10 and 18:55
2026-02-26 18:55:28,218 [INFO] Calculated → effective_temp=14.38°C | duration=114 min | slider1=114 | slider2=0
2026-02-26 18:55:28,218 [INFO] Sending values to Home Assistant...
2026-02-26 18:55:28,226 [INFO] HA is reachable.
2026-02-26 18:55:28,234 [INFO]   ✓ Set input_number.boiler_duration_helper = 114 min
2026-02-26 18:55:28,242 [INFO]   ✓ Set input_number.boiler_duration_helper_2nd = 0 min
2026-02-26 18:55:28,255 [INFO]   ✓ Triggered script.start_waterheater_using_ui
2026-02-26 18:55:28,255 [INFO] HA execution complete.
2026-02-26 18:55:28,256 [INFO] [18:55:28] CSV saved → HA status: OK
2026-02-26 18:55:28,256 [INFO] [Scheduler] EXECUTE: done for today → WAIT_INIT
2026-02-26 18:55:28,256 [INFO] [Scheduler] → WAIT_INIT
2026-02-26 18:55:28,257 [INFO] [Scheduler] WAIT_INIT: next init at 2026-02-27 05:00 (10.1h away)
2026-02-26 19:09:24,895 [INFO] [Scheduler] Startup: today already done → WAIT_INIT
2026-02-26 19:09:24,896 [INFO] [Scheduler] → WAIT_INIT
2026-02-26 19:09:25,000 [INFO] [Scheduler] WAIT_INIT: next init at 2026-02-27 05:00 (9.8h away)
2026-02-26 19:16:29,201 [INFO] [Scheduler] Startup: today already done → WAIT_INIT
2026-02-26 19:16:29,201 [INFO] [Scheduler] → WAIT_INIT
2026-02-26 19:16:29,206 [INFO] [Scheduler] WAIT_INIT: next init at 2026-02-27 05:00 (9.7h away)
2026-04-03 19:59:45,063 [INFO] Executing...
2026-04-03 20:00:17,886 [INFO] Executing...
2026-04-03 20:04:35,367 [INFO] Executing...
2026-04-04 06:59:19,984 [INFO] Loaded runtime settings from runtime_settings.json
2026-04-04 06:59:19,985 [INFO] Runtime settings loaded: target=18:45, cloud_penalty=3.0
2026-04-04 06:59:19,986 [INFO] Created daily_log.csv
2026-04-04 06:59:20,244 [INFO] Scheduler initialized: target=18:45, first_check=16:45
2026-04-04 06:59:20,287 [INFO] Scheduler started.
2026-04-04 06:59:20,396 [INFO] Waiting until first check at 16:45 (9.8h)
2026-04-04 07:00:23,761 [WARNING] No record found for today — cannot retry HA.
2026-04-04 07:04:20,397 [INFO] Waiting until first check at 16:45 (9.7h)
2026-04-04 07:09:20,397 [INFO] Waiting until first check at 16:45 (9.6h)
2026-04-04 07:21:00,887 [INFO] Loaded runtime settings from runtime_settings.json
2026-04-04 07:21:00,887 [INFO] Runtime settings loaded: target=18:45, cloud_penalty=3.0
2026-04-04 07:21:01,107 [INFO] Scheduler initialized: target=18:45, first_check=16:45
2026-04-04 07:21:01,146 [INFO] Scheduler started.
2026-04-04 07:21:01,277 [INFO] Waiting until first check at 16:45 (9.4h)
2026-04-04 07:21:15,793 [INFO] Scheduler stopped.
2026-04-04 07:21:19,254 [INFO] Loaded runtime settings from runtime_settings.json
2026-04-04 07:21:19,255 [INFO] Runtime settings loaded: target=18:45, cloud_penalty=3.0
2026-04-04 07:21:19,494 [INFO] Scheduler initialized: target=18:45, first_check=16:45
2026-04-04 07:21:19,545 [INFO] Scheduler started.
2026-04-04 07:21:19,670 [INFO] Waiting until first check at 16:45 (9.4h)
2026-04-04 07:26:19,671 [INFO] Waiting until first check at 16:45 (9.3h)
2026-04-04 07:31:19,671 [INFO] Waiting until first check at 16:45 (9.2h)
2026-04-04 07:36:19,673 [INFO] Waiting until first check at 16:45 (9.1h)
2026-04-04 07:41:19,674 [INFO] Waiting until first check at 16:45 (9.1h)
2026-04-04 07:46:19,676 [INFO] Waiting until first check at 16:45 (9.0h)
2026-04-04 07:51:19,677 [INFO] Waiting until first check at 16:45 (8.9h)
2026-04-04 07:56:19,678 [INFO] Waiting until first check at 16:45 (8.8h)
2026-04-04 08:01:19,679 [INFO] Waiting until first check at 16:45 (8.7h)
2026-04-04 08:06:19,680 [INFO] Waiting until first check at 16:45 (8.6h)
2026-04-04 08:11:19,681 [INFO] Waiting until first check at 16:45 (8.6h)
2026-04-04 08:16:19,682 [INFO] Waiting until first check at 16:45 (8.5h)
2026-04-04 08:21:19,683 [INFO] Waiting until first check at 16:45 (8.4h)
2026-04-04 08:26:19,685 [INFO] Waiting until first check at 16:45 (8.3h)
2026-04-04 08:31:19,686 [INFO] Waiting until first check at 16:45 (8.2h)
2026-04-04 08:36:19,687 [INFO] Waiting until first check at 16:45 (8.1h)
2026-04-04 08:41:19,688 [INFO] Waiting until first check at 16:45 (8.1h)
2026-04-04 08:46:19,689 [INFO] Waiting until first check at 16:45 (8.0h)
2026-04-04 08:51:19,690 [INFO] Waiting until first check at 16:45 (7.9h)
2026-04-04 08:56:19,691 [INFO] Waiting until first check at 16:45 (7.8h)
2026-04-04 09:01:19,692 [INFO] Waiting until first check at 16:45 (7.7h)
2026-04-04 09:06:19,693 [INFO] Waiting until first check at 16:45 (7.6h)
2026-04-04 09:11:19,695 [INFO] Waiting until first check at 16:45 (7.6h)
2026-04-04 09:16:19,695 [INFO] Waiting until first check at 16:45 (7.5h)
2026-04-04 09:21:19,696 [INFO] Waiting until first check at 16:45 (7.4h)
2026-04-04 09:26:19,697 [INFO] Waiting until first check at 16:45 (7.3h)
2026-04-04 09:31:19,699 [INFO] Waiting until first check at 16:45 (7.2h)
2026-04-04 09:36:19,700 [INFO] Waiting until first check at 16:45 (7.1h)
2026-04-04 09:41:19,701 [INFO] Waiting until first check at 16:45 (7.1h)
2026-04-04 09:46:19,703 [INFO] Waiting until first check at 16:45 (7.0h)
2026-04-04 09:51:19,704 [INFO] Waiting until first check at 16:45 (6.9h)
2026-04-04 09:56:19,705 [INFO] Waiting until first check at 16:45 (6.8h)
2026-04-04 10:01:19,706 [INFO] Waiting until first check at 16:45 (6.7h)
2026-04-04 10:06:19,707 [INFO] Waiting until first check at 16:45 (6.6h)
2026-04-04 10:11:19,708 [INFO] Waiting until first check at 16:45 (6.6h)
2026-04-04 10:16:19,709 [INFO] Waiting until first check at 16:45 (6.5h)
2026-04-04 10:21:19,710 [INFO] Waiting until first check at 16:45 (6.4h)
2026-04-04 10:26:19,711 [INFO] Waiting until first check at 16:45 (6.3h)
2026-04-04 10:31:19,713 [INFO] Waiting until first check at 16:45 (6.2h)
2026-04-04 10:36:19,714 [INFO] Waiting until first check at 16:45 (6.1h)
2026-04-04 10:41:19,715 [INFO] Waiting until first check at 16:45 (6.1h)
2026-04-04 10:46:19,716 [INFO] Waiting until first check at 16:45 (6.0h)
2026-04-04 10:51:19,717 [INFO] Waiting until first check at 16:45 (5.9h)
2026-04-04 10:56:19,718 [INFO] Waiting until first check at 16:45 (5.8h)
2026-04-04 11:01:19,719 [INFO] Waiting until first check at 16:45 (5.7h)
2026-04-04 11:06:19,720 [INFO] Waiting until first check at 16:45 (5.6h)
2026-04-04 11:11:19,721 [INFO] Waiting until first check at 16:45 (5.6h)
2026-04-04 11:16:19,722 [INFO] Waiting until first check at 16:45 (5.5h)
2026-04-04 11:21:19,725 [INFO] Waiting until first check at 16:45 (5.4h)
2026-04-04 11:26:19,727 [INFO] Waiting until first check at 16:45 (5.3h)
2026-04-04 11:31:19,728 [INFO] Waiting until first check at 16:45 (5.2h)
2026-04-04 11:36:19,729 [INFO] Waiting until first check at 16:45 (5.1h)
2026-04-04 11:41:19,730 [INFO] Waiting until first check at 16:45 (5.1h)
2026-04-04 11:46:19,732 [INFO] Waiting until first check at 16:45 (5.0h)
2026-04-04 11:51:19,733 [INFO] Waiting until first check at 16:45 (4.9h)
2026-04-04 11:56:19,734 [INFO] Waiting until first check at 16:45 (4.8h)
2026-04-04 12:01:19,735 [INFO] Waiting until first check at 16:45 (4.7h)
2026-04-04 12:06:19,736 [INFO] Waiting until first check at 16:45 (4.6h)
2026-04-04 12:11:19,737 [INFO] Waiting until first check at 16:45 (4.6h)
2026-04-04 12:16:19,738 [INFO] Waiting until first check at 16:45 (4.5h)
2026-04-04 12:21:19,738 [INFO] Waiting until first check at 16:45 (4.4h)
2026-04-04 12:26:19,739 [INFO] Waiting until first check at 16:45 (4.3h)
2026-04-04 12:31:19,741 [INFO] Waiting until first check at 16:45 (4.2h)
2026-04-04 12:36:19,742 [INFO] Waiting until first check at 16:45 (4.1h)
2026-04-04 12:41:19,744 [INFO] Waiting until first check at 16:45 (4.1h)
2026-04-04 12:46:19,745 [INFO] Waiting until first check at 16:45 (4.0h)
2026-04-04 12:51:19,746 [INFO] Waiting until first check at 16:45 (3.9h)
2026-04-04 12:56:19,748 [INFO] Waiting until first check at 16:45 (3.8h)
2026-04-04 13:01:19,749 [INFO] Waiting until first check at 16:45 (3.7h)
2026-04-04 13:06:19,750 [INFO] Waiting until first check at 16:45 (3.6h)
2026-04-04 13:11:19,751 [INFO] Waiting until first check at 16:45 (3.6h)
2026-04-04 13:16:19,751 [INFO] Waiting until first check at 16:45 (3.5h)
2026-04-04 13:21:19,752 [INFO] Waiting until first check at 16:45 (3.4h)
2026-04-04 13:26:19,753 [INFO] Waiting until first check at 16:45 (3.3h)
2026-04-04 13:31:19,755 [INFO] Waiting until first check at 16:45 (3.2h)
2026-04-04 13:36:19,756 [INFO] Waiting until first check at 16:45 (3.1h)
2026-04-04 13:41:19,758 [INFO] Waiting until first check at 16:45 (3.1h)
2026-04-04 13:46:19,759 [INFO] Waiting until first check at 16:45 (3.0h)
2026-04-04 13:51:19,760 [INFO] Waiting until first check at 16:45 (2.9h)
2026-04-04 13:56:19,762 [INFO] Waiting until first check at 16:45 (2.8h)
2026-04-04 14:01:19,763 [INFO] Waiting until first check at 16:45 (2.7h)
2026-04-04 14:06:19,764 [INFO] Waiting until first check at 16:45 (2.6h)
2026-04-04 14:11:19,766 [INFO] Waiting until first check at 16:45 (2.6h)
2026-04-04 14:16:19,767 [INFO] Waiting until first check at 16:45 (2.5h)
2026-04-04 14:21:19,768 [INFO] Waiting until first check at 16:45 (2.4h)
2026-04-04 14:26:19,771 [INFO] Waiting until first check at 16:45 (2.3h)
2026-04-04 14:31:19,771 [INFO] Waiting until first check at 16:45 (2.2h)
2026-04-04 14:36:19,773 [INFO] Waiting until first check at 16:45 (2.1h)
2026-04-04 14:41:19,774 [INFO] Waiting until first check at 16:45 (2.1h)
2026-04-04 14:46:19,777 [INFO] Waiting until first check at 16:45 (2.0h)
2026-04-04 14:51:19,778 [INFO] Waiting until first check at 16:45 (1.9h)
2026-04-04 14:56:19,781 [INFO] Waiting until first check at 16:45 (1.8h)
2026-04-04 15:01:19,796 [INFO] Waiting until first check at 16:45 (1.7h)
2026-04-04 15:06:19,797 [INFO] Waiting until first check at 16:45 (1.6h)
2026-04-04 15:11:19,798 [INFO] Waiting until first check at 16:45 (1.6h)
2026-04-04 15:16:19,799 [INFO] Waiting until first check at 16:45 (1.5h)
2026-04-04 15:21:19,800 [INFO] Waiting until first check at 16:45 (1.4h)
2026-04-04 15:26:19,800 [INFO] Waiting until first check at 16:45 (1.3h)
2026-04-04 15:31:19,801 [INFO] Waiting until first check at 16:45 (1.2h)
2026-04-04 15:36:19,803 [INFO] Waiting until first check at 16:45 (1.1h)
2026-04-04 15:41:19,804 [INFO] Waiting until first check at 16:45 (1.1h)
2026-04-04 15:46:19,805 [INFO] Waiting until first check at 16:45 (1.0h)
2026-04-04 15:51:19,807 [INFO] Waiting until first check at 16:45 (0.9h)
2026-04-04 15:56:19,808 [INFO] Waiting until first check at 16:45 (0.8h)
2026-04-04 16:01:19,809 [INFO] Waiting until first check at 16:45 (0.7h)
2026-04-04 16:06:19,811 [INFO] Waiting until first check at 16:45 (0.6h)
2026-04-04 16:11:19,811 [INFO] Waiting until first check at 16:45 (0.6h)
2026-04-04 16:16:19,812 [INFO] Waiting until first check at 16:45 (0.5h)
2026-04-04 16:21:19,813 [INFO] Waiting until first check at 16:45 (0.4h)
2026-04-04 16:26:19,815 [INFO] Waiting until first check at 16:45 (0.3h)
2026-04-04 16:31:19,816 [INFO] Waiting until first check at 16:45 (0.2h)
2026-04-04 16:36:19,818 [INFO] Waiting until first check at 16:45 (0.1h)
2026-04-04 16:41:19,819 [INFO] Waiting until first check at 16:45 (0.1h)
2026-04-04 16:45:00,000 [INFO] === Starting daily calculation ===
2026-04-04 16:45:00,377 [INFO] Sun times → sunrise=06:23  sunset=19:01
2026-04-04 16:45:00,740 [INFO] Collected 10 measured hour(s) between 06:23 and 16:45
2026-04-04 16:45:00,741 [ERROR] Calculation failed: list index out of range. Retrying in 10 min.
2026-04-04 16:55:00,741 [INFO] === Starting daily calculation ===
2026-04-04 16:55:01,047 [INFO] Sun times → sunrise=06:23  sunset=19:01
2026-04-04 16:55:01,346 [INFO] Collected 10 measured hour(s) between 06:23 and 16:55
2026-04-04 16:55:01,347 [ERROR] Calculation failed: list index out of range. Retrying in 10 min.
2026-04-04 17:05:01,347 [INFO] === Starting daily calculation ===
2026-04-04 17:05:01,670 [INFO] Sun times → sunrise=06:23  sunset=19:01
2026-04-04 17:05:01,984 [INFO] Collected 11 measured hour(s) between 06:23 and 17:05
2026-04-04 17:05:01,985 [ERROR] Calculation failed: list index out of range. Retrying in 10 min.
2026-04-04 17:15:01,985 [INFO] === Starting daily calculation ===
2026-04-04 17:15:02,313 [INFO] Sun times → sunrise=06:23  sunset=19:01
2026-04-04 17:15:02,627 [INFO] Collected 11 measured hour(s) between 06:23 and 17:15
2026-04-04 17:15:02,627 [ERROR] Calculation failed: list index out of range. Retrying in 10 min.
2026-04-04 17:25:02,628 [INFO] === Starting daily calculation ===
2026-04-04 17:25:02,950 [INFO] Sun times → sunrise=06:23  sunset=19:01
2026-04-04 17:25:03,261 [INFO] Collected 11 measured hour(s) between 06:23 and 17:25
2026-04-04 17:25:03,261 [ERROR] Calculation failed: list index out of range. Retrying in 10 min.
2026-04-04 17:35:03,262 [INFO] === Starting daily calculation ===
2026-04-04 17:35:03,585 [INFO] Sun times → sunrise=06:23  sunset=19:01
2026-04-04 17:35:03,900 [INFO] Collected 11 measured hour(s) between 06:23 and 17:35
2026-04-04 17:35:03,901 [ERROR] Calculation failed: list index out of range. Retrying in 10 min.
2026-04-04 17:45:03,901 [INFO] === Starting daily calculation ===
2026-04-04 17:45:04,222 [INFO] Sun times → sunrise=06:23  sunset=19:01
2026-04-04 17:45:04,546 [INFO] Collected 11 measured hour(s) between 06:23 and 17:45
2026-04-04 17:45:04,546 [ERROR] Calculation failed: list index out of range. Retrying in 10 min.
2026-04-04 17:55:04,546 [INFO] === Starting daily calculation ===
2026-04-04 17:55:04,860 [INFO] Sun times → sunrise=06:23  sunset=19:01
2026-04-04 17:55:05,166 [INFO] Collected 11 measured hour(s) between 06:23 and 17:55
2026-04-04 17:55:05,166 [ERROR] Calculation failed: list index out of range. Retrying in 10 min.
2026-04-04 18:05:05,167 [INFO] === Starting daily calculation ===
2026-04-04 18:05:05,463 [INFO] Sun times → sunrise=06:23  sunset=19:01
2026-04-04 18:05:05,790 [INFO] Collected 12 measured hour(s) between 06:23 and 18:05
2026-04-04 18:05:05,791 [ERROR] Calculation failed: list index out of range. Retrying in 10 min.
2026-04-04 18:15:05,791 [INFO] === Starting daily calculation ===
2026-04-04 18:15:06,119 [INFO] Sun times → sunrise=06:23  sunset=19:01
2026-04-04 18:15:06,436 [INFO] Collected 12 measured hour(s) between 06:23 and 18:15
2026-04-04 18:15:06,436 [ERROR] Calculation failed: list index out of range. Retrying in 10 min.
2026-04-04 18:25:06,437 [INFO] === Starting daily calculation ===
2026-04-04 18:25:06,769 [INFO] Sun times → sunrise=06:23  sunset=19:01
2026-04-04 18:25:07,069 [INFO] Collected 12 measured hour(s) between 06:23 and 18:25
2026-04-04 18:25:07,069 [ERROR] Calculation failed: list index out of range. Retrying in 10 min.
2026-04-04 18:29:49,039 [INFO] Loaded runtime settings from runtime_settings.json
2026-04-04 18:29:49,039 [INFO] Runtime settings loaded: target=18:45, cloud_penalty=3.0
2026-04-04 18:29:49,289 [INFO] Scheduler initialized: target=18:45, first_check=16:45
2026-04-04 18:29:49,326 [INFO] === Starting daily calculation ===
2026-04-04 18:29:49,326 [INFO] Scheduler started.
2026-04-04 18:29:49,788 [INFO] Sun times → sunrise=06:23  sunset=19:01
2026-04-04 18:29:50,108 [INFO] Collected 12 measured hour(s) between 06:23 and 18:29
2026-04-04 18:29:50,109 [ERROR] Calculation failed: list index out of range. Retrying in 10 min.
2026-04-04 18:33:36,624 [INFO] Scheduler stopped.
2026-04-04 18:39:48,939 [INFO] Loaded runtime settings from runtime_settings.json
2026-04-04 18:39:48,939 [INFO] Runtime settings loaded: target=18:45, cloud_penalty=3.0
2026-04-04 18:39:49,223 [INFO] Scheduler initialized: target=18:45, first_check=16:45
2026-04-04 18:39:49,410 [INFO] === Starting daily calculation ===
2026-04-04 18:39:49,411 [INFO] Scheduler started.
2026-04-04 18:39:49,912 [INFO] Sun times → sunrise=06:23  sunset=19:01
2026-04-04 18:39:50,205 [INFO] Collected 12 measured hour(s) between 06:23 and 18:39
2026-04-04 18:39:50,205 [ERROR] Calculation failed: list index out of range. Retrying in 10 min.
2026-04-04 18:42:01,785 [INFO] Saved runtime settings to runtime_settings.json
2026-04-04 18:42:01,785 [INFO] Saved runtime settings to runtime_settings.json
2026-04-04 18:42:01,785 [INFO] Saved runtime settings to runtime_settings.json
2026-04-04 18:42:01,786 [INFO] Settings updated: target=18:45, cloud_penalty=3.0, check_time=16:45
2026-04-04 18:42:12,252 [INFO] Loaded runtime settings from runtime_settings.json
2026-04-04 18:42:12,252 [INFO] Runtime settings loaded: target=18:45, cloud_penalty=3.0
2026-04-04 18:42:12,463 [INFO] Scheduler initialized: target=18:45, first_check=16:45
2026-04-04 18:42:12,751 [INFO] === Starting daily calculation ===
2026-04-04 18:42:12,751 [INFO] Scheduler started.
2026-04-04 18:42:13,280 [INFO] Sun times → sunrise=06:23  sunset=19:01
2026-04-04 18:42:13,566 [INFO] Collected 12 measured hour(s) between 06:23 and 18:42
2026-04-04 18:42:13,566 [INFO] Calculated: duration=78min, first_run=78min
2026-04-04 18:42:13,566 [INFO] Target ready time: 18:45
2026-04-04 18:42:13,566 [INFO] Calculated trigger time: 17:27
2026-04-04 18:42:13,566 [WARNING] Trigger time is in the past! Executing immediately.
2026-04-04 18:42:13,567 [INFO] === EXECUTING BOILER CONTROL ===
2026-04-04 18:42:13,854 [INFO] Collected 12 measured hour(s) between 06:23 and 18:42
2026-04-04 18:42:13,854 [INFO] Calculated → effective_temp=18.58°C | duration=78 min | slider1=78 | slider2=0
2026-04-04 18:42:13,854 [INFO] Sending values to Home Assistant...
2026-04-04 18:42:13,861 [INFO] HA is reachable.
2026-04-04 18:42:13,870 [INFO]   ✓ Set input_number.boiler_duration_helper = 78 min
2026-04-04 18:42:13,878 [INFO]   ✓ Set input_number.boiler_duration_helper_2nd = 0 min
2026-04-04 18:42:13,886 [INFO]   ✓ Triggered script.start_waterheater_using_ui
2026-04-04 18:42:13,887 [INFO] HA execution complete.
2026-04-04 18:42:13,889 [INFO] Saved record for 2026-04-04 to daily_log.csv
2026-04-04 18:42:13,889 [INFO] [18:42:13] CSV saved → HA status: OK
2026-04-04 18:42:13,889 [INFO] === EXECUTION COMPLETE ===
2026-04-04 18:42:13,892 [INFO] Already executed today. Sleeping until tomorrow (5.3h)
2026-04-04 18:47:13,893 [INFO] Already executed today. Sleeping until tomorrow (5.2h)
2026-04-04 18:48:01,467 [INFO] Saved runtime settings to runtime_settings.json
2026-04-04 18:48:01,467 [INFO] Saved runtime settings to runtime_settings.json
2026-04-04 18:48:01,468 [INFO] Saved runtime settings to runtime_settings.json
2026-04-04 18:48:01,468 [INFO] Settings updated: target=18:45, cloud_penalty=3.0, check_time=16:45
2026-04-04 18:48:23,608 [INFO] Loaded runtime settings from runtime_settings.json
2026-04-04 18:48:23,609 [INFO] Runtime settings loaded: target=18:45, cloud_penalty=3.0
2026-04-04 18:48:23,893 [INFO] Scheduler initialized: target=18:45, first_check=16:45
2026-04-04 18:48:24,459 [INFO] Scheduler started.
2026-04-04 18:48:24,812 [INFO] Already executed today. Sleeping until tomorrow (5.2h)
2026-04-04 18:49:47,595 [INFO] Sending values to Home Assistant...
2026-04-04 18:49:47,604 [INFO] HA is reachable.
2026-04-04 18:49:47,612 [INFO]   ✓ Set input_number.boiler_duration_helper = 78 min
2026-04-04 18:49:47,620 [INFO]   ✓ Set input_number.boiler_duration_helper_2nd = 0 min
2026-04-04 18:49:47,629 [INFO]   ✓ Triggered script.start_waterheater_using_ui
2026-04-04 18:49:47,629 [INFO] HA execution complete.
2026-04-04 18:49:47,632 [INFO] Retry HA complete → OK
2026-04-04 18:53:24,813 [INFO] Already executed today. Sleeping until tomorrow (5.1h)
2026-04-04 18:53:29,815 [INFO] Saved runtime settings to runtime_settings.json
2026-04-04 18:53:29,816 [INFO] Saved runtime settings to runtime_settings.json
2026-04-04 18:53:29,818 [INFO] Saved runtime settings to runtime_settings.json
2026-04-04 18:53:29,818 [INFO] Settings updated: target=18:45, cloud_penalty=5.0, check_time=16:45
2026-04-04 18:58:24,814 [INFO] Already executed today. Sleeping until tomorrow (5.0h)
2026-04-04 19:01:53,024 [INFO] Saved runtime settings to runtime_settings.json
2026-04-04 19:01:53,024 [INFO] Saved runtime settings to runtime_settings.json
2026-04-04 19:01:53,025 [INFO] Saved runtime settings to runtime_settings.json
2026-04-04 19:01:53,025 [INFO] Settings updated: target=18:45, cloud_penalty=4.0, check_time=16:45
2026-04-04 19:02:05,430 [INFO] Saved runtime settings to runtime_settings.json
2026-04-04 19:02:05,431 [INFO] Saved runtime settings to runtime_settings.json
2026-04-04 19:02:05,432 [INFO] Saved runtime settings to runtime_settings.json
2026-04-04 19:02:05,432 [INFO] Settings updated: target=18:45, cloud_penalty=4.0, check_time=16:45
2026-04-04 19:03:24,815 [INFO] Already executed today. Sleeping until tomorrow (4.9h)
2026-04-04 19:03:31,097 [INFO] Saved runtime settings to runtime_settings.json
2026-04-04 19:03:31,097 [INFO] Saved runtime settings to runtime_settings.json
2026-04-04 19:03:31,098 [INFO] Saved runtime settings to runtime_settings.json
2026-04-04 19:03:31,098 [INFO] Settings updated: target=18:45, cloud_penalty=4.0, check_time=16:45
2026-04-04 19:08:24,817 [INFO] Already executed today. Sleeping until tomorrow (4.9h)
2026-04-04 19:13:24,818 [INFO] Already executed today. Sleeping until tomorrow (4.8h)
2026-04-04 19:18:24,819 [INFO] Already executed today. Sleeping until tomorrow (4.7h)
2026-04-04 19:23:24,822 [INFO] Already executed today. Sleeping until tomorrow (4.6h)
2026-04-04 19:28:24,823 [INFO] Already executed today. Sleeping until tomorrow (4.5h)
2026-04-04 19:33:24,824 [INFO] Already executed today. Sleeping until tomorrow (4.4h)
2026-04-04 19:38:24,828 [INFO] Already executed today. Sleeping until tomorrow (4.4h)
2026-04-04 19:43:24,830 [INFO] Already executed today. Sleeping until tomorrow (4.3h)
2026-04-04 19:48:24,830 [INFO] Already executed today. Sleeping until tomorrow (4.2h)
2026-04-04 19:53:24,831 [INFO] Already executed today. Sleeping until tomorrow (4.1h)
2026-04-04 19:58:24,832 [INFO] Already executed today. Sleeping until tomorrow (4.0h)
2026-04-04 20:03:24,833 [INFO] Already executed today. Sleeping until tomorrow (3.9h)
2026-04-04 20:08:24,833 [INFO] Already executed today. Sleeping until tomorrow (3.9h)
2026-04-04 20:13:24,835 [INFO] Already executed today. Sleeping until tomorrow (3.8h)
2026-04-04 20:18:24,835 [INFO] Already executed today. Sleeping until tomorrow (3.7h)
2026-04-04 20:23:24,836 [INFO] Already executed today. Sleeping until tomorrow (3.6h)
2026-04-04 20:28:24,837 [INFO] Already executed today. Sleeping until tomorrow (3.5h)
2026-04-04 20:33:24,838 [INFO] Already executed today. Sleeping until tomorrow (3.4h)
2026-04-04 20:38:24,839 [INFO] Already executed today. Sleeping until tomorrow (3.4h)
2026-04-04 20:43:24,840 [INFO] Already executed today. Sleeping until tomorrow (3.3h)
2026-04-04 20:48:24,841 [INFO] Already executed today. Sleeping until tomorrow (3.2h)
2026-04-04 20:53:24,844 [INFO] Already executed today. Sleeping until tomorrow (3.1h)
2026-04-04 20:58:24,844 [INFO] Already executed today. Sleeping until tomorrow (3.0h)
2026-04-04 21:03:24,845 [INFO] Already executed today. Sleeping until tomorrow (2.9h)
2026-04-04 21:08:24,846 [INFO] Already executed today. Sleeping until tomorrow (2.9h)
2026-04-04 21:13:24,848 [INFO] Already executed today. Sleeping until tomorrow (2.8h)
2026-04-04 21:18:24,848 [INFO] Already executed today. Sleeping until tomorrow (2.7h)
2026-04-04 21:23:24,849 [INFO] Already executed today. Sleeping until tomorrow (2.6h)
2026-04-04 21:28:24,850 [INFO] Already executed today. Sleeping until tomorrow (2.5h)
2026-04-04 21:33:24,851 [INFO] Already executed today. Sleeping until tomorrow (2.4h)
2026-04-04 21:38:24,852 [INFO] Already executed today. Sleeping until tomorrow (2.4h)
2026-04-04 21:43:24,854 [INFO] Already executed today. Sleeping until tomorrow (2.3h)
2026-04-04 21:48:24,855 [INFO] Already executed today. Sleeping until tomorrow (2.2h)
2026-04-04 21:53:24,856 [INFO] Already executed today. Sleeping until tomorrow (2.1h)
2026-04-04 21:58:24,856 [INFO] Already executed today. Sleeping until tomorrow (2.0h)
2026-04-04 22:03:24,857 [INFO] Already executed today. Sleeping until tomorrow (1.9h)
2026-04-04 22:08:24,858 [INFO] Already executed today. Sleeping until tomorrow (1.9h)
2026-04-04 22:13:24,859 [INFO] Already executed today. Sleeping until tomorrow (1.8h)
2026-04-04 22:18:24,859 [INFO] Already executed today. Sleeping until tomorrow (1.7h)
2026-04-04 22:23:24,861 [INFO] Already executed today. Sleeping until tomorrow (1.6h)
2026-04-04 22:28:24,862 [INFO] Already executed today. Sleeping until tomorrow (1.5h)
2026-04-04 22:33:24,863 [INFO] Already executed today. Sleeping until tomorrow (1.4h)
2026-04-04 22:38:24,863 [INFO] Already executed today. Sleeping until tomorrow (1.4h)
2026-04-04 22:43:24,864 [INFO] Already executed today. Sleeping until tomorrow (1.3h)
2026-04-04 22:48:24,865 [INFO] Already executed today. Sleeping until tomorrow (1.2h)
2026-04-04 22:53:24,866 [INFO] Already executed today. Sleeping until tomorrow (1.1h)
2026-04-04 22:58:24,867 [INFO] Already executed today. Sleeping until tomorrow (1.0h)
2026-04-04 23:03:24,873 [INFO] Already executed today. Sleeping until tomorrow (0.9h)
2026-04-04 23:08:24,874 [INFO] Already executed today. Sleeping until tomorrow (0.9h)
2026-04-04 23:11:34,686 [INFO] Scheduler stopped.
2026-04-04 23:12:33,086 [INFO] Loaded runtime settings from runtime_settings.json
2026-04-04 23:12:33,086 [INFO] Runtime settings loaded: target=18:45, cloud_penalty=4.0
2026-04-04 23:12:33,367 [INFO] Scheduler initialized: target=18:45, first_check=16:45
2026-04-04 23:12:34,128 [INFO] Scheduler started.
2026-04-04 23:12:34,234 [INFO] Already executed today. Sleeping until tomorrow (0.8h)
2026-04-04 23:13:35,761 [INFO] Scheduler stopped.
2026-04-05 04:59:46,221 [INFO] Loaded runtime settings from runtime_settings.json
2026-04-05 04:59:46,221 [INFO] Runtime settings loaded: target=18:45, cloud_penalty=4.0
2026-04-05 04:59:46,449 [INFO] Scheduler initialized: target=18:45, first_check=16:45
2026-04-05 04:59:46,958 [INFO] Scheduler started.
2026-04-05 04:59:47,120 [INFO] Waiting until first check at 16:45 (11.8h)
2026-04-05 05:01:44,518 [INFO] Scheduler stopped.
2026-04-05 05:01:51,321 [INFO] === Boiler Control System Starting ===
2026-04-05 05:01:51,322 [INFO] Loaded runtime settings from runtime_settings.json
2026-04-05 05:01:51,322 [INFO] Runtime overrides: target=18:45, cloud_penalty=4.0
2026-04-05 05:01:51,322 [INFO] Configuration loaded successfully
2026-04-05 05:01:51,323 [INFO] Scheduler: target=18:45, check=16:45
2026-04-05 05:01:51,937 [INFO] Loaded runtime settings from runtime_settings.json
2026-04-05 05:01:51,938 [INFO] Runtime settings loaded: target=18:45, cloud_penalty=4.0
2026-04-05 05:01:52,402 [INFO] Scheduler started
2026-04-05 05:01:52,402 [INFO] === System Ready ===
2026-04-05 05:02:03,580 [INFO] Scheduler stopped
2026-04-05 05:02:03,581 [INFO] === System Shutdown ===
2026-04-05 05:03:23,810 [INFO] === Boiler Control System Starting ===
2026-04-05 05:03:23,812 [INFO] Loaded runtime settings from runtime_settings.json
2026-04-05 05:03:23,812 [INFO] Runtime overrides: target=18:45, cloud_penalty=4.0
2026-04-05 05:03:23,812 [INFO] Configuration loaded successfully
2026-04-05 05:03:23,812 [INFO] Scheduler: target=18:45, check=16:45
2026-04-05 05:03:24,305 [INFO] Loaded runtime settings from runtime_settings.json
2026-04-05 05:03:24,305 [INFO] Runtime settings loaded: target=18:45, cloud_penalty=4.0
2026-04-05 05:03:24,865 [INFO] Scheduler started
2026-04-05 05:03:24,865 [INFO] === System Ready ===
2026-04-05 05:03:35,680 [INFO] Scheduler stopped
2026-04-05 05:03:35,681 [INFO] === System Shutdown ===
2026-04-05 05:13:47,147 [INFO] === Boiler Control System Starting ===
2026-04-05 05:13:47,148 [INFO] Loaded runtime settings from runtime_settings.json
2026-04-05 05:13:47,148 [INFO] Runtime overrides: target=18:45, cloud_penalty=4.0
2026-04-05 05:13:47,148 [INFO] Configuration loaded successfully
2026-04-05 05:13:47,148 [INFO] Scheduler: target=18:45, check=16:45
2026-04-05 05:13:47,619 [INFO] Loaded runtime settings from runtime_settings.json
2026-04-05 05:13:47,620 [INFO] Runtime settings loaded: target=18:45, cloud_penalty=4.0
2026-04-05 05:13:48,068 [INFO] Scheduler started
2026-04-05 05:13:48,068 [INFO] === System Ready ===
2026-04-05 05:14:57,339 [INFO] Scheduler stopped
2026-04-05 05:14:57,339 [INFO] === System Shutdown ===
2026-04-05 05:41:24,443 [INFO] === Boiler Control System Starting ===
2026-04-05 05:41:24,444 [INFO] Loaded runtime settings from runtime_settings.json
2026-04-05 05:41:24,444 [INFO] Runtime overrides: target=18:45, cloud_penalty=4.0
2026-04-05 05:41:24,444 [INFO] Configuration loaded successfully
2026-04-05 05:41:24,444 [INFO] Scheduler: target=18:45, check=16:45
2026-04-05 05:41:24,969 [INFO] Loaded runtime settings from runtime_settings.json
2026-04-05 05:41:24,969 [INFO] Runtime settings loaded: target=18:45, cloud_penalty=4.0
2026-04-05 05:41:25,420 [INFO] Scheduler started
2026-04-05 05:41:25,420 [INFO] === System Ready ===
2026-04-05 05:41:34,056 [INFO] Scheduler stopped
2026-04-05 05:41:34,056 [INFO] === System Shutdown ===
2026-04-05 05:56:37,094 [INFO] === Boiler Control System Starting ===
2026-04-05 05:57:11,244 [INFO] === Boiler Control System Starting ===
2026-04-05 05:57:11,245 [INFO] Loaded runtime settings from runtime_settings.json
2026-04-05 05:57:11,245 [INFO] Runtime overrides: target=18:45, cloud_penalty=4.0
2026-04-05 05:57:11,245 [INFO] Configuration loaded successfully
2026-04-05 05:57:11,245 [INFO] Scheduler: target=18:45, check=16:45
2026-04-05 05:57:11,791 [INFO] Loaded runtime settings from runtime_settings.json
2026-04-05 05:57:11,791 [INFO] Runtime settings loaded: target=18:45, cloud_penalty=4.0
2026-04-05 05:57:12,273 [INFO] Scheduler started
2026-04-05 05:57:12,273 [INFO] === System Ready ===
2026-04-05 05:57:22,966 [INFO] Scheduler stopped
2026-04-05 05:57:22,967 [INFO] === System Shutdown ===
2026-04-05 06:02:31,740 [INFO] === Boiler Control System Starting ===
2026-04-05 06:02:31,742 [INFO] Loaded runtime settings from runtime_settings.json
2026-04-05 06:02:31,742 [INFO] Runtime overrides: target=18:45, cloud_penalty=4.0
2026-04-05 06:02:31,743 [INFO] Configuration loaded successfully
2026-04-05 06:02:31,743 [INFO] Scheduler: target=18:45, check=16:45
2026-04-05 06:02:32,221 [INFO] Loaded runtime settings from runtime_settings.json
2026-04-05 06:02:32,221 [INFO] Runtime settings loaded: target=18:45, cloud_penalty=4.0
2026-04-05 06:02:32,684 [INFO] Scheduler started
2026-04-05 06:02:32,684 [INFO] === System Ready ===
2026-04-05 09:21:10,265 [INFO] Scheduler stopped
2026-04-05 09:21:10,265 [INFO] === System Shutdown ===
2026-04-05 09:26:11,380 [INFO] === Boiler Control System Starting ===
2026-04-05 09:26:11,381 [INFO] Loaded runtime settings from runtime_settings.json
2026-04-05 09:26:11,381 [INFO] Runtime overrides: target=18:45, cloud_penalty=4.0, LUT points=8
2026-04-05 09:26:11,381 [INFO] Configuration loaded successfully
2026-04-05 09:26:11,382 [INFO] Scheduler: target=18:45, check=16:45
2026-04-05 09:28:51,295 [INFO] === Boiler Control System Starting ===
2026-04-05 09:28:51,297 [INFO] Loaded runtime settings from runtime_settings.json
2026-04-05 09:28:51,297 [INFO] Runtime overrides: target=18:45, cloud_penalty=4.0, LUT points=8
2026-04-05 09:28:51,297 [INFO] Configuration loaded successfully
2026-04-05 09:28:51,297 [INFO] Scheduler: target=18:45, check=16:45
2026-04-05 09:29:15,127 [INFO] === Boiler Control System Starting ===
2026-04-05 09:29:15,128 [INFO] Loaded runtime settings from runtime_settings.json
2026-04-05 09:29:15,129 [INFO] Runtime overrides: target=18:45, cloud_penalty=4.0, LUT points=8
2026-04-05 09:29:15,129 [INFO] Configuration loaded successfully
2026-04-05 09:29:15,129 [INFO] Scheduler: target=18:45, check=16:45
2026-04-05 10:10:36,677 [INFO] === Boiler Control System Starting ===
2026-04-05 10:10:36,679 [INFO] Loaded runtime settings from runtime_settings.json
2026-04-05 10:10:36,679 [INFO] Runtime overrides: target=18:45, cloud_penalty=4.0, LUT points=8
2026-04-05 10:10:36,679 [INFO] Configuration loaded successfully
2026-04-05 10:10:36,679 [INFO] Scheduler: target=18:45, check=16:45
2026-04-05 10:14:52,850 [INFO] === Boiler Control System Starting ===
2026-04-05 10:14:52,855 [INFO] Loaded runtime settings from runtime_settings.json
2026-04-05 10:14:52,856 [INFO] Runtime overrides: target=18:45, cloud_penalty=4.0, LUT points=8
2026-04-05 10:14:52,856 [INFO] Configuration loaded successfully
2026-04-05 10:14:52,856 [INFO] Scheduler: target=18:45, check=16:45
2026-04-05 10:14:53,981 [INFO] Scheduler started
2026-04-05 10:14:53,981 [INFO] === System Ready ===
2026-04-05 15:05:42,464 [INFO] === Boiler Control System Starting ===
2026-04-05 15:05:42,465 [INFO] Loaded runtime settings from data/config/runtime_settings.json
2026-04-05 15:05:42,465 [INFO] Runtime overrides: target=18:45, cloud_penalty=4.0, LUT points=8
2026-04-05 15:05:42,465 [INFO] Configuration loaded successfully
2026-04-05 15:05:42,466 [INFO] Scheduler: target=18:45, check=16:45
2026-04-05 15:05:43,396 [INFO] Scheduler started
2026-04-05 15:05:43,397 [INFO] === System Ready ===
2026-04-05 16:45:00,001 [INFO] === Daily execution starting ===
2026-04-05 16:45:00,320 [INFO] Sun times: sunrise=06:22, sunset=19:02
2026-04-05 16:45:00,741 [INFO] Collected 10 hourly measurements (sunrise→16:45)
2026-04-05 16:45:00,742 [INFO] Calculation: avg_temp=16.6°C, avg_cloud=74%, effective=13.66°C, duration=125min, sliders=(120,5)
2026-04-05 16:45:00,742 [INFO] Target: 18:45, Trigger: 16:45
2026-04-05 16:45:00,743 [WARNING] Trigger time is in past - executing immediately
2026-04-05 16:45:00,743 [INFO] === EXECUTING ===
2026-04-05 16:45:00,743 [INFO] Sending to HA: first_run=120min, second_run=5min
2026-04-05 16:45:00,752 [INFO] HA is reachable
2026-04-05 16:45:00,764 [INFO] Set input_number.boiler_duration_helper = 120 min
2026-04-05 16:45:00,776 [INFO] Set input_number.boiler_duration_helper_2nd = 5 min
2026-04-05 16:45:00,790 [INFO] Triggered script.start_waterheater_using_ui
2026-04-05 16:45:00,791 [INFO] HA execution complete
2026-04-05 16:45:00,798 [INFO] Saved record for 2026-04-05
2026-04-05 16:45:00,799 [INFO] === COMPLETE: HA status=OK ===
2026-04-05 17:20:47,271 [INFO] Scheduler stopped
2026-04-05 17:20:47,271 [INFO] === System Shutdown ===
2026-04-05 17:20:50,130 [INFO] === Boiler Control System Starting ===
2026-04-05 17:20:50,132 [INFO] Loaded runtime settings from data/config/runtime_settings.json
2026-04-05 17:20:50,132 [INFO] Runtime overrides: target=18:45, cloud_penalty=4.0, LUT points=8
2026-04-05 17:20:50,132 [INFO] Configuration loaded successfully
2026-04-05 17:20:50,133 [INFO] Scheduler: target=18:45, check=16:45
2026-04-05 17:20:51,356 [INFO] Scheduler started
2026-04-05 17:20:51,356 [INFO] === System Ready ===
2026-04-06 01:01:41,734 [INFO] === Boiler Control System Starting ===
2026-04-06 01:01:41,735 [INFO] Loaded runtime settings from data/config/runtime_settings.json
2026-04-06 01:01:41,735 [INFO] Runtime overrides: target=18:45, cloud_penalty=4.0, LUT points=8
2026-04-06 01:01:41,735 [INFO] Configuration loaded successfully
2026-04-06 01:01:41,735 [INFO] Scheduler: target=18:45, check=16:45
2026-04-06 01:03:53,354 [INFO] === Boiler Control System Starting ===
2026-04-06 01:03:53,355 [INFO] Loaded runtime settings from data/config/runtime_settings.json
2026-04-06 01:03:53,355 [INFO] Runtime overrides: target=18:45, cloud_penalty=4.0, LUT points=8
2026-04-06 01:03:53,355 [INFO] Configuration loaded successfully
2026-04-06 01:03:53,355 [INFO] Scheduler: target=18:45, check=16:45
2026-04-06 01:04:17,886 [INFO] === Boiler Control System Starting ===
2026-04-06 01:04:17,887 [INFO] Loaded runtime settings from data/config/runtime_settings.json
2026-04-06 01:04:17,887 [INFO] Runtime overrides: target=18:45, cloud_penalty=4.0, LUT points=8
2026-04-06 01:04:17,887 [INFO] Configuration loaded successfully
2026-04-06 01:04:17,887 [INFO] Scheduler: target=18:45, check=16:45
2026-04-06 01:08:40,023 [INFO] === Boiler Control System Starting ===
2026-04-06 01:08:40,024 [INFO] Loaded runtime settings from data/config/runtime_settings.json
2026-04-06 01:08:40,024 [INFO] Runtime overrides: target=18:45, cloud_penalty=4.0, LUT points=8
2026-04-06 01:08:40,024 [INFO] Configuration loaded successfully
2026-04-06 01:08:40,024 [INFO] Scheduler: target=18:45, check=16:45
2026-04-06 01:08:40,891 [INFO] Scheduler started
2026-04-06 01:08:40,891 [INFO] === System Ready ===
2026-04-06 01:16:13,447 [INFO] === Boiler Control System Starting ===
2026-04-06 01:16:13,448 [INFO] Loaded runtime settings from data/config/runtime_settings.json
2026-04-06 01:16:13,448 [INFO] Runtime overrides: target=18:45, cloud_penalty=4.0, LUT points=8
2026-04-06 01:16:13,448 [INFO] Configuration loaded successfully
2026-04-06 01:16:13,448 [INFO] Scheduler: target=18:45, check=16:45
2026-04-06 01:16:14,284 [INFO] Scheduler started
2026-04-06 01:16:14,285 [INFO] === System Ready ===
2026-04-06 01:24:56,220 [INFO] === Boiler Control System Starting ===
2026-04-06 01:24:56,222 [INFO] Loaded runtime settings from data/config/runtime_settings.json
2026-04-06 01:24:56,222 [INFO] Runtime overrides: target=18:45, cloud_penalty=4.0, LUT points=8
2026-04-06 01:24:56,222 [INFO] Configuration loaded successfully
2026-04-06 01:24:56,222 [INFO] Scheduler: target=18:45, check=16:45
2026-04-06 01:24:56,968 [INFO] Scheduler started
2026-04-06 01:24:56,968 [INFO] === System Ready ===
2026-04-06 01:30:17,753 [INFO] === Boiler Control System Starting ===
2026-04-06 01:30:17,754 [INFO] Loaded runtime settings from data/config/runtime_settings.json
2026-04-06 01:30:17,754 [INFO] Runtime overrides: target=18:45, cloud_penalty=4.0, LUT points=8
2026-04-06 01:30:17,754 [INFO] Configuration loaded successfully
2026-04-06 01:30:17,754 [INFO] Scheduler: target=18:45, check=16:45
2026-04-06 01:30:18,489 [INFO] Scheduler started
2026-04-06 01:30:18,489 [INFO] === System Ready ===
2026-04-06 01:30:34,569 [WARNING] No record for today - cannot retry HA
2026-04-06 01:33:23,877 [INFO] === Boiler Control System Starting ===
2026-04-06 01:33:23,878 [INFO] Loaded runtime settings from data/config/runtime_settings.json
2026-04-06 01:33:23,878 [INFO] Runtime overrides: target=18:45, cloud_penalty=4.0, LUT points=8
2026-04-06 01:33:23,878 [INFO] Configuration loaded successfully
2026-04-06 01:33:23,878 [INFO] Scheduler: target=18:45, check=16:45
2026-04-06 01:33:24,579 [INFO] Scheduler started
2026-04-06 01:33:24,579 [INFO] === System Ready ===
2026-04-06 01:36:23,575 [INFO] Scheduler stopped
2026-04-06 01:36:23,576 [INFO] === System Shutdown ===
2026-04-06 01:41:13,611 [INFO] === Boiler Control System Starting ===
2026-04-06 01:41:13,612 [INFO] Loaded runtime settings from data/config/runtime_settings.json
2026-04-06 01:41:13,612 [INFO] Runtime overrides: target=18:45, cloud_penalty=4.0, LUT points=8
2026-04-06 01:41:13,612 [INFO] Configuration loaded successfully
2026-04-06 01:41:13,612 [INFO] Scheduler: target=18:45, check=16:45
2026-04-06 01:41:14,453 [INFO] Scheduler started
2026-04-06 01:41:14,453 [INFO] === System Ready ===
2026-04-06 08:27:33,108 [INFO] Scheduler stopped
2026-04-06 08:27:33,108 [INFO] === System Shutdown ===
2026-04-06 08:27:35,471 [INFO] === Boiler Control System Starting ===
2026-04-06 08:27:35,472 [INFO] Loaded runtime settings from data/config/runtime_settings.json
2026-04-06 08:27:35,472 [INFO] Runtime overrides: target=18:45, cloud_penalty=4.0, LUT points=8
2026-04-06 08:27:35,472 [INFO] Configuration loaded successfully
2026-04-06 08:27:35,472 [INFO] Scheduler: target=18:45, check=16:45
2026-04-06 08:27:36,353 [INFO] Scheduler started
2026-04-06 08:27:36,353 [INFO] === System Ready ===
2026-04-06 08:32:22,927 [INFO] Saved runtime settings to data/config/runtime_settings.json
2026-04-06 08:32:22,927 [INFO] Saved runtime settings to data/config/runtime_settings.json
2026-04-06 08:32:22,928 [INFO] Saved runtime settings to data/config/runtime_settings.json
2026-04-06 08:32:22,928 [INFO] Target updated: 18:45, check=16:45
2026-04-06 08:34:08,810 [INFO] === Boiler Control System Starting ===
2026-04-06 08:34:08,812 [INFO] Loaded runtime settings from data/config/runtime_settings.json
2026-04-06 08:34:08,812 [INFO] Runtime overrides: target=18:45, cloud_penalty=4.0, LUT points=8
2026-04-06 08:34:08,812 [INFO] Configuration loaded successfully
2026-04-06 08:34:08,812 [INFO] Scheduler: target=18:45, check=16:45
2026-04-06 08:34:09,714 [INFO] Scheduler started
2026-04-06 08:34:09,714 [INFO] === System Ready ===
2026-04-06 08:37:44,096 [INFO] Saved runtime settings to data/config/runtime_settings.json
2026-04-06 08:37:44,097 [INFO] Saved runtime settings to data/config/runtime_settings.json
2026-04-06 08:37:44,098 [INFO] Saved runtime settings to data/config/runtime_settings.json
2026-04-06 08:37:44,098 [INFO] Target updated: 18:45, check=16:45
2026-04-06 08:37:51,356 [INFO] Saved runtime settings to data/config/runtime_settings.json
2026-04-06 08:37:51,357 [INFO] Saved runtime settings to data/config/runtime_settings.json
2026-04-06 08:37:51,358 [INFO] Saved runtime settings to data/config/runtime_settings.json
2026-04-06 08:37:51,358 [INFO] Target updated: 18:40, check=16:40
2026-04-06 08:38:31,565 [INFO] Saved runtime settings to data/config/runtime_settings.json
2026-04-06 08:38:31,565 [INFO] Saved runtime settings to data/config/runtime_settings.json
2026-04-06 08:38:31,565 [INFO] Saved runtime settings to data/config/runtime_settings.json
2026-04-06 08:38:31,566 [INFO] Target updated: 18:40, check=16:40
2026-04-06 13:55:51,976 [INFO] === Boiler Control System Starting ===
2026-04-06 13:55:51,978 [INFO] Loaded runtime settings from data/config/runtime_settings.json
2026-04-06 13:55:51,978 [INFO] Runtime overrides: target=18:40, cloud_penalty=4.0, LUT points=10
2026-04-06 13:55:51,978 [INFO] Configuration loaded successfully
2026-04-06 13:55:51,978 [INFO] Scheduler: target=18:40, check=16:40
2026-04-06 13:55:52,747 [INFO] Scheduler started
2026-04-06 13:55:52,747 [INFO] === System Ready ===
2026-04-06 10:58:03,879 [INFO] === Boiler Control System Starting ===
2026-04-06 10:58:03,880 [INFO] Loaded runtime settings from data/config/runtime_settings.json
2026-04-06 10:58:03,880 [INFO] Runtime overrides: target=18:40, cloud_penalty=4.0, LUT points=10
2026-04-06 10:58:03,880 [INFO] Configuration loaded successfully
2026-04-06 10:58:03,880 [INFO] Scheduler: target=18:40, check=16:40
2026-04-06 10:58:04,299 [INFO] generated new fontManager
2026-04-06 10:58:04,806 [INFO] Scheduler started
2026-04-06 10:58:04,806 [INFO] === System Ready ===
2026-04-06 16:40:00,000 [INFO] === Daily execution starting ===
2026-04-06 16:40:03,655 [INFO] Sun times: sunrise=06:20, sunset=19:02
2026-04-06 16:40:05,132 [INFO] Collected 10 hourly measurements (sunrise→16:40)
2026-04-06 16:40:05,133 [INFO] Calculation: avg_temp=17.8°C, avg_cloud=71%, effective=15.0°C, duration=75min, sliders=(75,0)
2026-04-06 16:40:05,133 [INFO] Target: 18:40, Trigger: 17:25
2026-04-06 17:25:00,000 [INFO] === EXECUTING ===
2026-04-06 17:25:00,000 [INFO] Sending to HA: first_run=75min, second_run=0min
2026-04-06 17:25:00,011 [INFO] HA is reachable
2026-04-06 17:25:00,021 [INFO] Set input_number.boiler_duration_helper = 75 min
2026-04-06 17:25:00,030 [INFO] Set input_number.boiler_duration_helper_2nd = 0 min
2026-04-06 17:25:00,040 [INFO] Triggered script.start_waterheater_using_ui
2026-04-06 17:25:00,040 [INFO] HA execution complete
2026-04-06 17:25:00,043 [INFO] Saved record for 2026-04-06
2026-04-06 17:25:00,044 [INFO] === COMPLETE: HA status=OK ===
2026-04-07 16:40:00,000 [INFO] === Daily execution starting ===
2026-04-07 16:40:03,918 [INFO] Sun times: sunrise=06:19, sunset=19:03
2026-04-07 16:40:05,629 [INFO] Collected 10 hourly measurements (sunrise→16:40)
2026-04-07 16:40:05,629 [INFO] Calculation: avg_temp=16.4°C, avg_cloud=73%, effective=13.52°C, duration=102min, sliders=(102,0)
2026-04-07 16:40:05,629 [INFO] Target: 18:40, Trigger: 16:58
2026-04-07 16:58:00,001 [INFO] === EXECUTING ===
2026-04-07 16:58:00,002 [INFO] Sending to HA: first_run=102min, second_run=0min
2026-04-07 16:58:00,012 [INFO] HA is reachable
2026-04-07 16:58:00,021 [INFO] Set input_number.boiler_duration_helper = 102 min
2026-04-07 16:58:00,031 [INFO] Set input_number.boiler_duration_helper_2nd = 0 min
2026-04-07 16:58:00,042 [INFO] Triggered script.start_waterheater_using_ui
2026-04-07 16:58:00,043 [INFO] HA execution complete
2026-04-07 16:58:00,049 [INFO] Saved record for 2026-04-07
2026-04-07 16:58:00,049 [INFO] === COMPLETE: HA status=OK ===
2026-04-07 20:55:37,088 [INFO] === Boiler Control System Starting ===
2026-04-07 20:55:37,089 [INFO] Loaded runtime settings from data/config/runtime_settings.json
2026-04-07 20:55:37,090 [INFO] Runtime overrides: target=18:40, cloud_penalty=4.0, LUT points=10
2026-04-07 20:55:37,090 [INFO] Configuration loaded successfully
2026-04-07 20:57:30,963 [INFO] === Boiler Control System Starting ===
2026-04-07 20:57:30,964 [INFO] Loaded runtime settings from data/config/runtime_settings.json
2026-04-07 20:57:30,964 [INFO] Runtime overrides: target=18:40, cloud_penalty=4.0, LUT points=10
2026-04-07 20:57:30,964 [INFO] Configuration loaded successfully
2026-04-07 21:05:37,381 [INFO] === Boiler Control System Starting ===
2026-04-07 21:05:37,382 [INFO] Loaded runtime settings from data/config/runtime_settings.json
2026-04-07 21:05:37,382 [INFO] Runtime overrides: target=18:40, cloud_penalty=4.0, LUT points=10
2026-04-07 21:05:37,382 [INFO] Configuration loaded successfully
2026-04-07 21:05:37,383 [INFO] Scheduler: target=18:40, check=16:40
2026-04-07 21:05:38,342 [INFO] Scheduler started
2026-04-07 21:05:38,342 [INFO] === System Ready ===
2026-04-07 21:05:49,522 [INFO] Scheduler stopped
2026-04-07 21:05:49,523 [INFO] === System Shutdown ===
2026-04-07 21:06:14,140 [INFO] === Boiler Control System Starting ===
2026-04-07 21:06:14,142 [INFO] Loaded runtime settings from data/config/runtime_settings.json
2026-04-07 21:06:14,143 [INFO] Runtime overrides: target=18:40, cloud_penalty=4.0, LUT points=10
2026-04-07 21:06:14,143 [INFO] Configuration loaded successfully
2026-04-07 21:06:14,143 [INFO] Scheduler: target=18:40, check=16:40
2026-04-07 21:06:15,165 [INFO] Scheduler started
2026-04-07 21:06:15,165 [INFO] === System Ready ===
2026-04-07 21:06:23,059 [INFO] Scheduler stopped
2026-04-07 21:06:23,060 [INFO] === System Shutdown ===
2026-04-07 21:07:22,640 [INFO] === Boiler Control System Starting ===
2026-04-07 21:07:22,641 [INFO] Loaded runtime settings from data/config/runtime_settings.json
2026-04-07 21:07:22,641 [INFO] Runtime overrides: target=18:40, cloud_penalty=4.0, LUT points=10
2026-04-07 21:07:22,641 [INFO] Configuration loaded successfully
2026-04-07 21:07:22,641 [INFO] Scheduler: target=18:40, check=16:40
2026-04-07 21:07:23,588 [INFO] Scheduler started
2026-04-07 21:07:23,588 [INFO] === System Ready ===
2026-04-07 21:07:31,929 [INFO] Scheduler stopped
2026-04-07 21:07:31,929 [INFO] === System Shutdown ===
2026-04-08 17:36:53,981 [INFO] === Boiler Control System Starting ===
2026-04-08 17:36:53,982 [INFO] Loaded runtime settings from data/config/runtime_settings.json
2026-04-08 17:36:53,982 [INFO] Runtime overrides: target=18:40, cloud_penalty=4.0, LUT points=10
2026-04-08 17:36:53,982 [INFO] Configuration loaded successfully
2026-04-08 17:36:53,983 [INFO] Scheduler: target=18:40, check=16:40
2026-04-08 17:36:55,338 [INFO] === Daily execution starting ===
2026-04-08 17:36:55,338 [INFO] Scheduler started
2026-04-08 17:36:55,338 [INFO] === System Ready ===
2026-04-08 17:36:55,807 [INFO] Sun times: sunrise=06:18, sunset=19:04
2026-04-08 17:36:56,118 [INFO] Collected 11 hourly measurements (sunrise→17:36)
2026-04-08 17:36:56,118 [INFO] Calculation: avg_temp=18.1°C, avg_cloud=58%, effective=15.79°C, duration=63min, sliders=(63,0)
2026-04-08 17:36:56,118 [INFO] Target: 18:40, Trigger: 17:37
2026-04-08 17:37:00,000 [INFO] === EXECUTING ===
2026-04-08 17:37:00,000 [INFO] Sending to HA: first_run=63min, second_run=0min
2026-04-08 17:37:00,011 [INFO] HA is reachable
2026-04-08 17:37:00,022 [INFO] Set input_number.boiler_duration_helper = 63 min
2026-04-08 17:37:00,032 [INFO] Set input_number.boiler_duration_helper_2nd = 0 min
2026-04-08 17:37:00,045 [INFO] Triggered script.start_waterheater_using_ui
2026-04-08 17:37:00,045 [INFO] HA execution complete
2026-04-08 17:37:00,047 [INFO] Saved record for 2026-04-08
2026-04-08 17:37:00,047 [INFO] === COMPLETE: HA status=OK ===
2026-04-08 17:37:16,606 [INFO] Sending to HA: first_run=63min, second_run=0min
2026-04-08 17:37:16,614 [INFO] HA is reachable
2026-04-08 17:37:16,622 [INFO] Set input_number.boiler_duration_helper = 63 min
2026-04-08 17:37:16,630 [INFO] Set input_number.boiler_duration_helper_2nd = 0 min
2026-04-08 17:37:16,639 [INFO] Triggered script.start_waterheater_using_ui
2026-04-08 17:37:16,640 [INFO] HA execution complete
2026-04-08 17:37:16,642 [INFO] Retry HA complete: OK
2026-04-09 16:40:00,000 [INFO] === Daily execution starting ===
2026-04-09 16:40:03,617 [INFO] Sun times: sunrise=06:17, sunset=19:04
2026-04-09 16:40:05,350 [INFO] Collected 10 hourly measurements (sunrise→16:40)
2026-04-09 16:40:05,351 [INFO] Calculation: avg_temp=18.8°C, avg_cloud=51%, effective=16.74°C, duration=54min, sliders=(54,0)
2026-04-09 16:40:05,351 [INFO] Target: 18:40, Trigger: 17:46
2026-04-09 17:46:00,000 [INFO] === EXECUTING ===
2026-04-09 17:46:00,000 [INFO] Sending to HA: first_run=54min, second_run=0min
2026-04-09 17:46:00,010 [INFO] HA is reachable
2026-04-09 17:46:00,020 [INFO] Set input_number.boiler_duration_helper = 54 min
2026-04-09 17:46:00,027 [INFO] Set input_number.boiler_duration_helper_2nd = 0 min
2026-04-09 17:46:00,036 [INFO] Triggered script.start_waterheater_using_ui
2026-04-09 17:46:00,036 [INFO] HA execution complete
2026-04-09 17:46:00,038 [INFO] Saved record for 2026-04-09
2026-04-09 17:46:00,038 [INFO] === COMPLETE: HA status=OK ===
2026-04-10 16:40:00,001 [INFO] === Daily execution starting ===
2026-04-10 16:40:03,543 [INFO] Sun times: sunrise=06:15, sunset=19:05
2026-04-10 16:40:05,214 [INFO] Collected 10 hourly measurements (sunrise→16:40)
2026-04-10 16:40:05,214 [INFO] Calculation: avg_temp=18.9°C, avg_cloud=53%, effective=16.79°C, duration=54min, sliders=(54,0)
2026-04-10 16:40:05,214 [INFO] Target: 18:40, Trigger: 17:46
2026-04-10 17:46:00,000 [INFO] === EXECUTING ===
2026-04-10 17:46:00,000 [INFO] Sending to HA: first_run=54min, second_run=0min
2026-04-10 17:46:00,008 [INFO] HA is reachable
2026-04-10 17:46:00,017 [INFO] Set input_number.boiler_duration_helper = 54 min
2026-04-10 17:46:00,025 [INFO] Set input_number.boiler_duration_helper_2nd = 0 min
2026-04-10 17:46:00,037 [INFO] Triggered script.start_waterheater_using_ui
2026-04-10 17:46:00,039 [INFO] HA execution complete
2026-04-10 17:46:00,041 [INFO] Saved record for 2026-04-10
2026-04-10 17:46:00,041 [INFO] === COMPLETE: HA status=OK ===
2026-04-11 16:40:00,007 [INFO] === Daily execution starting ===
2026-04-11 16:40:03,648 [INFO] Sun times: sunrise=06:14, sunset=19:06
2026-04-11 16:40:05,344 [INFO] Collected 10 hourly measurements (sunrise→16:40)
2026-04-11 16:40:05,346 [INFO] Calculation: avg_temp=18.4°C, avg_cloud=65%, effective=15.81°C, duration=63min, sliders=(63,0)
2026-04-11 16:40:05,348 [INFO] Target: 18:40, Trigger: 17:37
2026-04-11 17:37:00,000 [INFO] === EXECUTING ===
2026-04-11 17:37:00,001 [INFO] Sending to HA: first_run=63min, second_run=0min
2026-04-11 17:37:00,012 [INFO] HA is reachable
2026-04-11 17:37:00,026 [INFO] Set input_number.boiler_duration_helper = 63 min
2026-04-11 17:37:00,036 [INFO] Set input_number.boiler_duration_helper_2nd = 0 min
2026-04-11 17:37:00,050 [INFO] Triggered script.start_waterheater_using_ui
2026-04-11 17:37:00,051 [INFO] HA execution complete
2026-04-11 17:37:00,055 [INFO] Saved record for 2026-04-11
2026-04-11 17:37:00,056 [INFO] === COMPLETE: HA status=OK ===
2026-04-12 16:40:00,000 [INFO] === Daily execution starting ===
2026-04-12 16:40:03,530 [INFO] Sun times: sunrise=06:13, sunset=19:07
2026-04-12 16:40:05,079 [INFO] Collected 10 hourly measurements (sunrise→16:40)
2026-04-12 16:40:05,079 [INFO] Calculation: avg_temp=18.6°C, avg_cloud=52%, effective=16.47°C, duration=56min, sliders=(56,0)
2026-04-12 16:40:05,080 [INFO] Target: 18:40, Trigger: 17:44
2026-04-12 17:44:00,000 [INFO] === EXECUTING ===
2026-04-12 17:44:00,001 [INFO] Sending to HA: first_run=56min, second_run=0min
2026-04-12 17:44:00,012 [INFO] HA is reachable
2026-04-12 17:44:00,024 [INFO] Set input_number.boiler_duration_helper = 56 min
2026-04-12 17:44:00,034 [INFO] Set input_number.boiler_duration_helper_2nd = 0 min
2026-04-12 17:44:00,050 [INFO] Triggered script.start_waterheater_using_ui
2026-04-12 17:44:00,051 [INFO] HA execution complete
2026-04-12 17:44:00,058 [INFO] Saved record for 2026-04-12
2026-04-12 17:44:00,058 [INFO] === COMPLETE: HA status=OK ===
2026-04-13 16:40:00,000 [INFO] === Daily execution starting ===
2026-04-13 16:40:03,711 [INFO] Sun times: sunrise=06:12, sunset=19:07
2026-04-13 16:40:05,642 [INFO] Collected 10 hourly measurements (sunrise→16:40)
2026-04-13 16:40:05,642 [INFO] Calculation: avg_temp=19.7°C, avg_cloud=43%, effective=17.99°C, duration=45min, sliders=(45,0)
2026-04-13 16:40:05,642 [INFO] Target: 18:40, Trigger: 17:55
2026-04-13 17:55:00,000 [INFO] === EXECUTING ===
2026-04-13 17:55:00,001 [INFO] Sending to HA: first_run=45min, second_run=0min
2026-04-13 17:55:00,012 [INFO] HA is reachable
2026-04-13 17:55:00,026 [INFO] Set input_number.boiler_duration_helper = 45 min
2026-04-13 17:55:00,040 [INFO] Set input_number.boiler_duration_helper_2nd = 0 min
2026-04-13 17:55:00,056 [INFO] Triggered script.start_waterheater_using_ui
2026-04-13 17:55:00,057 [INFO] HA execution complete
2026-04-13 17:55:00,063 [INFO] Saved record for 2026-04-13
2026-04-13 17:55:00,063 [INFO] === COMPLETE: HA status=OK ===
2026-04-14 16:40:00,001 [INFO] === Daily execution starting ===
2026-04-14 16:40:03,540 [INFO] Sun times: sunrise=06:11, sunset=19:08
2026-04-14 16:40:05,350 [INFO] Collected 10 hourly measurements (sunrise→16:40)
2026-04-14 16:40:05,351 [INFO] Calculation: avg_temp=23.0°C, avg_cloud=1%, effective=22.97°C, duration=6min, sliders=(6,0)
2026-04-14 16:40:05,351 [INFO] Target: 18:40, Trigger: 18:34
2026-04-14 18:34:00,000 [INFO] === EXECUTING ===
2026-04-14 18:34:00,000 [INFO] Sending to HA: first_run=6min, second_run=0min
2026-04-14 18:34:00,011 [INFO] HA is reachable
2026-04-14 18:34:00,024 [INFO] Set input_number.boiler_duration_helper = 6 min
2026-04-14 18:34:00,036 [INFO] Set input_number.boiler_duration_helper_2nd = 0 min
2026-04-14 18:34:00,045 [INFO] Triggered script.start_waterheater_using_ui
2026-04-14 18:34:00,046 [INFO] HA execution complete
2026-04-14 18:34:00,047 [INFO] Saved record for 2026-04-14
2026-04-14 18:34:00,047 [INFO] === COMPLETE: HA status=OK ===
2026-04-15 16:40:00,001 [INFO] === Daily execution starting ===
2026-04-15 16:40:03,685 [INFO] Sun times: sunrise=06:09, sunset=19:09
2026-04-15 16:40:05,446 [INFO] Collected 10 hourly measurements (sunrise→16:40)
2026-04-15 16:40:05,447 [INFO] Calculation: avg_temp=26.7°C, avg_cloud=95%, effective=22.85°C, duration=7min, sliders=(7,0)
2026-04-15 16:40:05,448 [INFO] Target: 18:40, Trigger: 18:33
2026-04-15 18:33:00,000 [INFO] === EXECUTING ===
2026-04-15 18:33:00,001 [INFO] Sending to HA: first_run=7min, second_run=0min
2026-04-15 18:33:00,011 [INFO] HA is reachable
2026-04-15 18:33:00,023 [INFO] Set input_number.boiler_duration_helper = 7 min
2026-04-15 18:33:00,035 [INFO] Set input_number.boiler_duration_helper_2nd = 0 min
2026-04-15 18:33:00,050 [INFO] Triggered script.start_waterheater_using_ui
2026-04-15 18:33:00,050 [INFO] HA execution complete
2026-04-15 18:33:00,054 [INFO] Saved record for 2026-04-15
2026-04-15 18:33:00,054 [INFO] === COMPLETE: HA status=OK ===
2026-04-18 07:42:35,227 [INFO] === Boiler Control System Starting ===
2026-04-18 07:42:35,228 [INFO] Loaded runtime settings from data/config/runtime_settings.json
2026-04-18 07:42:35,228 [INFO] Runtime overrides: target=18:40, cloud_penalty=4.0, LUT points=10
2026-04-18 07:42:35,229 [INFO] Configuration loaded successfully
2026-04-18 07:42:35,229 [INFO] Scheduler: target=18:40, check=16:40
2026-04-18 07:42:36,612 [INFO] Scheduler started
2026-04-18 07:42:36,612 [INFO] === System Ready ===
2026-04-18 07:48:14,969 [INFO] Scheduler stopped
2026-04-18 07:48:14,970 [INFO] === System Shutdown ===
2026-04-20 20:20:02,536 [INFO] === Boiler Control System Starting ===
2026-04-20 20:20:02,537 [INFO] Loaded runtime settings from data/config/runtime_settings.json
2026-04-20 20:20:02,537 [INFO] Runtime overrides: target=18:40, cloud_penalty=4.0, LUT points=10
2026-04-20 20:20:02,537 [INFO] Configuration loaded successfully
2026-04-20 20:20:02,537 [INFO] Scheduler: target=18:40, check=16:40
2026-04-20 20:20:03,399 [INFO] === Daily execution starting ===
2026-04-20 20:20:03,399 [INFO] Scheduler started
2026-04-20 20:20:03,400 [INFO] === System Ready ===
2026-04-20 20:20:04,628 [INFO] Sun times: sunrise=06:04, sunset=19:12
2026-04-20 20:20:06,202 [INFO] Collected 13 hourly measurements (sunrise→19:12)
2026-04-20 20:20:06,202 [INFO] Calculation: avg_temp=19.5°C, avg_cloud=40%, effective=17.91°C, duration=46min, sliders=(46,0)
2026-04-20 20:20:06,203 [INFO] Target: 18:40, Trigger: 17:54
2026-04-20 20:20:06,203 [WARNING] Trigger time is in past - executing immediately
2026-04-20 20:20:06,203 [INFO] === EXECUTING ===
2026-04-20 20:20:06,204 [INFO] Sending to HA: first_run=46min, second_run=0min
2026-04-20 20:20:06,218 [INFO] HA is reachable
2026-04-20 20:20:06,229 [INFO] Set input_number.boiler_duration_helper = 46 min
2026-04-20 20:20:06,240 [INFO] Set input_number.boiler_duration_helper_2nd = 0 min
2026-04-20 20:20:06,252 [INFO] Triggered script.start_waterheater_using_ui
2026-04-20 20:20:06,253 [INFO] HA execution complete
2026-04-20 20:20:06,259 [INFO] Saved record for 2026-04-20
2026-04-20 20:20:06,260 [INFO] === COMPLETE: HA status=OK ===
2026-04-20 20:20:31,160 [INFO] Scheduler stopped
2026-04-20 20:20:31,160 [INFO] === System Shutdown ===
2026-04-20 20:22:10,373 [INFO] === Boiler Control System Starting ===
2026-04-20 20:22:10,388 [INFO] Loaded runtime settings from data/config/runtime_settings.json
2026-04-20 20:22:10,388 [INFO] Runtime: target=18:40, mode=HA, lut=9pts
2026-04-20 20:22:10,388 [INFO] Configuration loaded
2026-04-20 20:22:10,494 [INFO] Scheduler ready — target 18:40, check 16:40
2026-04-20 20:22:11,514 [INFO] Scheduler started
2026-04-20 20:22:11,514 [INFO] === System Ready ===
2026-04-20 20:22:28,509 [INFO] Scheduler stopped
2026-04-20 20:22:28,509 [INFO] === System Shutdown ===
2026-04-20 20:23:04,637 [INFO] === Boiler Control System Starting ===
2026-04-20 20:23:04,647 [INFO] Loaded runtime settings from data/config/runtime_settings.json
2026-04-20 20:23:04,647 [INFO] Runtime: target=18:40, mode=HA, lut=9pts
2026-04-20 20:23:04,647 [INFO] Configuration loaded
2026-04-20 20:23:04,748 [INFO] Scheduler ready — target 18:40, check 16:40
2026-04-20 20:23:05,714 [INFO] Scheduler started
2026-04-20 20:23:05,715 [INFO] === System Ready ===
2026-04-20 20:23:21,646 [INFO] Scheduler stopped
2026-04-20 20:23:21,647 [INFO] === System Shutdown ===
2026-04-20 20:23:46,022 [INFO] === Boiler Control System Starting ===
2026-04-20 20:23:46,031 [INFO] Loaded runtime settings from data/config/runtime_settings.json
2026-04-20 20:23:46,031 [INFO] Runtime: target=18:40, mode=HA, lut=9pts
2026-04-20 20:23:46,031 [INFO] Configuration loaded
2026-04-20 20:23:46,122 [INFO] Scheduler ready — target 18:40, check 16:40
2026-04-20 20:23:47,073 [INFO] Scheduler started
2026-04-20 20:23:47,073 [INFO] === System Ready ===
2026-04-20 20:23:59,989 [INFO] Scheduler stopped
2026-04-20 20:23:59,990 [INFO] === System Shutdown ===
2026-04-20 20:24:17,996 [INFO] === Boiler Control System Starting ===
2026-04-20 20:24:18,004 [INFO] Loaded runtime settings from data/config/runtime_settings.json
2026-04-20 20:24:18,005 [INFO] Runtime: target=18:40, mode=HA, lut=9pts
2026-04-20 20:24:18,005 [INFO] Configuration loaded
2026-04-20 20:24:18,097 [INFO] Scheduler ready — target 18:40, check 16:40
2026-04-20 20:24:19,064 [INFO] Scheduler started
2026-04-20 20:24:19,064 [INFO] === System Ready ===
2026-04-20 20:24:36,998 [INFO] Scheduler stopped
2026-04-20 20:24:36,998 [INFO] === System Shutdown ===
2026-04-20 20:24:55,443 [INFO] === Boiler Control System Starting ===
2026-04-20 20:24:55,455 [INFO] Loaded runtime settings from data/config/runtime_settings.json
2026-04-20 20:24:55,455 [INFO] Runtime: target=18:40, mode=HA, lut=9pts
2026-04-20 20:24:55,455 [INFO] Configuration loaded
2026-04-20 20:24:55,556 [INFO] Scheduler ready — target 18:40, check 16:40
2026-04-20 20:24:56,557 [INFO] Scheduler started
2026-04-20 20:24:56,558 [INFO] === System Ready ===
2026-04-20 20:31:56,785 [INFO] === Boiler Control System Starting ===
2026-04-20 20:31:56,795 [INFO] Loaded runtime settings from data/config/runtime_settings.json
2026-04-20 20:31:56,795 [INFO] Runtime: target=18:40, mode=HA, lut=9pts
2026-04-20 20:31:56,795 [INFO] Configuration loaded
2026-04-20 20:31:56,900 [INFO] MQTT topics — cmd:DvirHome/WaterHeater/cmnd/POWER stat:DvirHome/WaterHeater/stat/POWER tele:DvirHome/WaterHeater/tele/#
2026-04-20 20:31:56,900 [INFO] Scheduler ready — target 18:40, check 16:40
2026-04-20 20:31:57,925 [INFO] Scheduler started
2026-04-20 20:31:57,926 [INFO] === System Ready ===
2026-04-20 20:32:08,332 [INFO] MQTT connected → subscribed stat+tele
2026-04-20 20:44:31,743 [INFO] === Boiler Control System Starting ===
2026-04-20 20:44:31,753 [INFO] Loaded runtime settings from data/config/runtime_settings.json
2026-04-20 20:44:31,753 [INFO] Runtime: target=18:40, mode=HA, lut=9pts
2026-04-20 20:44:31,753 [INFO] Configuration loaded
2026-04-20 20:44:31,856 [INFO] MQTT topics — cmd:DvirHome/WaterHeater/cmnd/POWER stat:DvirHome/WaterHeater/stat/POWER tele:DvirHome/WaterHeater/tele/#
2026-04-20 20:44:31,856 [INFO] Scheduler ready — target 18:40, check 16:40
2026-04-20 20:44:32,973 [INFO] Scheduler started
2026-04-20 20:44:32,973 [INFO] === System Ready ===
2026-04-20 20:45:00,037 [INFO] MQTT connected → subscribed stat+tele
2026-04-20 20:50:59,975 [INFO] MQTT stat: OFF
2026-04-20 20:51:00,071 [INFO] MQTT stat: OFF
2026-04-25 09:23:25,520 [INFO] === Boiler Control System Starting ===
2026-04-25 09:23:25,536 [INFO] Loaded runtime settings from data/config/runtime_settings.json
2026-04-25 09:23:25,536 [INFO] Runtime: target=18:40, mode=HA, lut=9pts
2026-04-25 09:23:25,536 [INFO] Configuration loaded
2026-04-25 09:23:25,660 [INFO] MQTT topics — cmd:DvirHome/WaterHeater/cmnd/POWER stat:DvirHome/WaterHeater/stat/POWER tele:DvirHome/WaterHeater/tele/#
2026-04-25 09:23:25,660 [INFO] Scheduler ready — target 18:40, check 16:40
2026-04-25 09:23:26,675 [INFO] Scheduler started
2026-04-25 09:23:26,675 [INFO] === System Ready ===
2026-04-25 09:23:26,822 [INFO] Sun times: sunrise=05:58, sunset=19:16
2026-04-25 09:23:27,123 [INFO] Collected 4 hourly measurements (sunrise→09:23)
2026-04-25 09:23:27,124 [INFO] Calculation: avg_temp=17.2°C, avg_cloud=95%, effective=13.44°C, duration=104min, sliders=(104,0)
2026-04-25 09:23:28,697 [INFO] MQTT cmd topic subscribed: DvirHome/Boiler/adhoc
2026-04-25 09:23:28,697 [INFO] MQTT cmd topic subscribed: DvirHome/Boiler/oneshot
2026-04-25 09:23:28,697 [INFO] MQTT cmd topic subscribed: DvirHome/Boiler/weekly
2026-04-25 09:23:28,697 [INFO] MQTT connected → subscribed stat+tele+cmds
2026-04-25 09:23:28,887 [INFO] MQTT stat: OFF
2026-04-25 09:23:55,426 [INFO] EXECUTE [MANUAL] 1min via HA
2026-04-25 09:23:55,433 [INFO] HA 1st run: 1min
2026-04-25 09:23:55,450 [INFO] Set input_number.boiler_duration_helper = 1 min
2026-04-25 09:23:55,462 [INFO] Triggered script.start_waterheater_using_ui
2026-04-25 09:23:55,462 [INFO] HA 1st run complete
2026-04-25 09:23:55,464 [INFO] Saved record for 2026-04-25
2026-04-25 09:23:55,595 [INFO] MQTT stat: ON
2026-04-25 09:24:55,196 [INFO] MQTT stat: OFF
2026-04-25 09:26:26,802 [INFO] EXECUTE [ONE-SHOT] 1min via HA
2026-04-25 09:26:26,802 [INFO] HA 1st run: 1min
2026-04-25 09:26:26,819 [INFO] Set input_number.boiler_duration_helper = 1 min
2026-04-25 09:26:26,834 [INFO] Triggered script.start_waterheater_using_ui
2026-04-25 09:26:26,834 [INFO] HA 1st run complete
2026-04-25 09:26:27,009 [INFO] MQTT stat: ON
2026-04-25 09:27:26,223 [INFO] MQTT stat: OFF
2026-04-25 16:40:27,728 [INFO] Sun times: sunrise=05:58, sunset=19:16
2026-04-25 16:40:28,041 [INFO] Collected 11 hourly measurements (sunrise→16:40)
2026-04-25 16:40:28,041 [INFO] Calculation: avg_temp=24.3°C, avg_cloud=63%, effective=21.79°C, duration=6min, sliders=(6,0)
2026-04-25 16:40:28,041 [INFO] Solar trigger at 18:34 (6min, 2nd=0min)
2026-04-25 20:08:15,905 [INFO] === Boiler Control System Starting ===
2026-04-25 20:08:15,922 [INFO] Loaded runtime settings from data/config/runtime_settings.json
2026-04-25 20:08:15,922 [INFO] Runtime: target=18:40, mode=HA, lut=9pts
2026-04-25 20:08:15,922 [INFO] Configuration loaded
2026-04-25 20:08:16,103 [INFO] MQTT topics — cmd:DvirHome/WaterHeater/cmnd/POWER stat:DvirHome/WaterHeater/stat/POWER tele:DvirHome/WaterHeater/tele/#
2026-04-25 20:08:16,104 [INFO] Scheduler ready — target 18:40, check 16:40
2026-04-25 20:08:17,650 [INFO] Scheduler started
2026-04-25 20:08:17,650 [INFO] === System Ready ===
2026-04-25 20:08:17,743 [INFO] Sun times: sunrise=05:58, sunset=19:16
2026-04-25 20:08:18,061 [INFO] Collected 14 hourly measurements (sunrise→19:16)
2026-04-25 20:08:18,062 [INFO] Calculation: avg_temp=24.4°C, avg_cloud=64%, effective=21.87°C, duration=6min, sliders=(6,0)
2026-04-25 20:08:18,142 [INFO] Sun times: sunrise=05:58, sunset=19:16
2026-04-25 20:08:18,530 [INFO] Collected 14 hourly measurements (sunrise→19:16)
2026-04-25 20:08:18,530 [INFO] Calculation: avg_temp=24.4°C, avg_cloud=64%, effective=21.87°C, duration=6min, sliders=(6,0)
2026-04-25 20:08:18,530 [INFO] Solar trigger at 18:34 (6min, 2nd=0min)
2026-04-25 20:08:18,530 [INFO] EXECUTE [SOLAR-1ST] 6min via HA
2026-04-25 20:08:18,530 [INFO] HA 1st run: 6min
2026-04-25 20:08:18,551 [INFO] Set input_number.boiler_duration_helper = 6 min
2026-04-25 20:08:18,562 [INFO] Triggered script.start_waterheater_using_ui
2026-04-25 20:08:18,562 [INFO] HA 1st run complete
2026-04-25 20:08:18,564 [INFO] Saved record for 2026-04-25
2026-04-25 20:08:19,665 [INFO] MQTT cmd topic subscribed: DvirHome/Boiler/adhoc
2026-04-25 20:08:19,666 [INFO] MQTT cmd topic subscribed: DvirHome/Boiler/oneshot
2026-04-25 20:08:19,666 [INFO] MQTT cmd topic subscribed: DvirHome/Boiler/weekly
2026-04-25 20:08:19,666 [INFO] MQTT connected → subscribed stat+tele+cmds
2026-04-25 20:08:20,057 [INFO] MQTT stat: ON
2026-04-25 20:14:18,384 [INFO] MQTT stat: OFF
2026-04-26 16:40:21,301 [INFO] Sun times: sunrise=05:57, sunset=19:17
2026-04-26 16:40:21,647 [INFO] Collected 11 hourly measurements (sunrise→16:40)
2026-04-26 16:40:21,647 [INFO] Calculation: avg_temp=25.6°C, avg_cloud=57%, effective=23.34°C, duration=2min, sliders=(2,0)
2026-04-26 16:40:21,648 [INFO] Solar trigger at 18:38 (2min, 2nd=0min)
2026-04-26 18:35:00,292 [INFO] MQTT stat: ON
2026-04-26 18:38:21,904 [INFO] EXECUTE [SOLAR-1ST] 2min via HA
2026-04-26 18:38:21,905 [INFO] HA 1st run: 2min
2026-04-26 18:38:21,929 [INFO] Set input_number.boiler_duration_helper = 2 min
2026-04-26 18:38:21,945 [INFO] Triggered script.start_waterheater_using_ui
2026-04-26 18:38:21,946 [INFO] HA 1st run complete
2026-04-26 18:38:21,953 [INFO] Saved record for 2026-04-26
2026-04-26 18:38:22,313 [INFO] MQTT stat: ON
2026-04-26 18:40:21,094 [INFO] MQTT stat: OFF
2026-04-27 16:40:24,714 [INFO] Sun times: sunrise=05:56, sunset=19:17
2026-04-27 16:40:25,043 [INFO] Collected 11 hourly measurements (sunrise→16:40)
2026-04-27 16:40:25,043 [INFO] Calculation: avg_temp=20.3°C, avg_cloud=64%, effective=17.71°C, duration=32min, sliders=(32,0)
2026-04-27 16:40:25,044 [INFO] Solar trigger at 18:08 (32min, 2nd=0min)
2026-04-27 17:53:00,344 [INFO] MQTT stat: ON
2026-04-27 18:08:25,264 [INFO] EXECUTE [SOLAR-1ST] 32min via HA
2026-04-27 18:08:25,265 [INFO] HA 1st run: 32min
2026-04-27 18:08:25,289 [INFO] Set input_number.boiler_duration_helper = 32 min
2026-04-27 18:08:25,304 [INFO] Triggered script.start_waterheater_using_ui
2026-04-27 18:08:25,305 [INFO] HA 1st run complete
2026-04-27 18:08:25,312 [INFO] Saved record for 2026-04-27
2026-04-27 18:08:25,608 [INFO] MQTT stat: ON
2026-04-27 18:40:25,256 [INFO] MQTT stat: OFF
2026-04-27 19:23:50,776 [WARNING] MQTT disconnected rc=16
2026-04-27 19:23:50,780 [WARNING] MQTT disconnected rc=16
2026-04-27 19:43:57,797 [INFO] MQTT cmd topic subscribed: DvirHome/Boiler/adhoc
2026-04-27 19:43:57,798 [INFO] MQTT cmd topic subscribed: DvirHome/Boiler/oneshot
2026-04-27 19:43:57,798 [INFO] MQTT cmd topic subscribed: DvirHome/Boiler/weekly
2026-04-27 19:43:57,799 [INFO] MQTT connected → subscribed stat+tele+cmds
2026-04-27 19:43:58,161 [INFO] MQTT stat: OFF
2026-04-27 22:49:33,936 [WARNING] MQTT disconnected rc=16
2026-04-27 22:49:33,940 [WARNING] MQTT disconnected rc=16
2026-04-28 01:45:41,009 [INFO] MQTT cmd topic subscribed: DvirHome/Boiler/adhoc
2026-04-28 01:45:41,009 [INFO] MQTT cmd topic subscribed: DvirHome/Boiler/oneshot
2026-04-28 01:45:41,009 [INFO] MQTT cmd topic subscribed: DvirHome/Boiler/weekly
2026-04-28 01:45:41,009 [INFO] MQTT connected → subscribed stat+tele+cmds
2026-04-28 01:45:41,215 [INFO] MQTT stat: OFF
2026-04-28 02:49:57,130 [INFO] MQTT stat: ON
2026-04-28 02:50:00,159 [INFO] MQTT stat: OFF
2026-04-28 03:10:30,737 [INFO] MQTT stat: ON
2026-04-28 03:10:34,329 [INFO] MQTT stat: OFF
2026-04-28 03:10:34,423 [INFO] MQTT stat: OFF
2026-04-28 16:40:28,144 [INFO] Sun times: sunrise=05:55, sunset=19:18
2026-04-28 16:40:28,477 [INFO] Collected 11 hourly measurements (sunrise→16:40)
2026-04-28 16:40:28,478 [INFO] Calculation: avg_temp=21.6°C, avg_cloud=42%, effective=19.9°C, duration=16min, sliders=(16,0)
2026-04-28 16:40:28,478 [INFO] Solar trigger at 18:24 (16min, 2nd=0min)
2026-04-28 18:23:00,166 [INFO] MQTT stat: ON
2026-04-28 18:24:28,716 [INFO] EXECUTE [SOLAR-1ST] 16min via HA
2026-04-28 18:24:28,717 [INFO] HA 1st run: 16min
2026-04-28 18:24:28,746 [INFO] Set input_number.boiler_duration_helper = 16 min
2026-04-28 18:24:28,761 [INFO] Triggered script.start_waterheater_using_ui
2026-04-28 18:24:28,762 [INFO] HA 1st run complete
2026-04-28 18:24:28,770 [INFO] Saved record for 2026-04-28
2026-04-28 18:24:29,108 [INFO] MQTT stat: ON
2026-04-28 18:40:28,227 [INFO] MQTT stat: OFF
2026-04-28 21:12:58,191 [WARNING] MQTT disconnected rc=7
2026-04-28 21:12:59,202 [INFO] MQTT cmd topic subscribed: DvirHome/Boiler/adhoc
2026-04-28 21:12:59,202 [INFO] MQTT cmd topic subscribed: DvirHome/Boiler/oneshot
2026-04-28 21:12:59,203 [INFO] MQTT cmd topic subscribed: DvirHome/Boiler/weekly
2026-04-28 21:12:59,203 [INFO] MQTT connected → subscribed stat+tele+cmds
2026-04-28 21:12:59,328 [INFO] MQTT stat: OFF
2026-04-28 21:19:10,085 [INFO] MQTT stat: ON
2026-04-28 21:40:09,397 [INFO] MQTT stat: OFF
2026-04-29 16:40:04,111 [INFO] Sun times: sunrise=05:54, sunset=19:19
2026-04-29 16:40:06,058 [INFO] Collected 11 hourly measurements (sunrise→16:40)
2026-04-29 16:40:06,059 [INFO] Calculation: avg_temp=21.9°C, avg_cloud=34%, effective=20.5°C, duration=12min, sliders=(12,0)
2026-04-29 16:40:06,059 [INFO] Solar trigger at 18:28 (12min, 2nd=0min)
2026-04-29 18:00:57,322 [WARNING] MQTT disconnected rc=7
2026-04-29 18:01:05,338 [INFO] MQTT cmd topic subscribed: DvirHome/Boiler/adhoc
2026-04-29 18:01:05,340 [INFO] MQTT cmd topic subscribed: DvirHome/Boiler/oneshot
2026-04-29 18:01:05,341 [INFO] MQTT cmd topic subscribed: DvirHome/Boiler/weekly
2026-04-29 18:01:05,341 [INFO] MQTT connected → subscribed stat+tele+cmds
2026-04-29 18:02:22,405 [WARNING] MQTT disconnected rc=7
2026-04-29 18:19:12,432 [INFO] MQTT cmd topic subscribed: DvirHome/Boiler/adhoc
2026-04-29 18:19:12,432 [INFO] MQTT cmd topic subscribed: DvirHome/Boiler/oneshot
2026-04-29 18:19:12,432 [INFO] MQTT cmd topic subscribed: DvirHome/Boiler/weekly
2026-04-29 18:19:12,432 [INFO] MQTT connected → subscribed stat+tele+cmds
2026-04-29 18:19:12,742 [INFO] MQTT stat: OFF
2026-04-29 18:22:01,747 [WARNING] MQTT disconnected rc=7
2026-04-29 18:26:31,758 [INFO] MQTT cmd topic subscribed: DvirHome/Boiler/adhoc
2026-04-29 18:26:31,758 [INFO] MQTT cmd topic subscribed: DvirHome/Boiler/oneshot
2026-04-29 18:26:31,759 [INFO] MQTT cmd topic subscribed: DvirHome/Boiler/weekly
2026-04-29 18:26:31,759 [INFO] MQTT connected → subscribed stat+tele+cmds
2026-04-29 18:26:32,317 [INFO] MQTT stat: OFF
2026-04-29 18:28:06,272 [INFO] EXECUTE [SOLAR-1ST] 12min via HA
2026-04-29 18:28:06,272 [INFO] HA 1st run: 12min
2026-04-29 18:28:06,292 [INFO] Set input_number.boiler_duration_helper = 12 min
2026-04-29 18:28:06,302 [INFO] Triggered script.start_waterheater_using_ui
2026-04-29 18:28:06,302 [INFO] HA 1st run complete
2026-04-29 18:28:06,304 [INFO] Saved record for 2026-04-29
2026-04-29 18:28:06,640 [INFO] MQTT stat: ON
2026-04-29 18:40:06,229 [INFO] MQTT stat: OFF
2026-04-29 19:17:08,292 [INFO] MQTT stat: ON
2026-04-29 19:31:08,245 [INFO] MQTT stat: OFF
2026-04-29 20:40:36,411 [INFO] MQTT stat: ON
2026-04-29 20:41:32,233 [INFO] MQTT stat: OFF
2026-04-29 20:54:36,348 [INFO] MQTT stat: OFF
2026-04-30 16:40:09,781 [INFO] Sun times: sunrise=05:53, sunset=19:20
2026-04-30 16:40:13,371 [INFO] Collected 11 hourly measurements (sunrise→16:40)
2026-04-30 16:40:13,371 [INFO] Calculation: avg_temp=21.2°C, avg_cloud=39%, effective=19.61°C, duration=18min, sliders=(18,0)
2026-04-30 16:40:13,372 [INFO] Solar trigger at 18:22 (18min, 2nd=0min)
2026-04-30 17:36:05,333 [INFO] Scheduler stopped
2026-04-30 17:36:05,333 [INFO] === System Shutdown ===
2026-05-14 22:44:57,270 [INFO] === Boiler Control System Starting ===
2026-05-14 22:44:57,286 [INFO] Loaded runtime settings from data/config/runtime_settings.json
2026-05-14 22:44:57,286 [INFO] Runtime: target=18:40, mode=HA, lut=9pts
2026-05-14 22:44:57,286 [INFO] Configuration loaded
2026-05-14 22:44:58,398 [INFO] MQTT topics — cmd:DvirHome/WaterHeater/cmnd/POWER stat:DvirHome/WaterHeater/stat/POWER tele:DvirHome/WaterHeater/tele/#
2026-05-14 22:44:58,398 [INFO] Scheduler ready — target 18:40, check 16:40
2026-05-14 22:44:59,773 [INFO] Scheduler started
2026-05-14 22:44:59,773 [INFO] === System Ready ===
2026-05-14 22:45:01,843 [INFO] MQTT cmd topic subscribed: DvirHome/Boiler/adhoc
2026-05-14 22:45:01,843 [INFO] MQTT cmd topic subscribed: DvirHome/Boiler/oneshot
2026-05-14 22:45:01,843 [INFO] MQTT cmd topic subscribed: DvirHome/Boiler/weekly
2026-05-14 22:45:01,843 [INFO] MQTT connected → subscribed stat+tele+cmds
2026-05-14 22:45:01,959 [INFO] MQTT stat: OFF
2026-05-14 22:45:10,685 [INFO] Sun times: sunrise=05:41, sunset=19:30
2026-05-14 22:45:10,691 [INFO] Sun times: sunrise=05:41, sunset=19:30
2026-05-14 22:45:11,053 [INFO] Collected 14 hourly measurements (sunrise→19:30)
2026-05-14 22:45:11,054 [INFO] Calculation: avg_temp=28.6°C, avg_cloud=64%, effective=25.98°C, duration=0min, sliders=(0,0)
2026-05-14 22:45:11,056 [INFO] Collected 14 hourly measurements (sunrise→19:30)
2026-05-14 22:45:11,056 [INFO] Calculation: avg_temp=28.6°C, avg_cloud=64%, effective=25.98°C, duration=0min, sliders=(0,0)
2026-05-14 22:45:11,057 [INFO] Solar trigger at 18:40 (0min, 2nd=0min)
2026-05-14 22:45:11,057 [INFO] EXECUTE [SOLAR-1ST] 0min via HA
2026-05-14 22:45:11,061 [INFO] HA 1st run: 0min
2026-05-14 22:45:11,131 [INFO] Set input_number.boiler_duration_helper = 0 min
2026-05-14 22:45:11,169 [INFO] Triggered script.start_waterheater_using_ui
2026-05-14 22:45:11,169 [INFO] HA 1st run complete
2026-05-14 22:45:11,173 [INFO] Saved record for 2026-05-14
2026-05-14 22:45:11,470 [INFO] MQTT stat: ON
2026-05-14 22:45:55,393 [INFO] MQTT stat: OFF
2026-05-14 22:45:55,482 [INFO] MQTT stat: OFF
2026-05-14 22:48:14,718 [INFO] === Boiler Control System Starting ===
2026-05-14 22:48:14,728 [INFO] Loaded runtime settings from data/config/runtime_settings.json
2026-05-14 22:48:14,728 [INFO] Runtime: target=18:40, mode=HA, lut=9pts
2026-05-14 22:48:14,729 [INFO] Configuration loaded
2026-05-14 22:48:14,879 [INFO] MQTT topics — cmd:DvirHome/WaterHeater/cmnd/POWER stat:DvirHome/WaterHeater/stat/POWER tele:DvirHome/WaterHeater/tele/#
2026-05-14 22:48:14,879 [INFO] Scheduler ready — target 18:40, check 16:40
2026-05-14 22:49:40,304 [INFO] === Boiler Control System Starting ===
2026-05-14 22:49:40,314 [INFO] Loaded runtime settings from data/config/runtime_settings.json
2026-05-14 22:49:40,315 [INFO] Runtime: target=18:40, mode=HA, lut=9pts
2026-05-14 22:49:40,315 [INFO] Configuration loaded
2026-05-14 22:49:40,447 [INFO] MQTT topics — cmd:DvirHome/WaterHeater/cmnd/POWER stat:DvirHome/WaterHeater/stat/POWER tele:DvirHome/WaterHeater/tele/#
2026-05-14 22:49:40,448 [INFO] Scheduler ready — target 18:40, check 16:40
2026-05-15 12:03:32,818 [INFO] === Boiler Control System Starting ===
2026-05-15 12:03:32,838 [INFO] Loaded runtime settings from data/config/runtime_settings.json
2026-05-15 12:03:32,838 [INFO] Runtime: target=18:40, mode=HA, lut=9pts
2026-05-15 12:03:32,838 [INFO] Configuration loaded
2026-05-15 12:03:33,026 [INFO] MQTT topics — cmd:DvirHome/WaterHeater/cmnd/POWER stat:DvirHome/WaterHeater/stat/POWER tele:DvirHome/WaterHeater/tele/#
2026-05-15 12:03:33,027 [INFO] Scheduler ready — target 18:40, check 16:40
2026-05-15 12:03:34,235 [INFO] Scheduler started
2026-05-15 12:03:34,236 [INFO] === System Ready ===
2026-05-15 12:03:34,444 [INFO] Sun times: sunrise=05:40, sunset=19:31
2026-05-15 12:03:34,768 [INFO] Collected 7 hourly measurements (sunrise→12:03)
2026-05-15 12:03:34,768 [INFO] Calculation: avg_temp=22.0°C, avg_cloud=71%, effective=19.15°C, duration=21min, sliders=(21,0)
2026-05-15 12:03:36,253 [INFO] MQTT cmd topic subscribed: DvirHome/Boiler/adhoc
2026-05-15 12:03:36,253 [INFO] MQTT cmd topic subscribed: DvirHome/Boiler/oneshot
2026-05-15 12:03:36,253 [INFO] MQTT cmd topic subscribed: DvirHome/Boiler/weekly
2026-05-15 12:03:36,253 [INFO] MQTT connected → subscribed stat+tele+cmds
2026-05-15 12:03:36,656 [INFO] MQTT stat: OFF
2026-05-15 12:09:04,444 [INFO] EXECUTE [MANUAL] 1min via HA
2026-05-15 12:09:04,448 [INFO] HA 1st run: 1min
2026-05-15 12:09:04,468 [INFO] Set input_number.boiler_duration_helper = 1 min
2026-05-15 12:09:04,486 [INFO] Triggered script.start_waterheater_using_ui
2026-05-15 12:09:04,486 [INFO] HA 1st run complete
2026-05-15 12:09:04,488 [INFO] Saved record for 2026-05-15
2026-05-15 12:09:04,923 [INFO] MQTT stat: ON
2026-05-15 12:10:04,112 [INFO] MQTT stat: OFF
2026-05-15 12:11:04,438 [INFO] EXECUTE [ONE-SHOT] 1min via HA
2026-05-15 12:11:04,439 [INFO] HA 1st run: 1min
2026-05-15 12:11:04,457 [INFO] Set input_number.boiler_duration_helper = 1 min
2026-05-15 12:11:04,470 [INFO] Triggered script.start_waterheater_using_ui
2026-05-15 12:11:04,470 [INFO] HA 1st run complete
2026-05-15 12:11:04,608 [INFO] MQTT stat: ON
2026-05-15 12:12:04,148 [INFO] MQTT stat: OFF
2026-05-15 16:40:06,866 [INFO] Sun times: sunrise=05:40, sunset=19:31
2026-05-15 16:40:08,844 [INFO] Collected 11 hourly measurements (sunrise→16:40)
2026-05-15 16:40:08,845 [INFO] Calculation: avg_temp=22.4°C, avg_cloud=79%, effective=19.27°C, duration=20min, sliders=(20,0)
2026-05-15 16:40:08,845 [INFO] Solar trigger at 18:20 (20min, 2nd=0min)
2026-05-15 18:14:00,482 [INFO] MQTT stat: ON
2026-05-15 18:20:08,997 [INFO] EXECUTE [SOLAR-1ST] 20min via HA
2026-05-15 18:20:08,997 [INFO] HA 1st run: 20min
2026-05-15 18:20:09,016 [INFO] Set input_number.boiler_duration_helper = 20 min
2026-05-15 18:20:09,030 [INFO] Triggered script.start_waterheater_using_ui
2026-05-15 18:20:09,031 [INFO] HA 1st run complete
2026-05-15 18:20:09,033 [INFO] Saved record for 2026-05-15
2026-05-15 18:20:09,422 [INFO] MQTT stat: ON
2026-05-15 18:40:09,199 [INFO] MQTT stat: OFF
2026-05-15 20:59:36,336 [INFO] Sun times: sunrise=05:40, sunset=19:31
2026-05-15 20:59:36,658 [INFO] Collected 14 hourly measurements (sunrise→19:31)
2026-05-15 20:59:36,658 [INFO] Calculation: avg_temp=22.3°C, avg_cloud=78%, effective=19.13°C, duration=22min, sliders=(22,0)
2026-05-15 20:59:39,954 [INFO] Sun times: sunrise=05:40, sunset=19:31
2026-05-15 20:59:40,252 [INFO] Collected 14 hourly measurements (sunrise→19:31)
2026-05-15 20:59:40,253 [INFO] Calculation: avg_temp=22.3°C, avg_cloud=78%, effective=19.13°C, duration=22min, sliders=(22,0)
2026-05-16 07:44:24,710 [INFO] Sun times: sunrise=05:39, sunset=19:31
2026-05-16 07:44:25,042 [INFO] Collected 2 hourly measurements (sunrise→07:44)
2026-05-16 07:44:25,042 [INFO] Calculation: avg_temp=17.9°C, avg_cloud=55%, effective=15.65°C, duration=53min, sliders=(53,0)
2026-05-16 08:08:18,511 [WARNING] No record for today - cannot retry HA
2026-05-16 08:15:38,558 [INFO] Sun times: sunrise=05:39, sunset=19:31
2026-05-16 08:15:38,878 [INFO] Collected 3 hourly measurements (sunrise→08:15)
2026-05-16 08:15:38,878 [INFO] Calculation: avg_temp=18.5°C, avg_cloud=60%, effective=16.1°C, duration=44min, sliders=(44,0)
2026-05-16 10:00:57,736 [INFO] Sun times: sunrise=05:39, sunset=19:31
2026-05-16 10:00:58,337 [INFO] Collected 5 hourly measurements (sunrise→10:00)
2026-05-16 10:00:58,338 [INFO] Calculation: avg_temp=19.8°C, avg_cloud=55%, effective=17.55°C, duration=33min, sliders=(33,0)
2026-05-16 16:40:12,679 [INFO] Sun times: sunrise=05:39, sunset=19:31
2026-05-16 16:40:13,682 [INFO] Collected 11 hourly measurements (sunrise→16:40)
2026-05-16 16:40:13,682 [INFO] Calculation: avg_temp=22.0°C, avg_cloud=50%, effective=19.99°C, duration=15min, sliders=(15,0)
2026-05-16 16:40:13,682 [INFO] Solar trigger at 18:25 (15min, 2nd=0min)
2026-05-16 18:25:00,378 [INFO] MQTT stat: ON
2026-05-16 18:25:13,847 [INFO] EXECUTE [SOLAR-1ST] 15min via HA
2026-05-16 18:25:13,848 [INFO] HA 1st run: 15min
2026-05-16 18:25:13,869 [INFO] Set input_number.boiler_duration_helper = 15 min
2026-05-16 18:25:13,882 [INFO] Triggered script.start_waterheater_using_ui
2026-05-16 18:25:13,883 [INFO] HA 1st run complete
2026-05-16 18:25:13,889 [INFO] Saved record for 2026-05-16
2026-05-16 18:25:14,065 [INFO] MQTT stat: ON
2026-05-16 18:40:13,392 [INFO] MQTT stat: OFF
2026-05-17 16:40:15,666 [INFO] Sun times: sunrise=05:39, sunset=19:32
2026-05-17 16:40:16,302 [INFO] Collected 11 hourly measurements (sunrise→16:40)
2026-05-17 16:40:16,303 [INFO] Calculation: avg_temp=27.0°C, avg_cloud=20%, effective=26.24°C, duration=0min, sliders=(0,0)
2026-05-17 16:40:16,303 [INFO] Solar trigger at 18:40 (0min, 2nd=0min)
2026-05-17 18:39:00,194 [INFO] MQTT stat: ON
2026-05-17 18:40:00,271 [INFO] MQTT stat: OFF
2026-05-17 18:40:16,436 [INFO] EXECUTE [SOLAR-1ST] 0min via HA
2026-05-17 18:40:16,436 [INFO] HA 1st run: 0min
2026-05-17 18:40:16,457 [INFO] Set input_number.boiler_duration_helper = 0 min
2026-05-17 18:40:16,470 [INFO] Triggered script.start_waterheater_using_ui
2026-05-17 18:40:16,470 [INFO] HA 1st run complete
2026-05-17 18:40:16,475 [INFO] Saved record for 2026-05-17
2026-05-17 18:40:16,839 [INFO] MQTT stat: ON
2026-05-17 18:45:16,226 [INFO] MQTT stat: OFF
2026-05-17 21:09:42,283 [INFO] === Boiler Control System Starting ===
2026-05-17 21:09:42,299 [INFO] Loaded runtime settings from data/config/runtime_settings.json
2026-05-17 21:09:42,299 [INFO] Runtime: target=18:40, mode=HA, lut=9pts
2026-05-17 21:09:42,299 [INFO] Configuration loaded
2026-05-17 21:09:42,502 [INFO] MQTT topics — cmd:DvirHome/WaterHeater/cmnd/POWER stat:DvirHome/WaterHeater/stat/POWER tele:DvirHome/WaterHeater/tele/#
2026-05-17 21:09:42,502 [INFO] Scheduler ready — target 18:40, check 16:40
2026-05-17 21:09:43,953 [INFO] Scheduler started
2026-05-17 21:09:43,953 [INFO] === System Ready ===
2026-05-17 21:09:44,116 [INFO] Sun times: sunrise=05:39, sunset=19:32
2026-05-17 21:09:44,424 [INFO] Collected 14 hourly measurements (sunrise→19:32)
2026-05-17 21:09:44,426 [INFO] Calculation: avg_temp=27.6°C, avg_cloud=17%, effective=26.9°C, duration=0min, sliders=(0,0)
2026-05-17 21:09:45,980 [INFO] MQTT cmd topic subscribed: DvirHome/Boiler/adhoc
2026-05-17 21:09:45,980 [INFO] MQTT cmd topic subscribed: DvirHome/Boiler/oneshot
2026-05-17 21:09:45,980 [INFO] MQTT cmd topic subscribed: DvirHome/Boiler/weekly
2026-05-17 21:09:45,980 [INFO] MQTT connected → subscribed stat+tele+cmds
2026-05-17 21:09:46,215 [INFO] MQTT stat: OFF
2026-05-17 21:22:49,919 [INFO] Scheduler stopped
2026-05-17 21:22:49,919 [INFO] === System Shutdown ===
2026-05-17 21:28:44,634 [INFO] === Boiler Control System Starting ===
2026-05-17 21:28:44,653 [INFO] Loaded runtime settings from data/config/runtime_settings.json
2026-05-17 21:28:44,653 [INFO] Runtime: target=18:40, mode=HA, lut=9pts
2026-05-17 21:28:44,653 [INFO] Configuration loaded
2026-05-17 21:28:44,781 [INFO] MQTT topics — cmd:DvirHome/WaterHeater/cmnd/POWER stat:DvirHome/WaterHeater/stat/POWER tele:DvirHome/WaterHeater/tele/#
2026-05-17 21:28:44,781 [INFO] Scheduler ready — target 18:40, check 16:40
2026-05-17 21:28:45,858 [INFO] Scheduler started
2026-05-17 21:28:45,858 [INFO] === System Ready ===
2026-05-17 21:28:46,051 [INFO] Sun times: sunrise=05:39, sunset=19:32
2026-05-17 21:28:46,354 [INFO] Collected 14 hourly measurements (sunrise→19:32)
2026-05-17 21:28:46,354 [INFO] Calculation: avg_temp=27.6°C, avg_cloud=17%, effective=26.9°C, duration=0min, sliders=(0,0)
2026-05-17 21:28:47,872 [INFO] MQTT cmd topic subscribed: DvirHome/Boiler/adhoc
2026-05-17 21:28:47,872 [INFO] MQTT cmd topic subscribed: DvirHome/Boiler/oneshot
2026-05-17 21:28:47,872 [INFO] MQTT cmd topic subscribed: DvirHome/Boiler/weekly
2026-05-17 21:28:47,872 [INFO] MQTT connected → subscribed stat+tele+cmds
2026-05-17 21:28:48,195 [INFO] MQTT stat: OFF
2026-05-17 21:31:35,609 [INFO] EXECUTE [MANUAL] 1min via HA
2026-05-17 21:31:35,619 [INFO] HA 1st run: 1min
2026-05-17 21:31:35,649 [INFO] Set input_number.boiler_duration_helper = 1 min
2026-05-17 21:31:35,671 [INFO] Triggered script.start_waterheater_using_ui
2026-05-17 21:31:35,671 [INFO] HA 1st run complete
2026-05-17 21:31:35,842 [INFO] MQTT stat: ON
2026-05-17 21:32:35,135 [INFO] MQTT stat: OFF
2026-05-17 21:35:35,031 [INFO] EXECUTE [MANUAL] 8min via HA
2026-05-17 21:35:35,040 [INFO] HA 1st run: 8min
2026-05-17 21:35:35,061 [INFO] Set input_number.boiler_duration_helper = 8 min
2026-05-17 21:35:35,077 [INFO] Triggered script.start_waterheater_using_ui
2026-05-17 21:35:35,078 [INFO] HA 1st run complete
2026-05-17 21:35:35,264 [INFO] MQTT stat: ON
2026-05-17 21:36:08,212 [INFO] MQTT DvirHome/WaterHeater/cmnd/POWER = OFF → OK
2026-05-17 21:36:08,488 [INFO] MQTT stat: OFF
2026-05-17 21:43:35,149 [INFO] MQTT stat: OFF
2026-05-17 21:47:56,503 [INFO] === Boiler Control System Starting ===
2026-05-17 21:47:56,516 [INFO] Loaded runtime settings from data/config/runtime_settings.json
2026-05-17 21:47:56,516 [INFO] Runtime: target=18:40, mode=HA, lut=9pts
2026-05-17 21:47:56,516 [INFO] Configuration loaded
2026-05-17 21:47:56,634 [INFO] MQTT topics — cmd:DvirHome/WaterHeater/cmnd/POWER stat:DvirHome/WaterHeater/stat/POWER tele:DvirHome/WaterHeater/tele/#
2026-05-17 21:47:56,634 [INFO] Scheduler ready — target 18:40, check 16:40
2026-05-17 21:47:57,692 [INFO] Scheduler started
2026-05-17 21:47:57,692 [INFO] === System Ready ===
2026-05-17 21:47:57,872 [INFO] Sun times: sunrise=05:39, sunset=19:32
2026-05-17 21:47:58,169 [INFO] Collected 14 hourly measurements (sunrise→19:32)
2026-05-17 21:47:58,169 [INFO] Calculation: avg_temp=27.6°C, avg_cloud=17%, effective=26.9°C, duration=0min, sliders=(0,0)
2026-05-17 21:47:59,708 [INFO] MQTT cmd topic subscribed: DvirHome/Boiler/adhoc
2026-05-17 21:47:59,709 [INFO] MQTT cmd topic subscribed: DvirHome/Boiler/oneshot
2026-05-17 21:47:59,709 [INFO] MQTT cmd topic subscribed: DvirHome/Boiler/weekly
2026-05-17 21:47:59,709 [INFO] MQTT connected → subscribed stat+tele+cmds
2026-05-17 21:48:00,046 [INFO] MQTT stat: OFF
2026-05-17 21:48:26,549 [INFO] EXECUTE [MANUAL] 1min via HA
2026-05-17 21:48:26,556 [INFO] HA 1st run: 1min
2026-05-17 21:48:26,573 [INFO] Set input_number.boiler_duration_helper = 1 min
2026-05-17 21:48:26,586 [INFO] Triggered script.start_waterheater_using_ui
2026-05-17 21:48:26,587 [INFO] HA 1st run complete
2026-05-17 21:48:26,745 [INFO] MQTT stat: ON
2026-05-17 21:49:26,163 [INFO] MQTT stat: OFF
2026-05-17 21:49:46,715 [INFO] EXECUTE [MANUAL] 1min via HA
2026-05-17 21:49:46,722 [INFO] HA 1st run: 1min
2026-05-17 21:49:46,744 [INFO] Set input_number.boiler_duration_helper = 1 min
2026-05-17 21:49:46,762 [INFO] Triggered script.start_waterheater_using_ui
2026-05-17 21:49:46,763 [INFO] HA 1st run complete
2026-05-17 21:49:46,919 [INFO] MQTT stat: ON
2026-05-17 21:50:46,187 [INFO] MQTT stat: OFF
2026-05-17 21:52:27,848 [INFO] EXECUTE [ONE-SHOT] 2min via HA
2026-05-17 21:52:27,848 [INFO] HA 1st run: 2min
2026-05-17 21:52:27,867 [INFO] Set input_number.boiler_duration_helper = 2 min
2026-05-17 21:52:27,885 [INFO] Triggered script.start_waterheater_using_ui
2026-05-17 21:52:27,886 [INFO] HA 1st run complete
2026-05-17 21:52:28,123 [INFO] MQTT stat: ON
2026-05-17 21:54:27,297 [INFO] MQTT stat: OFF
2026-05-18 16:40:30,341 [INFO] Sun times: sunrise=05:38, sunset=19:33
2026-05-18 16:40:30,710 [INFO] Collected 11 hourly measurements (sunrise→16:40)
2026-05-18 16:40:30,711 [INFO] Calculation: avg_temp=26.7°C, avg_cloud=79%, effective=23.57°C, duration=1min, sliders=(1,0)
2026-05-18 16:40:30,711 [INFO] Solar trigger at 18:39 (1min, 2nd=0min)
2026-05-18 18:36:00,400 [INFO] MQTT stat: ON
2026-05-18 18:39:00,857 [INFO] EXECUTE [SOLAR-1ST] 1min via HA
2026-05-18 18:39:00,857 [INFO] HA 1st run: 1min
2026-05-18 18:39:00,881 [INFO] Set input_number.boiler_duration_helper = 1 min
2026-05-18 18:39:00,896 [INFO] Triggered script.start_waterheater_using_ui
2026-05-18 18:39:00,897 [INFO] HA 1st run complete
2026-05-18 18:39:00,903 [INFO] Saved record for 2026-05-18
2026-05-18 18:39:01,204 [INFO] MQTT stat: ON
2026-05-18 18:40:00,153 [INFO] MQTT stat: OFF
2026-05-18 21:43:00,964 [INFO] EXECUTE [ONE-SHOT] 2min via HA
2026-05-18 21:43:00,964 [INFO] HA 1st run: 2min
2026-05-18 21:43:00,988 [INFO] Set input_number.boiler_duration_helper = 2 min
2026-05-18 21:43:01,003 [INFO] Triggered script.start_waterheater_using_ui
2026-05-18 21:43:01,003 [INFO] HA 1st run complete
2026-05-18 21:43:01,250 [INFO] MQTT stat: ON
2026-05-18 21:45:01,271 [INFO] MQTT stat: OFF
2026-05-18 22:05:27,929 [INFO] Scheduler stopped
2026-05-18 22:05:27,930 [INFO] === System Shutdown ===
2026-05-18 22:10:43,255 [INFO] === Boiler Control System Starting ===
2026-05-18 22:10:43,274 [INFO] Loaded runtime settings from data/config/runtime_settings.json
2026-05-18 22:10:43,274 [INFO] Runtime: target=18:40, mode=HA, lut=9pts
2026-05-18 22:10:43,274 [INFO] Configuration loaded
2026-05-18 22:10:43,431 [INFO] MQTT topics — cmd:DvirHome/WaterHeater/cmnd/POWER stat:DvirHome/WaterHeater/stat/POWER tele:DvirHome/WaterHeater/tele/#
2026-05-18 22:10:43,431 [INFO] Scheduler ready — target 18:40, check 16:40
2026-05-18 22:10:44,713 [INFO] Scheduler started
2026-05-18 22:10:44,714 [INFO] === System Ready ===
2026-05-18 22:10:44,883 [INFO] Sun times: sunrise=05:38, sunset=19:33
2026-05-18 22:10:45,208 [INFO] Collected 14 hourly measurements (sunrise→19:33)
2026-05-18 22:10:45,209 [INFO] Calculation: avg_temp=26.4°C, avg_cloud=76%, effective=23.36°C, duration=2min, sliders=(2,0)
2026-05-18 22:10:46,730 [INFO] MQTT cmd topic subscribed: DvirHome/Boiler/adhoc
2026-05-18 22:10:46,730 [INFO] MQTT cmd topic subscribed: DvirHome/Boiler/oneshot
2026-05-18 22:10:46,731 [INFO] MQTT cmd topic subscribed: DvirHome/Boiler/weekly
2026-05-18 22:10:46,731 [INFO] MQTT connected → subscribed stat+tele+cmds
2026-05-18 22:10:46,956 [INFO] MQTT stat: OFF
2026-05-18 22:20:14,891 [INFO] Scheduler stopped
2026-05-18 22:20:14,892 [INFO] === System Shutdown ===
2026-05-18 22:21:40,973 [INFO] === Boiler Control System Starting ===
2026-05-18 22:21:40,999 [INFO] Loaded runtime settings from data/config/runtime_settings.json
2026-05-18 22:21:40,999 [INFO] Runtime: target=18:40, mode=HA, lut=9pts
2026-05-18 22:21:40,999 [INFO] Configuration loaded
2026-05-18 22:21:41,165 [INFO] MQTT topics — cmd:DvirHome/WaterHeater/cmnd/POWER stat:DvirHome/WaterHeater/stat/POWER tele:DvirHome/WaterHeater/tele/#
2026-05-18 22:21:41,166 [INFO] Scheduler ready — target 18:40, check 16:40
2026-05-18 22:21:42,448 [INFO] Scheduler started
2026-05-18 22:21:42,448 [INFO] === System Ready ===
2026-05-18 22:21:42,621 [INFO] Sun times: sunrise=05:38, sunset=19:33
2026-05-18 22:21:42,990 [INFO] Collected 14 hourly measurements (sunrise→19:33)
2026-05-18 22:21:42,990 [INFO] Calculation: avg_temp=26.4°C, avg_cloud=76%, effective=23.36°C, duration=2min, sliders=(2,0)
2026-05-18 22:21:44,467 [INFO] MQTT cmd topic subscribed: DvirHome/Boiler/adhoc
2026-05-18 22:21:44,467 [INFO] MQTT cmd topic subscribed: DvirHome/Boiler/oneshot
2026-05-18 22:21:44,467 [INFO] MQTT cmd topic subscribed: DvirHome/Boiler/weekly
2026-05-18 22:21:44,467 [INFO] MQTT connected → subscribed stat+tele+cmds
2026-05-18 22:21:44,518 [INFO] MQTT stat: OFF
2026-05-18 22:22:42,632 [INFO] EXECUTE [WEEKLY-1] 45min via HA
2026-05-18 22:22:42,633 [INFO] HA 1st run: 45min
2026-05-18 22:22:42,656 [INFO] Set input_number.boiler_duration_helper = 45 min
2026-05-18 22:22:42,671 [INFO] Triggered script.start_waterheater_using_ui
2026-05-18 22:22:42,672 [INFO] HA 1st run complete
2026-05-18 22:22:42,929 [INFO] MQTT stat: ON
2026-05-18 22:24:12,673 [INFO] EXECUTE [ONE-SHOT] 1min via HA
2026-05-18 22:24:12,673 [INFO] HA 1st run: 1min
2026-05-18 22:24:12,692 [INFO] Set input_number.boiler_duration_helper = 1 min
2026-05-18 22:24:12,706 [INFO] Triggered script.start_waterheater_using_ui
2026-05-18 22:24:12,706 [INFO] HA 1st run complete
2026-05-18 22:24:13,081 [INFO] MQTT stat: ON
2026-05-18 22:25:12,146 [INFO] MQTT stat: OFF
2026-05-19 07:00:13,409 [INFO] EXECUTE [WEEKLY-1] 45min via HA
2026-05-19 07:00:13,410 [INFO] HA 1st run: 45min
2026-05-19 07:00:13,435 [INFO] Set input_number.boiler_duration_helper = 45 min
2026-05-19 07:00:13,453 [INFO] Triggered script.start_waterheater_using_ui
2026-05-19 07:00:13,453 [INFO] HA 1st run complete
2026-05-19 07:00:13,680 [INFO] MQTT stat: ON
2026-05-19 07:08:01,759 [INFO] === Boiler Control System Starting ===
2026-05-19 07:08:01,760 [INFO] Loaded runtime settings from data/config/runtime_settings.json
2026-05-19 07:08:01,760 [INFO] Runtime: target=18:40, mode=HA, lut=9pts
2026-05-19 07:08:01,760 [INFO] Configuration loaded
2026-05-19 07:08:01,885 [INFO] Scheduler ready — target 18:40, check 16:40
2026-05-19 07:08:03,057 [INFO] Scheduler started
2026-05-19 07:08:03,057 [INFO] === System Ready ===
2026-05-19 07:08:03,158 [INFO] EXECUTE [WEEKLY-1] 45min via HA
2026-05-19 07:08:03,161 [INFO] HA 1st run: 45min
2026-05-19 07:08:03,184 [INFO] Set input_number.boiler_duration_helper = 45 min
2026-05-19 07:08:03,200 [INFO] Triggered script.start_waterheater_using_ui
2026-05-19 07:08:03,200 [INFO] HA 1st run complete
2026-05-19 07:08:03,209 [INFO] Sun: ↑05:38 ↓19:33
2026-05-19 07:08:03,521 [INFO] Collected 2 hourly measurements (sunrise→07:08)
2026-05-19 07:08:03,522 [INFO] Calc: avg=18.2°C cloud=74% eff=15.31°C dur=61min sliders=(61,0)
2026-05-19 07:08:05,071 [INFO] MQTT topics — cmd:DvirHome/WaterHeater/cmnd/POWER stat:DvirHome/WaterHeater/stat/POWER tele:DvirHome/WaterHeater/tele/#
2026-05-19 07:08:05,075 [INFO] MQTT connected to 192.168.30.2:1883
2026-05-19 07:08:05,076 [INFO] MQTT subscribed: DvirHome/Boiler/adhoc
2026-05-19 07:08:05,076 [INFO] MQTT subscribed: DvirHome/Boiler/oneshot
2026-05-19 07:08:05,076 [INFO] MQTT subscribed: DvirHome/Boiler/weekly
2026-05-19 07:09:48,303 [INFO] MQTT timed ON: 30min
2026-05-19 07:09:48,527 [INFO] MQTT stat: ON
2026-05-19 07:09:53,117 [INFO] MQTT stat: OFF
2026-05-19 07:13:33,362 [INFO] Scheduler stopped
2026-05-19 07:13:33,362 [INFO] === System Shutdown ===
2026-05-19 07:15:13,830 [INFO] === Boiler Control System Starting ===
2026-05-19 07:15:13,832 [INFO] Loaded runtime settings from data/config/runtime_settings.json
2026-05-19 07:15:13,833 [INFO] Runtime: target=18:40, mode=HA, lut=9pts
2026-05-19 07:15:13,833 [INFO] Configuration loaded
2026-05-19 07:15:13,940 [INFO] Scheduler ready — target 18:40, check 16:40
2026-05-19 07:15:15,034 [INFO] Scheduler started
2026-05-19 07:15:15,034 [INFO] === System Ready ===
2026-05-19 07:15:15,199 [INFO] EXECUTE [WEEKLY-1] 45min via HA
2026-05-19 07:15:15,204 [INFO] HA 1st run: 45min
2026-05-19 07:15:15,224 [INFO] Sun: ↑05:38 ↓19:33
2026-05-19 07:15:15,232 [INFO] Set input_number.boiler_duration_helper = 45 min
2026-05-19 07:15:15,252 [INFO] Triggered script.start_waterheater_using_ui
2026-05-19 07:15:15,252 [INFO] HA 1st run complete
2026-05-19 07:15:15,545 [INFO] Collected 2 hourly measurements (sunrise→07:15)
2026-05-19 07:15:15,545 [INFO] Calc: avg=18.2°C cloud=74% eff=15.31°C dur=61min sliders=(61,0)
2026-05-19 07:15:17,049 [INFO] MQTT topics — cmd:DvirHome/WaterHeater/cmnd/POWER stat:DvirHome/WaterHeater/stat/POWER tele:DvirHome/WaterHeater/tele/#
2026-05-19 07:15:17,053 [INFO] MQTT connected to 192.168.30.2:1883
2026-05-19 07:15:17,053 [INFO] MQTT subscribed: DvirHome/Boiler/adhoc
2026-05-19 07:15:17,053 [INFO] MQTT subscribed: DvirHome/Boiler/oneshot
2026-05-19 07:15:17,053 [INFO] MQTT subscribed: DvirHome/Boiler/weekly
2026-05-19 07:17:35,364 [INFO] MQTT stat: OFF
2026-05-19 08:00:15,264 [INFO] MQTT stat: OFF
2026-05-19 16:40:16,742 [INFO] Sun: ↑05:38 ↓19:33
2026-05-19 16:40:17,511 [INFO] Collected 11 hourly measurements (sunrise→16:40)
2026-05-19 16:40:17,511 [INFO] Calc: avg=23.6°C cloud=52% eff=21.55°C dur=7min sliders=(7,0)
2026-05-19 16:40:17,511 [INFO] Solar trigger at 18:33 (7min, 2nd=0min)
2026-05-19 18:29:00,287 [INFO] MQTT stat: ON
2026-05-19 18:33:17,649 [INFO] EXECUTE [SOLAR-1ST] 7min via HA
2026-05-19 18:33:17,649 [INFO] HA 1st run: 7min
2026-05-19 18:33:17,668 [INFO] Set input_number.boiler_duration_helper = 7 min
2026-05-19 18:33:17,684 [INFO] Triggered script.start_waterheater_using_ui
2026-05-19 18:33:17,685 [INFO] HA 1st run complete
2026-05-19 18:33:17,687 [INFO] Saved record for 2026-05-19
2026-05-19 18:33:17,880 [INFO] MQTT stat: ON
2026-05-19 18:40:17,250 [INFO] MQTT stat: OFF
2026-05-19 22:40:26,614 [INFO] Scheduler stopped
2026-05-19 22:40:26,615 [INFO] === System Shutdown ===
2026-05-20 06:43:21,444 [INFO] === Boiler Control System Starting ===
2026-05-20 06:43:21,446 [INFO] Loaded runtime settings from data/config/runtime_settings.json
2026-05-20 06:43:21,446 [INFO] Runtime: target=18:40, mode=HA, lut=9pts
2026-05-20 06:43:21,446 [INFO] Configuration loaded
2026-05-20 06:43:21,613 [INFO] Scheduler ready — target 18:40, check 16:40
2026-05-20 06:43:22,864 [INFO] Scheduler started
2026-05-20 06:43:22,864 [INFO] === System Ready ===
2026-05-20 06:43:23,039 [INFO] Sun: ↑05:37 ↓19:34
2026-05-20 06:43:23,390 [INFO] Collected 1 hourly measurements (sunrise→06:43)
2026-05-20 06:43:23,390 [INFO] Calc: avg=18.5°C cloud=91% eff=14.86°C dur=71min sliders=(71,0)
2026-05-20 06:43:24,886 [INFO] MQTT topics — cmd:DvirHome/WaterHeater/cmnd/POWER stat:DvirHome/WaterHeater/stat/POWER tele:DvirHome/WaterHeater/tele/#
2026-05-20 06:43:24,888 [INFO] MQTT connected to 192.168.30.2:1883
2026-05-20 06:43:24,889 [INFO] MQTT subscribed: DvirHome/Boiler/adhoc
2026-05-20 06:43:24,889 [INFO] MQTT subscribed: DvirHome/Boiler/oneshot
2026-05-20 06:43:24,889 [INFO] MQTT subscribed: DvirHome/Boiler/weekly
2026-05-20 06:57:40,580 [INFO] Scheduler stopped
2026-05-20 06:57:40,581 [INFO] === System Shutdown ===
2026-05-20 07:01:54,098 [INFO] === Boiler Control System Starting ===
2026-05-20 07:01:54,099 [INFO] Loaded runtime settings from data/config/runtime_settings.json
2026-05-20 07:01:54,100 [INFO] Runtime: target=18:40, mode=HA, lut=9pts
2026-05-20 07:01:54,100 [INFO] Configuration loaded
2026-05-20 07:01:54,233 [INFO] Scheduler ready — target 18:40, check 16:40
2026-05-20 07:01:55,288 [INFO] Scheduler started
2026-05-20 07:01:55,288 [INFO] === System Ready ===
2026-05-20 07:01:55,547 [INFO] Sun: ↑05:37 ↓19:34
2026-05-20 07:01:56,022 [INFO] Collected 2 hourly measurements (sunrise→07:01)
2026-05-20 07:01:56,022 [INFO] Calc: avg=19.0°C cloud=89% eff=15.44°C dur=58min sliders=(58,0)
2026-05-20 07:01:57,305 [INFO] MQTT topics — cmd:DvirHome/WaterHeater/cmnd/POWER stat:DvirHome/WaterHeater/stat/POWER tele:DvirHome/WaterHeater/tele/#
2026-05-20 07:01:57,308 [INFO] MQTT connected to 192.168.30.2:1883
2026-05-20 07:01:57,308 [INFO] MQTT subscribed: DvirHome/Boiler/adhoc
2026-05-20 07:01:57,308 [INFO] MQTT subscribed: DvirHome/Boiler/oneshot
2026-05-20 07:01:57,308 [INFO] MQTT subscribed: DvirHome/Boiler/weekly
2026-05-20 07:01:57,465 [INFO] MQTT stat: OFF
2026-05-20 07:03:56,995 [INFO] EXECUTE [MANUAL] 5min via HA
2026-05-20 07:03:57,004 [INFO] HA 1st run: 5min
2026-05-20 07:03:57,028 [INFO] Set input_number.boiler_duration_helper = 5 min
2026-05-20 07:03:57,040 [INFO] Triggered script.start_waterheater_using_ui
2026-05-20 07:03:57,041 [INFO] HA 1st run complete
2026-05-20 07:03:57,204 [INFO] MQTT stat: ON
2026-05-20 07:04:21,402 [INFO] MQTT stat: OFF
2026-05-20 07:06:11,299 [INFO] EXECUTE [MANUAL] 1min via HA
2026-05-20 07:06:11,300 [INFO] HA 1st run: 1min
2026-05-20 07:06:11,323 [INFO] Set input_number.boiler_duration_helper = 1 min
2026-05-20 07:06:11,339 [INFO] Triggered script.start_waterheater_using_ui
2026-05-20 07:06:11,339 [INFO] HA 1st run complete
2026-05-20 07:06:11,689 [INFO] MQTT stat: ON
2026-05-20 07:07:11,227 [INFO] MQTT stat: OFF
2026-05-20 14:00:27,206 [INFO] EXECUTE [WEEKLY-2] 1min via HA
2026-05-20 14:00:27,207 [INFO] HA 1st run: 1min
2026-05-20 14:00:27,231 [INFO] Set input_number.boiler_duration_helper = 1 min
2026-05-20 14:00:27,248 [INFO] Triggered script.start_waterheater_using_ui
2026-05-20 14:00:27,249 [INFO] HA 1st run complete
2026-05-20 14:00:27,658 [INFO] MQTT stat: ON
2026-05-20 14:01:27,174 [INFO] MQTT stat: OFF
2026-05-20 16:40:28,372 [INFO] Sun: ↑05:37 ↓19:34
2026-05-20 16:40:28,730 [INFO] Collected 11 hourly measurements (sunrise→16:40)
2026-05-20 16:40:28,731 [INFO] Calc: avg=22.6°C cloud=70% eff=19.75°C dur=17min sliders=(17,0)
2026-05-20 16:40:28,731 [INFO] Solar trigger at 18:23 (17min, 2nd=0min)
2026-05-20 18:21:00,358 [INFO] MQTT stat: ON
2026-05-20 18:23:29,003 [INFO] EXECUTE [SOLAR-1ST] 17min via HA
2026-05-20 18:23:29,004 [INFO] HA 1st run: 17min
2026-05-20 18:23:29,028 [INFO] Set input_number.boiler_duration_helper = 17 min
2026-05-20 18:23:29,046 [INFO] Triggered script.start_waterheater_using_ui
2026-05-20 18:23:29,046 [INFO] HA 1st run complete
2026-05-20 18:23:29,052 [INFO] Saved record for 2026-05-20
2026-05-20 18:23:29,231 [INFO] MQTT stat: ON
2026-05-20 18:40:29,386 [INFO] MQTT stat: OFF
2026-05-20 21:33:41,689 [INFO] Sun: ↑05:37 ↓19:34
2026-05-20 21:33:42,052 [INFO] Collected 14 hourly measurements (sunrise→19:34)
2026-05-20 21:33:42,053 [INFO] Calc: avg=22.3°C cloud=67% eff=19.65°C dur=18min sliders=(18,0)
2026-05-20 21:33:43,771 [INFO] Sun: ↑05:37 ↓19:34
2026-05-20 21:33:44,093 [INFO] Collected 14 hourly measurements (sunrise→19:34)
2026-05-20 21:33:44,094 [INFO] Calc: avg=22.3°C cloud=67% eff=19.65°C dur=18min sliders=(18,0)
2026-05-21 05:50:18,048 [INFO] Sun: ↑05:36 ↓19:35
2026-05-21 05:50:18,779 [INFO] Collected 0 hourly measurements (sunrise→05:50)
2026-05-21 13:11:59,851 [INFO] === Boiler Control System Starting ===
2026-05-21 13:11:59,852 [INFO] Loaded runtime settings from data/config/runtime_settings.json
2026-05-21 13:11:59,852 [INFO] Runtime: target=18:40, mode=HA, lut=9pts
2026-05-21 13:11:59,853 [INFO] Configuration loaded
2026-05-21 13:11:59,992 [INFO] Scheduler ready — target 18:40, check 16:40
2026-05-21 13:12:01,107 [INFO] Scheduler started
2026-05-21 13:12:01,107 [INFO] === System Ready ===
2026-05-21 13:12:01,297 [INFO] Sun: ↑05:36 ↓19:35
2026-05-21 13:12:01,303 [INFO] EXECUTE [WEEKLY-1] 2min via HA
2026-05-21 13:12:01,304 [INFO] HA 1st run: 2min
2026-05-21 13:12:01,324 [INFO] Set input_number.boiler_duration_helper = 2 min
2026-05-21 13:12:01,340 [INFO] Triggered script.start_waterheater_using_ui
2026-05-21 13:12:01,341 [INFO] HA 1st run complete
2026-05-21 13:12:01,620 [INFO] Collected 8 hourly measurements (sunrise→13:12)
2026-05-21 13:12:01,621 [INFO] Calc: avg=20.8°C cloud=59% eff=18.41°C dur=27min sliders=(27,0)
2026-05-21 13:12:03,122 [INFO] MQTT topics — cmd:DvirHome/WaterHeater/cmnd/POWER stat:DvirHome/WaterHeater/stat/POWER tele:DvirHome/WaterHeater/tele/#
2026-05-21 13:12:03,125 [INFO] MQTT connected to 192.168.30.2:1883
2026-05-21 13:12:03,125 [INFO] MQTT subscribed: DvirHome/Boiler/adhoc
2026-05-21 13:12:03,125 [INFO] MQTT subscribed: DvirHome/Boiler/oneshot
2026-05-21 13:12:03,126 [INFO] MQTT subscribed: DvirHome/Boiler/weekly
2026-05-21 13:12:03,497 [INFO] MQTT stat: ON
2026-05-21 13:14:01,150 [INFO] MQTT stat: OFF
2026-05-21 16:40:05,289 [INFO] Sun: ↑05:36 ↓19:35
2026-05-21 16:40:08,382 [INFO] Collected 11 hourly measurements (sunrise→16:40)
2026-05-21 16:40:08,383 [INFO] Calc: avg=21.5°C cloud=61% eff=19.04°C dur=22min sliders=(22,0)
2026-05-21 16:40:08,383 [INFO] Solar trigger at 18:18 (22min, 2nd=0min)
2026-05-21 18:03:34,470 [INFO] Scheduler stopped
2026-05-21 18:03:34,471 [INFO] === System Shutdown ===
2026-05-21 18:03:41,366 [INFO] === Boiler Control System Starting ===
2026-05-21 18:03:41,367 [INFO] Loaded runtime settings from data/config/runtime_settings.json
2026-05-21 18:03:41,367 [INFO] Runtime: target=18:40, mode=HA, lut=9pts
2026-05-21 18:03:41,368 [INFO] Configuration loaded
2026-05-21 18:03:41,534 [INFO] Scheduler ready — target 18:40, check 16:40
2026-05-21 18:03:42,853 [INFO] Scheduler started
2026-05-21 18:03:42,853 [INFO] === System Ready ===
2026-05-21 18:03:43,030 [INFO] Sun: ↑05:36 ↓19:35
2026-05-21 18:03:43,384 [INFO] Collected 13 hourly measurements (sunrise→18:03)
2026-05-21 18:03:43,385 [INFO] Sun: ↑05:36 ↓19:35
2026-05-21 18:03:43,386 [INFO] Calc: avg=21.4°C cloud=61% eff=18.99°C dur=23min sliders=(23,0)
2026-05-21 18:03:43,891 [INFO] Collected 13 hourly measurements (sunrise→18:03)
2026-05-21 18:03:43,891 [INFO] Calc: avg=21.4°C cloud=61% eff=18.99°C dur=23min sliders=(23,0)
2026-05-21 18:03:43,891 [INFO] Solar trigger at 18:17 (23min, 2nd=0min)
2026-05-21 18:03:43,892 [INFO] EXECUTE [WEEKLY-1] 2min via HA
2026-05-21 18:03:43,894 [INFO] HA 1st run: 2min
2026-05-21 18:03:43,916 [INFO] Set input_number.boiler_duration_helper = 2 min
2026-05-21 18:03:43,934 [INFO] Triggered script.start_waterheater_using_ui
2026-05-21 18:03:43,934 [INFO] HA 1st run complete
2026-05-21 18:03:44,865 [INFO] MQTT topics — cmd:DvirHome/WaterHeater/cmnd/POWER stat:DvirHome/WaterHeater/stat/POWER tele:DvirHome/WaterHeater/tele/#
2026-05-21 18:03:44,868 [INFO] MQTT connected to 192.168.30.2:1883
2026-05-21 18:03:44,868 [INFO] MQTT subscribed: DvirHome/Boiler/adhoc
2026-05-21 18:03:44,868 [INFO] MQTT subscribed: DvirHome/Boiler/oneshot
2026-05-21 18:03:44,868 [INFO] MQTT subscribed: DvirHome/Boiler/weekly
2026-05-21 18:03:44,869 [INFO] MQTT heartbeat started (300s)
2026-05-21 18:03:44,951 [INFO] MQTT stat: ON
2026-05-21 18:05:43,185 [INFO] MQTT stat: OFF
2026-05-21 18:11:00,337 [INFO] MQTT stat: ON
2026-05-21 18:14:13,754 [INFO] === Boiler Control System Starting ===
2026-05-21 18:14:13,756 [INFO] Loaded runtime settings from data/config/runtime_settings.json
2026-05-21 18:14:13,756 [INFO] Runtime: target=18:40, mode=HA, lut=9pts
2026-05-21 18:14:13,756 [INFO] Configuration loaded
2026-05-21 18:14:14,000 [INFO] Scheduler ready — target 18:40, check 16:40
2026-05-21 18:14:15,465 [INFO] Scheduler started
2026-05-21 18:14:15,465 [INFO] === System Ready ===
2026-05-21 18:14:15,583 [INFO] Sun: ↑05:36 ↓19:35
2026-05-21 18:14:15,974 [INFO] Sun: ↑05:36 ↓19:35
2026-05-21 18:14:16,096 [INFO] Collected 13 hourly measurements (sunrise→18:14)
2026-05-21 18:14:16,097 [INFO] Calc: avg=21.4°C cloud=61% eff=18.99°C dur=23min sliders=(23,0)
2026-05-21 18:14:16,391 [INFO] Collected 13 hourly measurements (sunrise→18:14)
2026-05-21 18:14:16,391 [INFO] Calc: avg=21.4°C cloud=61% eff=18.99°C dur=23min sliders=(23,0)
2026-05-21 18:14:16,391 [INFO] Solar trigger at 18:17 (23min, 2nd=0min)
2026-05-21 18:14:16,498 [INFO] EXECUTE [WEEKLY-1] 2min via HA
2026-05-21 18:14:16,498 [INFO] HA 1st run: 2min
2026-05-21 18:14:16,523 [INFO] Set input_number.boiler_duration_helper = 2 min
2026-05-21 18:14:16,537 [INFO] Triggered script.start_waterheater_using_ui
2026-05-21 18:14:16,537 [INFO] HA 1st run complete
2026-05-21 18:14:17,477 [INFO] MQTT topics — cmd:DvirHome/WaterHeater/cmnd/POWER stat:DvirHome/WaterHeater/stat/POWER tele:DvirHome/WaterHeater/tele/#
2026-05-21 18:14:17,480 [INFO] MQTT connected to 192.168.30.2:1883
2026-05-21 18:14:17,480 [INFO] MQTT subscribed: DvirHome/Boiler/adhoc
2026-05-21 18:14:17,480 [INFO] MQTT subscribed: DvirHome/Boiler/oneshot
2026-05-21 18:14:17,481 [INFO] MQTT subscribed: DvirHome/Boiler/weekly
2026-05-21 18:14:17,482 [INFO] MQTT heartbeat started (300s)
2026-05-21 18:14:17,651 [INFO] MQTT stat: ON
2026-05-21 18:14:49,662 [WARNING] No record for today — cannot retry HA
2026-05-21 18:16:16,238 [INFO] MQTT stat: OFF
2026-05-21 18:17:16,692 [INFO] EXECUTE [SOLAR-1ST] 23min via HA
2026-05-21 18:17:16,694 [INFO] HA 1st run: 23min
2026-05-21 18:17:16,717 [INFO] Set input_number.boiler_duration_helper = 23 min
2026-05-21 18:17:16,732 [INFO] Triggered script.start_waterheater_using_ui
2026-05-21 18:17:16,732 [INFO] HA 1st run complete
2026-05-21 18:17:16,740 [INFO] Saved record for 2026-05-21
2026-05-21 18:17:17,006 [INFO] MQTT stat: ON
2026-05-21 18:40:16,122 [INFO] MQTT stat: OFF
2026-05-21 19:18:15,184 [INFO] MQTT stat: ON
2026-05-21 20:48:00,963 [INFO] MQTT stat: OFF
2026-05-22 16:40:20,684 [INFO] Sun: ↑05:36 ↓19:35
2026-05-22 16:40:21,513 [INFO] Collected 11 hourly measurements (sunrise→16:40)
2026-05-22 16:40:21,514 [INFO] Calc: avg=23.1°C cloud=64% eff=20.55°C dur=12min sliders=(12,0)
2026-05-22 16:40:21,515 [INFO] Solar trigger at 18:28 (12min, 2nd=0min)
2026-05-22 18:26:00,335 [INFO] MQTT stat: ON
2026-05-22 18:28:21,846 [INFO] EXECUTE [SOLAR-1ST] 12min via HA
2026-05-22 18:28:21,847 [INFO] HA 1st run: 12min
2026-05-22 18:28:21,873 [INFO] Set input_number.boiler_duration_helper = 12 min
2026-05-22 18:28:21,890 [INFO] Triggered script.start_waterheater_using_ui
2026-05-22 18:28:21,891 [INFO] HA 1st run complete
2026-05-22 18:28:21,898 [INFO] Saved record for 2026-05-22
2026-05-22 18:28:22,172 [INFO] MQTT stat: ON
2026-05-22 18:40:21,159 [INFO] MQTT stat: OFF
2026-05-22 20:00:21,951 [INFO] EXECUTE [WEEKLY-3] 3min via HA
2026-05-22 20:00:21,952 [INFO] HA 1st run: 3min
2026-05-22 20:00:21,978 [INFO] Set input_number.boiler_duration_helper = 3 min
2026-05-22 20:00:21,996 [INFO] Triggered script.start_waterheater_using_ui
2026-05-22 20:00:21,996 [INFO] HA 1st run complete
2026-05-22 20:00:22,303 [INFO] MQTT stat: ON
2026-05-22 20:03:21,310 [INFO] MQTT stat: OFF
2026-05-23 07:00:23,426 [INFO] EXECUTE [WEEKLY-1] 2min via HA
2026-05-23 07:00:23,428 [INFO] HA 1st run: 2min
2026-05-23 07:00:23,452 [INFO] Set input_number.boiler_duration_helper = 2 min
2026-05-23 07:00:23,469 [INFO] Triggered script.start_waterheater_using_ui
2026-05-23 07:00:23,470 [INFO] HA 1st run complete
2026-05-23 07:00:23,730 [INFO] MQTT stat: ON
2026-05-23 07:02:23,193 [INFO] MQTT stat: OFF
2026-05-23 08:58:19,420 [WARNING] MQTT disconnected: Unspecified error
2026-05-23 08:58:19,421 [INFO] MQTT heartbeat stopped
2026-05-26 15:19:35,607 [INFO] === Boiler Control System Starting ===
2026-05-26 15:19:35,608 [INFO] Loaded runtime settings from data/config/runtime_settings.json
2026-05-26 15:19:35,609 [INFO] Runtime: target=18:40, mode=HA, lut=9pts
2026-05-26 15:19:35,609 [INFO] Configuration loaded
2026-05-26 15:19:35,782 [INFO] Scheduler ready — target 18:40, check 16:40
2026-05-26 15:19:37,275 [INFO] Scheduler started
2026-05-26 15:19:37,275 [INFO] === System Ready ===
2026-05-26 15:19:37,312 [WARNING] sun times fetch attempt 1/3 failed: HTTPSConnectionPool(host='api.open-meteo.com', port=443): Max retries exceeded with url: /v1/forecast?latitude=32.72124843064626&longitude=35.12951893020094&daily=sunrise%2Csunset&timezone=auto&forecast_days=1 (Caused by SSLError(SSLEOFError(8, '[SSL: UNEXPECTED_EOF_WHILE_READING] EOF occurred in violation of protocol (_ssl.c:1020)'))) — retry in 5s
2026-05-26 15:19:37,414 [INFO] EXECUTE [WEEKLY-1] 2min via HA
2026-05-26 15:19:37,416 [INFO] HA 1st run: 2min
2026-05-26 15:19:37,442 [INFO] Set input_number.boiler_duration_helper = 2 min
2026-05-26 15:19:37,460 [INFO] Triggered script.start_waterheater_using_ui
2026-05-26 15:19:37,461 [INFO] HA 1st run complete
2026-05-26 15:19:39,288 [INFO] MQTT topics — cmd:DvirHome/WaterHeater/cmnd/POWER stat:DvirHome/WaterHeater/stat/POWER tele:DvirHome/WaterHeater/tele/#
2026-05-26 15:19:39,291 [INFO] MQTT connected to 192.168.30.2:1883
2026-05-26 15:19:39,292 [INFO] MQTT subscribed: DvirHome/Boiler/adhoc
2026-05-26 15:19:39,292 [INFO] MQTT subscribed: DvirHome/Boiler/oneshot
2026-05-26 15:19:39,292 [INFO] MQTT subscribed: DvirHome/Boiler/weekly
2026-05-26 15:19:39,293 [INFO] MQTT heartbeat started (300s)
2026-05-26 15:19:39,452 [INFO] MQTT stat: ON
2026-05-26 15:19:42,523 [WARNING] sun times fetch attempt 2/3 failed: HTTPSConnectionPool(host='api.open-meteo.com', port=443): Max retries exceeded with url: /v1/forecast?latitude=32.72124843064626&longitude=35.12951893020094&daily=sunrise%2Csunset&timezone=auto&forecast_days=1 (Caused by SSLError(SSLEOFError(8, '[SSL: UNEXPECTED_EOF_WHILE_READING] EOF occurred in violation of protocol (_ssl.c:1020)'))) — retry in 5s
2026-05-26 15:19:47,713 [ERROR] sun times fetch failed after 3 attempts: HTTPSConnectionPool(host='api.open-meteo.com', port=443): Max retries exceeded with url: /v1/forecast?latitude=32.72124843064626&longitude=35.12951893020094&daily=sunrise%2Csunset&timezone=auto&forecast_days=1 (Caused by SSLError(SSLEOFError(8, '[SSL: UNEXPECTED_EOF_WHILE_READING] EOF occurred in violation of protocol (_ssl.c:1020)')))
2026-05-26 15:20:18,928 [WARNING] sun times fetch attempt 1/3 failed: HTTPSConnectionPool(host='api.open-meteo.com', port=443): Read timed out. (read timeout=10) — retry in 5s
2026-05-26 15:20:29,334 [WARNING] sun times fetch attempt 2/3 failed: 502 Server Error: Bad Gateway for url: https://api.open-meteo.com/v1/forecast?latitude=32.72124843064626&longitude=35.12951893020094&daily=sunrise%2Csunset&timezone=auto&forecast_days=1 — retry in 5s
2026-05-26 15:20:36,462 [ERROR] sun times fetch failed after 3 attempts: 502 Server Error: Bad Gateway for url: https://api.open-meteo.com/v1/forecast?latitude=32.72124843064626&longitude=35.12951893020094&daily=sunrise%2Csunset&timezone=auto&forecast_days=1
2026-05-26 15:20:47,867 [WARNING] sun times fetch attempt 1/3 failed: HTTPSConnectionPool(host='api.open-meteo.com', port=443): Read timed out. (read timeout=10) — retry in 5s
2026-05-26 15:20:55,365 [WARNING] sun times fetch attempt 2/3 failed: 502 Server Error: Bad Gateway for url: https://api.open-meteo.com/v1/forecast?latitude=32.72124843064626&longitude=35.12951893020094&daily=sunrise%2Csunset&timezone=auto&forecast_days=1 — retry in 5s
2026-05-26 15:21:11,789 [ERROR] sun times fetch failed after 3 attempts: HTTPSConnectionPool(host='api.open-meteo.com', port=443): Read timed out. (read timeout=10)
2026-05-26 15:21:37,401 [INFO] MQTT stat: OFF
2026-05-26 15:21:41,080 [WARNING] sun times fetch attempt 1/3 failed: 502 Server Error: Bad Gateway for url: https://api.open-meteo.com/v1/forecast?latitude=32.72124843064626&longitude=35.12951893020094&daily=sunrise%2Csunset&timezone=auto&forecast_days=1 — retry in 5s
2026-05-26 15:21:49,103 [WARNING] sun times fetch attempt 2/3 failed: 502 Server Error: Bad Gateway for url: https://api.open-meteo.com/v1/forecast?latitude=32.72124843064626&longitude=35.12951893020094&daily=sunrise%2Csunset&timezone=auto&forecast_days=1 — retry in 5s
2026-05-26 15:22:02,131 [ERROR] sun times fetch failed after 3 attempts: 502 Server Error: Bad Gateway for url: https://api.open-meteo.com/v1/forecast?latitude=32.72124843064626&longitude=35.12951893020094&daily=sunrise%2Csunset&timezone=auto&forecast_days=1
2026-05-26 15:22:09,149 [WARNING] sun times fetch attempt 1/3 failed: 502 Server Error: Bad Gateway for url: https://api.open-meteo.com/v1/forecast?latitude=32.72124843064626&longitude=35.12951893020094&daily=sunrise%2Csunset&timezone=auto&forecast_days=1 — retry in 5s
2026-05-26 15:22:17,938 [WARNING] sun times fetch attempt 2/3 failed: 502 Server Error: Bad Gateway for url: https://api.open-meteo.com/v1/forecast?latitude=32.72124843064626&longitude=35.12951893020094&daily=sunrise%2Csunset&timezone=auto&forecast_days=1 — retry in 5s
2026-05-26 15:22:26,660 [ERROR] sun times fetch failed after 3 attempts: 502 Server Error: Bad Gateway for url: https://api.open-meteo.com/v1/forecast?latitude=32.72124843064626&longitude=35.12951893020094&daily=sunrise%2Csunset&timezone=auto&forecast_days=1
2026-05-26 15:22:40,014 [WARNING] sun times fetch attempt 1/3 failed: 502 Server Error: Bad Gateway for url: https://api.open-meteo.com/v1/forecast?latitude=32.72124843064626&longitude=35.12951893020094&daily=sunrise%2Csunset&timezone=auto&forecast_days=1 — retry in 5s
2026-05-26 15:22:51,033 [WARNING] sun times fetch attempt 2/3 failed: 502 Server Error: Bad Gateway for url: https://api.open-meteo.com/v1/forecast?latitude=32.72124843064626&longitude=35.12951893020094&daily=sunrise%2Csunset&timezone=auto&forecast_days=1 — retry in 5s
2026-05-26 15:23:00,291 [ERROR] sun times fetch failed after 3 attempts: 502 Server Error: Bad Gateway for url: https://api.open-meteo.com/v1/forecast?latitude=32.72124843064626&longitude=35.12951893020094&daily=sunrise%2Csunset&timezone=auto&forecast_days=1
2026-05-26 15:23:14,122 [WARNING] sun times fetch attempt 1/3 failed: 502 Server Error: Bad Gateway for url: https://api.open-meteo.com/v1/forecast?latitude=32.72124843064626&longitude=35.12951893020094&daily=sunrise%2Csunset&timezone=auto&forecast_days=1 — retry in 5s
2026-05-26 15:23:24,175 [WARNING] sun times fetch attempt 2/3 failed: 502 Server Error: Bad Gateway for url: https://api.open-meteo.com/v1/forecast?latitude=32.72124843064626&longitude=35.12951893020094&daily=sunrise%2Csunset&timezone=auto&forecast_days=1 — retry in 5s
2026-05-26 15:23:34,647 [ERROR] sun times fetch failed after 3 attempts: 502 Server Error: Bad Gateway for url: https://api.open-meteo.com/v1/forecast?latitude=32.72124843064626&longitude=35.12951893020094&daily=sunrise%2Csunset&timezone=auto&forecast_days=1
2026-05-26 15:23:38,952 [WARNING] sun times fetch attempt 1/3 failed: 502 Server Error: Bad Gateway for url: https://api.open-meteo.com/v1/forecast?latitude=32.72124843064626&longitude=35.12951893020094&daily=sunrise%2Csunset&timezone=auto&forecast_days=1 — retry in 5s
2026-05-26 15:23:56,283 [WARNING] sun times fetch attempt 2/3 failed: HTTPSConnectionPool(host='api.open-meteo.com', port=443): Read timed out. (read timeout=10) — retry in 5s
2026-05-26 15:24:13,014 [ERROR] sun times fetch failed after 3 attempts: HTTPSConnectionPool(host='api.open-meteo.com', port=443): Read timed out. (read timeout=10)
2026-05-26 15:24:43,397 [WARNING] sun times fetch attempt 1/3 failed: 502 Server Error: Bad Gateway for url: https://api.open-meteo.com/v1/forecast?latitude=32.72124843064626&longitude=35.12951893020094&daily=sunrise%2Csunset&timezone=auto&forecast_days=1 — retry in 5s
2026-05-26 15:24:53,821 [WARNING] sun times fetch attempt 2/3 failed: 502 Server Error: Bad Gateway for url: https://api.open-meteo.com/v1/forecast?latitude=32.72124843064626&longitude=35.12951893020094&daily=sunrise%2Csunset&timezone=auto&forecast_days=1 — retry in 5s
2026-05-26 15:25:03,019 [ERROR] sun times fetch failed after 3 attempts: 502 Server Error: Bad Gateway for url: https://api.open-meteo.com/v1/forecast?latitude=32.72124843064626&longitude=35.12951893020094&daily=sunrise%2Csunset&timezone=auto&forecast_days=1
2026-05-26 15:25:11,715 [WARNING] sun times fetch attempt 1/3 failed: 502 Server Error: Bad Gateway for url: https://api.open-meteo.com/v1/forecast?latitude=32.72124843064626&longitude=35.12951893020094&daily=sunrise%2Csunset&timezone=auto&forecast_days=1 — retry in 5s
2026-05-26 15:25:30,328 [WARNING] sun times fetch attempt 2/3 failed: HTTPSConnectionPool(host='api.open-meteo.com', port=443): Read timed out. (read timeout=10) — retry in 5s
2026-05-26 15:25:41,583 [ERROR] sun times fetch failed after 3 attempts: 502 Server Error: Bad Gateway for url: https://api.open-meteo.com/v1/forecast?latitude=32.72124843064626&longitude=35.12951893020094&daily=sunrise%2Csunset&timezone=auto&forecast_days=1
2026-05-26 15:26:11,447 [WARNING] sun times fetch attempt 1/3 failed: 502 Server Error: Bad Gateway for url: https://api.open-meteo.com/v1/forecast?latitude=32.72124843064626&longitude=35.12951893020094&daily=sunrise%2Csunset&timezone=auto&forecast_days=1 — retry in 5s
2026-05-26 15:26:22,252 [WARNING] sun times fetch attempt 2/3 failed: 502 Server Error: Bad Gateway for url: https://api.open-meteo.com/v1/forecast?latitude=32.72124843064626&longitude=35.12951893020094&daily=sunrise%2Csunset&timezone=auto&forecast_days=1 — retry in 5s
2026-05-26 15:26:39,532 [ERROR] sun times fetch failed after 3 attempts: HTTPSConnectionPool(host='api.open-meteo.com', port=443): Read timed out. (read timeout=10)
2026-05-26 15:27:11,896 [WARNING] sun times fetch attempt 1/3 failed: 502 Server Error: Bad Gateway for url: https://api.open-meteo.com/v1/forecast?latitude=32.72124843064626&longitude=35.12951893020094&daily=sunrise%2Csunset&timezone=auto&forecast_days=1 — retry in 5s
2026-05-26 15:27:25,582 [WARNING] sun times fetch attempt 2/3 failed: 502 Server Error: Bad Gateway for url: https://api.open-meteo.com/v1/forecast?latitude=32.72124843064626&longitude=35.12951893020094&daily=sunrise%2Csunset&timezone=auto&forecast_days=1 — retry in 5s
2026-05-26 15:27:34,829 [ERROR] sun times fetch failed after 3 attempts: 502 Server Error: Bad Gateway for url: https://api.open-meteo.com/v1/forecast?latitude=32.72124843064626&longitude=35.12951893020094&daily=sunrise%2Csunset&timezone=auto&forecast_days=1
2026-05-26 15:27:41,278 [WARNING] sun times fetch attempt 1/3 failed: 502 Server Error: Bad Gateway for url: https://api.open-meteo.com/v1/forecast?latitude=32.72124843064626&longitude=35.12951893020094&daily=sunrise%2Csunset&timezone=auto&forecast_days=1 — retry in 5s
2026-05-26 15:27:54,197 [WARNING] sun times fetch attempt 2/3 failed: 502 Server Error: Bad Gateway for url: https://api.open-meteo.com/v1/forecast?latitude=32.72124843064626&longitude=35.12951893020094&daily=sunrise%2Csunset&timezone=auto&forecast_days=1 — retry in 5s
2026-05-26 15:28:08,157 [ERROR] sun times fetch failed after 3 attempts: 502 Server Error: Bad Gateway for url: https://api.open-meteo.com/v1/forecast?latitude=32.72124843064626&longitude=35.12951893020094&daily=sunrise%2Csunset&timezone=auto&forecast_days=1
2026-05-26 15:28:43,935 [WARNING] sun times fetch attempt 1/3 failed: 502 Server Error: Bad Gateway for url: https://api.open-meteo.com/v1/forecast?latitude=32.72124843064626&longitude=35.12951893020094&daily=sunrise%2Csunset&timezone=auto&forecast_days=1 — retry in 5s
2026-05-26 15:28:55,053 [WARNING] sun times fetch attempt 2/3 failed: 502 Server Error: Bad Gateway for url: https://api.open-meteo.com/v1/forecast?latitude=32.72124843064626&longitude=35.12951893020094&daily=sunrise%2Csunset&timezone=auto&forecast_days=1 — retry in 5s
2026-05-26 15:29:03,658 [ERROR] sun times fetch failed after 3 attempts: 502 Server Error: Bad Gateway for url: https://api.open-meteo.com/v1/forecast?latitude=32.72124843064626&longitude=35.12951893020094&daily=sunrise%2Csunset&timezone=auto&forecast_days=1
2026-05-26 15:29:16,818 [WARNING] sun times fetch attempt 1/3 failed: 502 Server Error: Bad Gateway for url: https://api.open-meteo.com/v1/forecast?latitude=32.72124843064626&longitude=35.12951893020094&daily=sunrise%2Csunset&timezone=auto&forecast_days=1 — retry in 5s
2026-05-26 15:29:32,472 [WARNING] sun times fetch attempt 2/3 failed: 502 Server Error: Bad Gateway for url: https://api.open-meteo.com/v1/forecast?latitude=32.72124843064626&longitude=35.12951893020094&daily=sunrise%2Csunset&timezone=auto&forecast_days=1 — retry in 5s
2026-05-26 15:29:44,197 [ERROR] sun times fetch failed after 3 attempts: 502 Server Error: Bad Gateway for url: https://api.open-meteo.com/v1/forecast?latitude=32.72124843064626&longitude=35.12951893020094&daily=sunrise%2Csunset&timezone=auto&forecast_days=1
2026-05-26 15:30:12,789 [WARNING] sun times fetch attempt 1/3 failed: ('Connection aborted.', ConnectionResetError(104, 'Connection reset by peer')) — retry in 5s
2026-05-26 15:30:24,529 [WARNING] sun times fetch attempt 2/3 failed: ('Connection aborted.', ConnectionResetError(104, 'Connection reset by peer')) — retry in 5s
2026-05-26 15:30:35,989 [ERROR] sun times fetch failed after 3 attempts: 502 Server Error: Bad Gateway for url: https://api.open-meteo.com/v1/forecast?latitude=32.72124843064626&longitude=35.12951893020094&daily=sunrise%2Csunset&timezone=auto&forecast_days=1
2026-05-26 15:30:43,220 [WARNING] sun times fetch attempt 1/3 failed: 502 Server Error: Bad Gateway for url: https://api.open-meteo.com/v1/forecast?latitude=32.72124843064626&longitude=35.12951893020094&daily=sunrise%2Csunset&timezone=auto&forecast_days=1 — retry in 5s
2026-05-26 15:30:57,207 [WARNING] sun times fetch attempt 2/3 failed: 502 Server Error: Bad Gateway for url: https://api.open-meteo.com/v1/forecast?latitude=32.72124843064626&longitude=35.12951893020094&daily=sunrise%2Csunset&timezone=auto&forecast_days=1 — retry in 5s
2026-05-26 15:31:14,895 [ERROR] sun times fetch failed after 3 attempts: HTTPSConnectionPool(host='api.open-meteo.com', port=443): Read timed out. (read timeout=10)
2026-05-26 15:31:41,949 [WARNING] sun times fetch attempt 1/3 failed: 502 Server Error: Bad Gateway for url: https://api.open-meteo.com/v1/forecast?latitude=32.72124843064626&longitude=35.12951893020094&daily=sunrise%2Csunset&timezone=auto&forecast_days=1 — retry in 5s
2026-05-26 15:31:56,367 [WARNING] sun times fetch attempt 2/3 failed: 502 Server Error: Bad Gateway for url: https://api.open-meteo.com/v1/forecast?latitude=32.72124843064626&longitude=35.12951893020094&daily=sunrise%2Csunset&timezone=auto&forecast_days=1 — retry in 5s
2026-05-26 15:32:08,691 [ERROR] sun times fetch failed after 3 attempts: 502 Server Error: Bad Gateway for url: https://api.open-meteo.com/v1/forecast?latitude=32.72124843064626&longitude=35.12951893020094&daily=sunrise%2Csunset&timezone=auto&forecast_days=1
2026-05-26 15:32:44,239 [WARNING] sun times fetch attempt 1/3 failed: 502 Server Error: Bad Gateway for url: https://api.open-meteo.com/v1/forecast?latitude=32.72124843064626&longitude=35.12951893020094&daily=sunrise%2Csunset&timezone=auto&forecast_days=1 — retry in 5s
2026-05-26 15:32:58,737 [WARNING] sun times fetch attempt 2/3 failed: 502 Server Error: Bad Gateway for url: https://api.open-meteo.com/v1/forecast?latitude=32.72124843064626&longitude=35.12951893020094&daily=sunrise%2Csunset&timezone=auto&forecast_days=1 — retry in 5s
2026-05-26 15:33:14,134 [ERROR] sun times fetch failed after 3 attempts: 502 Server Error: Bad Gateway for url: https://api.open-meteo.com/v1/forecast?latitude=32.72124843064626&longitude=35.12951893020094&daily=sunrise%2Csunset&timezone=auto&forecast_days=1
2026-05-26 15:33:42,679 [WARNING] sun times fetch attempt 1/3 failed: 502 Server Error: Bad Gateway for url: https://api.open-meteo.com/v1/forecast?latitude=32.72124843064626&longitude=35.12951893020094&daily=sunrise%2Csunset&timezone=auto&forecast_days=1 — retry in 5s
2026-05-26 15:33:55,467 [WARNING] sun times fetch attempt 2/3 failed: 502 Server Error: Bad Gateway for url: https://api.open-meteo.com/v1/forecast?latitude=32.72124843064626&longitude=35.12951893020094&daily=sunrise%2Csunset&timezone=auto&forecast_days=1 — retry in 5s
2026-05-26 15:34:14,601 [ERROR] sun times fetch failed after 3 attempts: HTTPSConnectionPool(host='api.open-meteo.com', port=443): Read timed out. (read timeout=10)
2026-05-26 15:34:45,222 [WARNING] sun times fetch attempt 1/3 failed: 502 Server Error: Bad Gateway for url: https://api.open-meteo.com/v1/forecast?latitude=32.72124843064626&longitude=35.12951893020094&daily=sunrise%2Csunset&timezone=auto&forecast_days=1 — retry in 5s
2026-05-26 15:34:53,657 [WARNING] sun times fetch attempt 2/3 failed: 502 Server Error: Bad Gateway for url: https://api.open-meteo.com/v1/forecast?latitude=32.72124843064626&longitude=35.12951893020094&daily=sunrise%2Csunset&timezone=auto&forecast_days=1 — retry in 5s
2026-05-26 15:35:10,818 [ERROR] sun times fetch failed after 3 attempts: 504 Server Error: Gateway Time-out for url: https://api.open-meteo.com/v1/forecast?latitude=32.72124843064626&longitude=35.12951893020094&daily=sunrise%2Csunset&timezone=auto&forecast_days=1
2026-05-26 15:35:47,429 [WARNING] sun times fetch attempt 1/3 failed: HTTPSConnectionPool(host='api.open-meteo.com', port=443): Read timed out. (read timeout=10) — retry in 5s
2026-05-26 15:35:53,554 [WARNING] sun times fetch attempt 2/3 failed: 429 Client Error: Too Many Requests for url: https://api.open-meteo.com/v1/forecast?latitude=32.72124843064626&longitude=35.12951893020094&daily=sunrise%2Csunset&timezone=auto&forecast_days=1 — retry in 5s
2026-05-26 15:36:01,473 [ERROR] sun times fetch failed after 3 attempts: 502 Server Error: Bad Gateway for url: https://api.open-meteo.com/v1/forecast?latitude=32.72124843064626&longitude=35.12951893020094&daily=sunrise%2Csunset&timezone=auto&forecast_days=1
2026-05-26 15:36:09,674 [WARNING] sun times fetch attempt 1/3 failed: 502 Server Error: Bad Gateway for url: https://api.open-meteo.com/v1/forecast?latitude=32.72124843064626&longitude=35.12951893020094&daily=sunrise%2Csunset&timezone=auto&forecast_days=1 — retry in 5s
2026-05-26 15:36:15,864 [WARNING] sun times fetch attempt 2/3 failed: 502 Server Error: Bad Gateway for url: https://api.open-meteo.com/v1/forecast?latitude=32.72124843064626&longitude=35.12951893020094&daily=sunrise%2Csunset&timezone=auto&forecast_days=1 — retry in 5s
2026-05-26 15:36:29,728 [ERROR] sun times fetch failed after 3 attempts: 429 Client Error: Too Many Requests for url: https://api.open-meteo.com/v1/forecast?latitude=32.72124843064626&longitude=35.12951893020094&daily=sunrise%2Csunset&timezone=auto&forecast_days=1
2026-05-26 15:36:40,316 [WARNING] sun times fetch attempt 1/3 failed: 502 Server Error: Bad Gateway for url: https://api.open-meteo.com/v1/forecast?latitude=32.72124843064626&longitude=35.12951893020094&daily=sunrise%2Csunset&timezone=auto&forecast_days=1 — retry in 5s
2026-05-26 15:37:00,422 [WARNING] sun times fetch attempt 2/3 failed: HTTPSConnectionPool(host='api.open-meteo.com', port=443): Read timed out. (read timeout=10) — retry in 5s
2026-05-26 15:37:14,330 [ERROR] sun times fetch failed after 3 attempts: 502 Server Error: Bad Gateway for url: https://api.open-meteo.com/v1/forecast?latitude=32.72124843064626&longitude=35.12951893020094&daily=sunrise%2Csunset&timezone=auto&forecast_days=1
2026-05-26 15:37:43,606 [WARNING] sun times fetch attempt 1/3 failed: 502 Server Error: Bad Gateway for url: https://api.open-meteo.com/v1/forecast?latitude=32.72124843064626&longitude=35.12951893020094&daily=sunrise%2Csunset&timezone=auto&forecast_days=1 — retry in 5s
2026-05-26 15:37:54,643 [WARNING] sun times fetch attempt 2/3 failed: 502 Server Error: Bad Gateway for url: https://api.open-meteo.com/v1/forecast?latitude=32.72124843064626&longitude=35.12951893020094&daily=sunrise%2Csunset&timezone=auto&forecast_days=1 — retry in 5s
2026-05-26 15:38:07,268 [ERROR] sun times fetch failed after 3 attempts: 502 Server Error: Bad Gateway for url: https://api.open-meteo.com/v1/forecast?latitude=32.72124843064626&longitude=35.12951893020094&daily=sunrise%2Csunset&timezone=auto&forecast_days=1
2026-05-26 15:38:40,781 [WARNING] sun times fetch attempt 1/3 failed: 502 Server Error: Bad Gateway for url: https://api.open-meteo.com/v1/forecast?latitude=32.72124843064626&longitude=35.12951893020094&daily=sunrise%2Csunset&timezone=auto&forecast_days=1 — retry in 5s
2026-05-26 15:38:53,603 [WARNING] sun times fetch attempt 2/3 failed: 502 Server Error: Bad Gateway for url: https://api.open-meteo.com/v1/forecast?latitude=32.72124843064626&longitude=35.12951893020094&daily=sunrise%2Csunset&timezone=auto&forecast_days=1 — retry in 5s
2026-05-26 15:39:07,600 [ERROR] sun times fetch failed after 3 attempts: 429 Client Error: Too Many Requests for url: https://api.open-meteo.com/v1/forecast?latitude=32.72124843064626&longitude=35.12951893020094&daily=sunrise%2Csunset&timezone=auto&forecast_days=1
2026-05-26 15:39:43,553 [WARNING] sun times fetch attempt 1/3 failed: 502 Server Error: Bad Gateway for url: https://api.open-meteo.com/v1/forecast?latitude=32.72124843064626&longitude=35.12951893020094&daily=sunrise%2Csunset&timezone=auto&forecast_days=1 — retry in 5s
2026-05-26 15:39:55,816 [WARNING] sun times fetch attempt 2/3 failed: 502 Server Error: Bad Gateway for url: https://api.open-meteo.com/v1/forecast?latitude=32.72124843064626&longitude=35.12951893020094&daily=sunrise%2Csunset&timezone=auto&forecast_days=1 — retry in 5s
2026-05-26 15:40:01,432 [ERROR] sun times fetch failed after 3 attempts: ('Connection aborted.', ConnectionResetError(104, 'Connection reset by peer'))
2026-05-26 15:40:19,441 [WARNING] sun times fetch attempt 1/3 failed: 502 Server Error: Bad Gateway for url: https://api.open-meteo.com/v1/forecast?latitude=32.72124843064626&longitude=35.12951893020094&daily=sunrise%2Csunset&timezone=auto&forecast_days=1 — retry in 5s
2026-05-26 15:40:28,421 [WARNING] sun times fetch attempt 2/3 failed: ('Connection aborted.', ConnectionResetError(104, 'Connection reset by peer')) — retry in 5s
2026-05-26 15:40:37,910 [ERROR] sun times fetch failed after 3 attempts: ('Connection aborted.', ConnectionResetError(104, 'Connection reset by peer'))
2026-05-26 15:41:13,968 [WARNING] sun times fetch attempt 1/3 failed: 502 Server Error: Bad Gateway for url: https://api.open-meteo.com/v1/forecast?latitude=32.72124843064626&longitude=35.12951893020094&daily=sunrise%2Csunset&timezone=auto&forecast_days=1 — retry in 5s
2026-05-26 15:41:26,062 [WARNING] sun times fetch attempt 2/3 failed: 502 Server Error: Bad Gateway for url: https://api.open-meteo.com/v1/forecast?latitude=32.72124843064626&longitude=35.12951893020094&daily=sunrise%2Csunset&timezone=auto&forecast_days=1 — retry in 5s
2026-05-26 15:41:38,178 [ERROR] sun times fetch failed after 3 attempts: 502 Server Error: Bad Gateway for url: https://api.open-meteo.com/v1/forecast?latitude=32.72124843064626&longitude=35.12951893020094&daily=sunrise%2Csunset&timezone=auto&forecast_days=1
2026-05-26 15:42:20,555 [WARNING] sun times fetch attempt 1/3 failed: 502 Server Error: Bad Gateway for url: https://api.open-meteo.com/v1/forecast?latitude=32.72124843064626&longitude=35.12951893020094&daily=sunrise%2Csunset&timezone=auto&forecast_days=1 — retry in 5s
2026-05-26 15:42:33,038 [WARNING] sun times fetch attempt 2/3 failed: 502 Server Error: Bad Gateway for url: https://api.open-meteo.com/v1/forecast?latitude=32.72124843064626&longitude=35.12951893020094&daily=sunrise%2Csunset&timezone=auto&forecast_days=1 — retry in 5s
2026-05-26 15:42:42,646 [ERROR] sun times fetch failed after 3 attempts: 502 Server Error: Bad Gateway for url: https://api.open-meteo.com/v1/forecast?latitude=32.72124843064626&longitude=35.12951893020094&daily=sunrise%2Csunset&timezone=auto&forecast_days=1
2026-05-26 15:43:09,445 [WARNING] sun times fetch attempt 1/3 failed: ('Connection aborted.', ConnectionResetError(104, 'Connection reset by peer')) — retry in 5s
2026-05-26 15:43:24,129 [WARNING] sun times fetch attempt 2/3 failed: 502 Server Error: Bad Gateway for url: https://api.open-meteo.com/v1/forecast?latitude=32.72124843064626&longitude=35.12951893020094&daily=sunrise%2Csunset&timezone=auto&forecast_days=1 — retry in 5s
2026-05-26 15:43:36,193 [ERROR] sun times fetch failed after 3 attempts: 502 Server Error: Bad Gateway for url: https://api.open-meteo.com/v1/forecast?latitude=32.72124843064626&longitude=35.12951893020094&daily=sunrise%2Csunset&timezone=auto&forecast_days=1
2026-05-26 15:43:49,717 [WARNING] sun times fetch attempt 1/3 failed: 502 Server Error: Bad Gateway for url: https://api.open-meteo.com/v1/forecast?latitude=32.72124843064626&longitude=35.12951893020094&daily=sunrise%2Csunset&timezone=auto&forecast_days=1 — retry in 5s
2026-05-26 15:44:04,074 [WARNING] sun times fetch attempt 2/3 failed: 502 Server Error: Bad Gateway for url: https://api.open-meteo.com/v1/forecast?latitude=32.72124843064626&longitude=35.12951893020094&daily=sunrise%2Csunset&timezone=auto&forecast_days=1 — retry in 5s
2026-05-26 15:44:15,726 [ERROR] sun times fetch failed after 3 attempts: 502 Server Error: Bad Gateway for url: https://api.open-meteo.com/v1/forecast?latitude=32.72124843064626&longitude=35.12951893020094&daily=sunrise%2Csunset&timezone=auto&forecast_days=1
2026-05-26 15:44:45,728 [WARNING] sun times fetch attempt 1/3 failed: 502 Server Error: Bad Gateway for url: https://api.open-meteo.com/v1/forecast?latitude=32.72124843064626&longitude=35.12951893020094&daily=sunrise%2Csunset&timezone=auto&forecast_days=1 — retry in 5s
2026-05-26 15:44:59,711 [WARNING] sun times fetch attempt 2/3 failed: 502 Server Error: Bad Gateway for url: https://api.open-meteo.com/v1/forecast?latitude=32.72124843064626&longitude=35.12951893020094&daily=sunrise%2Csunset&timezone=auto&forecast_days=1 — retry in 5s
2026-05-26 15:45:15,896 [ERROR] sun times fetch failed after 3 attempts: 502 Server Error: Bad Gateway for url: https://api.open-meteo.com/v1/forecast?latitude=32.72124843064626&longitude=35.12951893020094&daily=sunrise%2Csunset&timezone=auto&forecast_days=1
2026-05-26 15:45:45,684 [WARNING] sun times fetch attempt 1/3 failed: 502 Server Error: Bad Gateway for url: https://api.open-meteo.com/v1/forecast?latitude=32.72124843064626&longitude=35.12951893020094&daily=sunrise%2Csunset&timezone=auto&forecast_days=1 — retry in 5s
2026-05-26 15:45:57,017 [WARNING] sun times fetch attempt 2/3 failed: 502 Server Error: Bad Gateway for url: https://api.open-meteo.com/v1/forecast?latitude=32.72124843064626&longitude=35.12951893020094&daily=sunrise%2Csunset&timezone=auto&forecast_days=1 — retry in 5s
2026-05-26 15:46:14,494 [ERROR] sun times fetch failed after 3 attempts: HTTPSConnectionPool(host='api.open-meteo.com', port=443): Read timed out. (read timeout=10)
2026-05-26 15:46:40,303 [WARNING] sun times fetch attempt 1/3 failed: 502 Server Error: Bad Gateway for url: https://api.open-meteo.com/v1/forecast?latitude=32.72124843064626&longitude=35.12951893020094&daily=sunrise%2Csunset&timezone=auto&forecast_days=1 — retry in 5s
2026-05-26 15:46:56,790 [WARNING] sun times fetch attempt 2/3 failed: HTTPSConnectionPool(host='api.open-meteo.com', port=443): Read timed out. (read timeout=10) — retry in 5s
2026-05-26 15:47:05,379 [ERROR] sun times fetch failed after 3 attempts: 502 Server Error: Bad Gateway for url: https://api.open-meteo.com/v1/forecast?latitude=32.72124843064626&longitude=35.12951893020094&daily=sunrise%2Csunset&timezone=auto&forecast_days=1
2026-05-26 15:47:21,309 [WARNING] sun times fetch attempt 1/3 failed: HTTPSConnectionPool(host='api.open-meteo.com', port=443): Read timed out. (read timeout=10) — retry in 5s
2026-05-26 15:47:34,484 [WARNING] sun times fetch attempt 2/3 failed: 502 Server Error: Bad Gateway for url: https://api.open-meteo.com/v1/forecast?latitude=32.72124843064626&longitude=35.12951893020094&daily=sunrise%2Csunset&timezone=auto&forecast_days=1 — retry in 5s
2026-05-26 15:47:47,720 [ERROR] sun times fetch failed after 3 attempts: 502 Server Error: Bad Gateway for url: https://api.open-meteo.com/v1/forecast?latitude=32.72124843064626&longitude=35.12951893020094&daily=sunrise%2Csunset&timezone=auto&forecast_days=1
2026-05-26 15:48:16,000 [WARNING] sun times fetch attempt 1/3 failed: 502 Server Error: Bad Gateway for url: https://api.open-meteo.com/v1/forecast?latitude=32.72124843064626&longitude=35.12951893020094&daily=sunrise%2Csunset&timezone=auto&forecast_days=1 — retry in 5s
2026-05-26 15:48:31,268 [WARNING] sun times fetch attempt 2/3 failed: 502 Server Error: Bad Gateway for url: https://api.open-meteo.com/v1/forecast?latitude=32.72124843064626&longitude=35.12951893020094&daily=sunrise%2Csunset&timezone=auto&forecast_days=1 — retry in 5s
2026-05-26 15:48:46,612 [ERROR] sun times fetch failed after 3 attempts: 429 Client Error: Too Many Requests for url: https://api.open-meteo.com/v1/forecast?latitude=32.72124843064626&longitude=35.12951893020094&daily=sunrise%2Csunset&timezone=auto&forecast_days=1
2026-05-26 15:49:15,359 [WARNING] sun times fetch attempt 1/3 failed: 502 Server Error: Bad Gateway for url: https://api.open-meteo.com/v1/forecast?latitude=32.72124843064626&longitude=35.12951893020094&daily=sunrise%2Csunset&timezone=auto&forecast_days=1 — retry in 5s
2026-05-26 15:49:27,870 [WARNING] sun times fetch attempt 2/3 failed: 502 Server Error: Bad Gateway for url: https://api.open-meteo.com/v1/forecast?latitude=32.72124843064626&longitude=35.12951893020094&daily=sunrise%2Csunset&timezone=auto&forecast_days=1 — retry in 5s
2026-05-26 15:49:46,084 [ERROR] sun times fetch failed after 3 attempts: HTTPSConnectionPool(host='api.open-meteo.com', port=443): Read timed out. (read timeout=10)
2026-05-26 15:50:10,299 [WARNING] sun times fetch attempt 1/3 failed: ('Connection aborted.', ConnectionResetError(104, 'Connection reset by peer')) — retry in 5s
2026-05-26 15:50:22,483 [WARNING] sun times fetch attempt 2/3 failed: 502 Server Error: Bad Gateway for url: https://api.open-meteo.com/v1/forecast?latitude=32.72124843064626&longitude=35.12951893020094&daily=sunrise%2Csunset&timezone=auto&forecast_days=1 — retry in 5s
2026-05-26 15:50:34,375 [ERROR] sun times fetch failed after 3 attempts: 502 Server Error: Bad Gateway for url: https://api.open-meteo.com/v1/forecast?latitude=32.72124843064626&longitude=35.12951893020094&daily=sunrise%2Csunset&timezone=auto&forecast_days=1
2026-05-26 15:50:50,655 [WARNING] sun times fetch attempt 1/3 failed: HTTPSConnectionPool(host='api.open-meteo.com', port=443): Read timed out. (read timeout=10) — retry in 5s
2026-05-26 15:51:01,705 [WARNING] sun times fetch attempt 2/3 failed: 502 Server Error: Bad Gateway for url: https://api.open-meteo.com/v1/forecast?latitude=32.72124843064626&longitude=35.12951893020094&daily=sunrise%2Csunset&timezone=auto&forecast_days=1 — retry in 5s
2026-05-26 15:51:12,780 [ERROR] sun times fetch failed after 3 attempts: 502 Server Error: Bad Gateway for url: https://api.open-meteo.com/v1/forecast?latitude=32.72124843064626&longitude=35.12951893020094&daily=sunrise%2Csunset&timezone=auto&forecast_days=1
2026-05-26 15:51:41,991 [WARNING] sun times fetch attempt 1/3 failed: 502 Server Error: Bad Gateway for url: https://api.open-meteo.com/v1/forecast?latitude=32.72124843064626&longitude=35.12951893020094&daily=sunrise%2Csunset&timezone=auto&forecast_days=1 — retry in 5s
2026-05-26 15:51:56,961 [WARNING] sun times fetch attempt 2/3 failed: 502 Server Error: Bad Gateway for url: https://api.open-meteo.com/v1/forecast?latitude=32.72124843064626&longitude=35.12951893020094&daily=sunrise%2Csunset&timezone=auto&forecast_days=1 — retry in 5s
2026-05-26 15:52:08,340 [ERROR] sun times fetch failed after 3 attempts: 502 Server Error: Bad Gateway for url: https://api.open-meteo.com/v1/forecast?latitude=32.72124843064626&longitude=35.12951893020094&daily=sunrise%2Csunset&timezone=auto&forecast_days=1
2026-05-26 15:52:41,060 [WARNING] sun times fetch attempt 1/3 failed: 502 Server Error: Bad Gateway for url: https://api.open-meteo.com/v1/forecast?latitude=32.72124843064626&longitude=35.12951893020094&daily=sunrise%2Csunset&timezone=auto&forecast_days=1 — retry in 5s
2026-05-26 15:52:56,113 [WARNING] sun times fetch attempt 2/3 failed: 502 Server Error: Bad Gateway for url: https://api.open-meteo.com/v1/forecast?latitude=32.72124843064626&longitude=35.12951893020094&daily=sunrise%2Csunset&timezone=auto&forecast_days=1 — retry in 5s
2026-05-26 15:53:04,240 [ERROR] sun times fetch failed after 3 attempts: ('Connection aborted.', ConnectionResetError(104, 'Connection reset by peer'))
2026-05-26 15:53:18,653 [WARNING] sun times fetch attempt 1/3 failed: 502 Server Error: Bad Gateway for url: https://api.open-meteo.com/v1/forecast?latitude=32.72124843064626&longitude=35.12951893020094&daily=sunrise%2Csunset&timezone=auto&forecast_days=1 — retry in 5s
2026-05-26 15:53:34,107 [WARNING] sun times fetch attempt 2/3 failed: 429 Client Error: Too Many Requests for url: https://api.open-meteo.com/v1/forecast?latitude=32.72124843064626&longitude=35.12951893020094&daily=sunrise%2Csunset&timezone=auto&forecast_days=1 — retry in 5s
2026-05-26 15:53:45,788 [ERROR] sun times fetch failed after 3 attempts: 502 Server Error: Bad Gateway for url: https://api.open-meteo.com/v1/forecast?latitude=32.72124843064626&longitude=35.12951893020094&daily=sunrise%2Csunset&timezone=auto&forecast_days=1
2026-05-26 15:54:14,642 [WARNING] sun times fetch attempt 1/3 failed: 502 Server Error: Bad Gateway for url: https://api.open-meteo.com/v1/forecast?latitude=32.72124843064626&longitude=35.12951893020094&daily=sunrise%2Csunset&timezone=auto&forecast_days=1 — retry in 5s
2026-05-26 15:54:23,027 [WARNING] sun times fetch attempt 2/3 failed: 502 Server Error: Bad Gateway for url: https://api.open-meteo.com/v1/forecast?latitude=32.72124843064626&longitude=35.12951893020094&daily=sunrise%2Csunset&timezone=auto&forecast_days=1 — retry in 5s
2026-05-26 15:54:37,016 [ERROR] sun times fetch failed after 3 attempts: 502 Server Error: Bad Gateway for url: https://api.open-meteo.com/v1/forecast?latitude=32.72124843064626&longitude=35.12951893020094&daily=sunrise%2Csunset&timezone=auto&forecast_days=1
2026-05-26 15:54:48,961 [WARNING] sun times fetch attempt 1/3 failed: 502 Server Error: Bad Gateway for url: https://api.open-meteo.com/v1/forecast?latitude=32.72124843064626&longitude=35.12951893020094&daily=sunrise%2Csunset&timezone=auto&forecast_days=1 — retry in 5s
2026-05-26 15:54:58,472 [WARNING] sun times fetch attempt 2/3 failed: 502 Server Error: Bad Gateway for url: https://api.open-meteo.com/v1/forecast?latitude=32.72124843064626&longitude=35.12951893020094&daily=sunrise%2Csunset&timezone=auto&forecast_days=1 — retry in 5s
2026-05-26 15:55:13,223 [ERROR] sun times fetch failed after 3 attempts: 502 Server Error: Bad Gateway for url: https://api.open-meteo.com/v1/forecast?latitude=32.72124843064626&longitude=35.12951893020094&daily=sunrise%2Csunset&timezone=auto&forecast_days=1
2026-05-26 15:55:42,835 [WARNING] sun times fetch attempt 1/3 failed: ('Connection aborted.', ConnectionResetError(104, 'Connection reset by peer')) — retry in 5s
2026-05-26 15:55:53,892 [WARNING] sun times fetch attempt 2/3 failed: 502 Server Error: Bad Gateway for url: https://api.open-meteo.com/v1/forecast?latitude=32.72124843064626&longitude=35.12951893020094&daily=sunrise%2Csunset&timezone=auto&forecast_days=1 — retry in 5s
2026-05-26 15:56:05,949 [ERROR] sun times fetch failed after 3 attempts: 502 Server Error: Bad Gateway for url: https://api.open-meteo.com/v1/forecast?latitude=32.72124843064626&longitude=35.12951893020094&daily=sunrise%2Csunset&timezone=auto&forecast_days=1
2026-05-26 15:56:13,997 [WARNING] sun times fetch attempt 1/3 failed: 502 Server Error: Bad Gateway for url: https://api.open-meteo.com/v1/forecast?latitude=32.72124843064626&longitude=35.12951893020094&daily=sunrise%2Csunset&timezone=auto&forecast_days=1 — retry in 5s
2026-05-26 15:56:28,728 [WARNING] sun times fetch attempt 2/3 failed: 502 Server Error: Bad Gateway for url: https://api.open-meteo.com/v1/forecast?latitude=32.72124843064626&longitude=35.12951893020094&daily=sunrise%2Csunset&timezone=auto&forecast_days=1 — retry in 5s
2026-05-26 15:56:47,550 [ERROR] sun times fetch failed after 3 attempts: HTTPSConnectionPool(host='api.open-meteo.com', port=443): Read timed out. (read timeout=10)
2026-05-26 15:57:13,712 [WARNING] sun times fetch attempt 1/3 failed: 502 Server Error: Bad Gateway for url: https://api.open-meteo.com/v1/forecast?latitude=32.72124843064626&longitude=35.12951893020094&daily=sunrise%2Csunset&timezone=auto&forecast_days=1 — retry in 5s
2026-05-26 15:57:24,948 [WARNING] sun times fetch attempt 2/3 failed: 502 Server Error: Bad Gateway for url: https://api.open-meteo.com/v1/forecast?latitude=32.72124843064626&longitude=35.12951893020094&daily=sunrise%2Csunset&timezone=auto&forecast_days=1 — retry in 5s
2026-05-26 15:57:40,875 [ERROR] sun times fetch failed after 3 attempts: 502 Server Error: Bad Gateway for url: https://api.open-meteo.com/v1/forecast?latitude=32.72124843064626&longitude=35.12951893020094&daily=sunrise%2Csunset&timezone=auto&forecast_days=1
2026-05-26 15:58:15,447 [WARNING] sun times fetch attempt 1/3 failed: 502 Server Error: Bad Gateway for url: https://api.open-meteo.com/v1/forecast?latitude=32.72124843064626&longitude=35.12951893020094&daily=sunrise%2Csunset&timezone=auto&forecast_days=1 — retry in 5s
2026-05-26 15:58:33,450 [WARNING] sun times fetch attempt 2/3 failed: 504 Server Error: Gateway Time-out for url: https://api.open-meteo.com/v1/forecast?latitude=32.72124843064626&longitude=35.12951893020094&daily=sunrise%2Csunset&timezone=auto&forecast_days=1 — retry in 5s
2026-05-26 15:58:44,838 [ERROR] sun times fetch failed after 3 attempts: 502 Server Error: Bad Gateway for url: https://api.open-meteo.com/v1/forecast?latitude=32.72124843064626&longitude=35.12951893020094&daily=sunrise%2Csunset&timezone=auto&forecast_days=1
2026-05-26 15:59:13,543 [WARNING] sun times fetch attempt 1/3 failed: 429 Client Error: Too Many Requests for url: https://api.open-meteo.com/v1/forecast?latitude=32.72124843064626&longitude=35.12951893020094&daily=sunrise%2Csunset&timezone=auto&forecast_days=1 — retry in 5s
2026-05-26 15:59:27,281 [WARNING] sun times fetch attempt 2/3 failed: 502 Server Error: Bad Gateway for url: https://api.open-meteo.com/v1/forecast?latitude=32.72124843064626&longitude=35.12951893020094&daily=sunrise%2Csunset&timezone=auto&forecast_days=1 — retry in 5s
2026-05-26 15:59:36,561 [ERROR] sun times fetch failed after 3 attempts: 502 Server Error: Bad Gateway for url: https://api.open-meteo.com/v1/forecast?latitude=32.72124843064626&longitude=35.12951893020094&daily=sunrise%2Csunset&timezone=auto&forecast_days=1
2026-05-26 15:59:47,203 [WARNING] sun times fetch attempt 1/3 failed: 502 Server Error: Bad Gateway for url: https://api.open-meteo.com/v1/forecast?latitude=32.72124843064626&longitude=35.12951893020094&daily=sunrise%2Csunset&timezone=auto&forecast_days=1 — retry in 5s
2026-05-26 16:00:00,066 [WARNING] sun times fetch attempt 2/3 failed: 502 Server Error: Bad Gateway for url: https://api.open-meteo.com/v1/forecast?latitude=32.72124843064626&longitude=35.12951893020094&daily=sunrise%2Csunset&timezone=auto&forecast_days=1 — retry in 5s
2026-05-26 16:00:17,080 [ERROR] sun times fetch failed after 3 attempts: 502 Server Error: Bad Gateway for url: https://api.open-meteo.com/v1/forecast?latitude=32.72124843064626&longitude=35.12951893020094&daily=sunrise%2Csunset&timezone=auto&forecast_days=1
2026-05-26 16:00:50,983 [WARNING] sun times fetch attempt 1/3 failed: 502 Server Error: Bad Gateway for url: https://api.open-meteo.com/v1/forecast?latitude=32.72124843064626&longitude=35.12951893020094&daily=sunrise%2Csunset&timezone=auto&forecast_days=1 — retry in 5s
2026-05-26 16:01:02,100 [WARNING] sun times fetch attempt 2/3 failed: 502 Server Error: Bad Gateway for url: https://api.open-meteo.com/v1/forecast?latitude=32.72124843064626&longitude=35.12951893020094&daily=sunrise%2Csunset&timezone=auto&forecast_days=1 — retry in 5s
2026-05-26 16:01:08,978 [ERROR] sun times fetch failed after 3 attempts: ('Connection aborted.', ConnectionResetError(104, 'Connection reset by peer'))
2026-05-26 16:01:51,880 [WARNING] sun times fetch attempt 1/3 failed: 504 Server Error: Gateway Time-out for url: https://api.open-meteo.com/v1/forecast?latitude=32.72124843064626&longitude=35.12951893020094&daily=sunrise%2Csunset&timezone=auto&forecast_days=1 — retry in 5s
2026-05-26 16:02:05,067 [WARNING] sun times fetch attempt 2/3 failed: 502 Server Error: Bad Gateway for url: https://api.open-meteo.com/v1/forecast?latitude=32.72124843064626&longitude=35.12951893020094&daily=sunrise%2Csunset&timezone=auto&forecast_days=1 — retry in 5s
2026-05-26 16:02:20,984 [ERROR] sun times fetch failed after 3 attempts: 502 Server Error: Bad Gateway for url: https://api.open-meteo.com/v1/forecast?latitude=32.72124843064626&longitude=35.12951893020094&daily=sunrise%2Csunset&timezone=auto&forecast_days=1
2026-05-26 16:02:48,412 [WARNING] sun times fetch attempt 1/3 failed: 502 Server Error: Bad Gateway for url: https://api.open-meteo.com/v1/forecast?latitude=32.72124843064626&longitude=35.12951893020094&daily=sunrise%2Csunset&timezone=auto&forecast_days=1 — retry in 5s
2026-05-26 16:03:01,233 [WARNING] sun times fetch attempt 2/3 failed: 502 Server Error: Bad Gateway for url: https://api.open-meteo.com/v1/forecast?latitude=32.72124843064626&longitude=35.12951893020094&daily=sunrise%2Csunset&timezone=auto&forecast_days=1 — retry in 5s
2026-05-26 16:03:07,099 [ERROR] sun times fetch failed after 3 attempts: ('Connection aborted.', ConnectionResetError(104, 'Connection reset by peer'))
2026-05-26 16:03:17,310 [WARNING] sun times fetch attempt 1/3 failed: 502 Server Error: Bad Gateway for url: https://api.open-meteo.com/v1/forecast?latitude=32.72124843064626&longitude=35.12951893020094&daily=sunrise%2Csunset&timezone=auto&forecast_days=1 — retry in 5s
2026-05-26 16:03:34,462 [WARNING] sun times fetch attempt 2/3 failed: 429 Client Error: Too Many Requests for url: https://api.open-meteo.com/v1/forecast?latitude=32.72124843064626&longitude=35.12951893020094&daily=sunrise%2Csunset&timezone=auto&forecast_days=1 — retry in 5s
2026-05-26 16:03:48,084 [ERROR] sun times fetch failed after 3 attempts: 502 Server Error: Bad Gateway for url: https://api.open-meteo.com/v1/forecast?latitude=32.72124843064626&longitude=35.12951893020094&daily=sunrise%2Csunset&timezone=auto&forecast_days=1
2026-05-26 16:04:22,773 [WARNING] sun times fetch attempt 1/3 failed: HTTPSConnectionPool(host='api.open-meteo.com', port=443): Read timed out. (read timeout=10) — retry in 5s
2026-05-26 16:04:31,521 [WARNING] sun times fetch attempt 2/3 failed: ('Connection aborted.', ConnectionResetError(104, 'Connection reset by peer')) — retry in 5s
2026-05-26 16:04:42,628 [ERROR] sun times fetch failed after 3 attempts: 502 Server Error: Bad Gateway for url: https://api.open-meteo.com/v1/forecast?latitude=32.72124843064626&longitude=35.12951893020094&daily=sunrise%2Csunset&timezone=auto&forecast_days=1
2026-05-26 16:05:15,202 [WARNING] sun times fetch attempt 1/3 failed: 502 Server Error: Bad Gateway for url: https://api.open-meteo.com/v1/forecast?latitude=32.72124843064626&longitude=35.12951893020094&daily=sunrise%2Csunset&timezone=auto&forecast_days=1 — retry in 5s
2026-05-26 16:05:29,869 [WARNING] sun times fetch attempt 2/3 failed: 502 Server Error: Bad Gateway for url: https://api.open-meteo.com/v1/forecast?latitude=32.72124843064626&longitude=35.12951893020094&daily=sunrise%2Csunset&timezone=auto&forecast_days=1 — retry in 5s
2026-05-26 16:05:46,349 [ERROR] sun times fetch failed after 3 attempts: 502 Server Error: Bad Gateway for url: https://api.open-meteo.com/v1/forecast?latitude=32.72124843064626&longitude=35.12951893020094&daily=sunrise%2Csunset&timezone=auto&forecast_days=1
2026-05-26 16:06:19,925 [WARNING] sun times fetch attempt 1/3 failed: 502 Server Error: Bad Gateway for url: https://api.open-meteo.com/v1/forecast?latitude=32.72124843064626&longitude=35.12951893020094&daily=sunrise%2Csunset&timezone=auto&forecast_days=1 — retry in 5s
2026-05-26 16:06:39,770 [WARNING] sun times fetch attempt 2/3 failed: 502 Server Error: Bad Gateway for url: https://api.open-meteo.com/v1/forecast?latitude=32.72124843064626&longitude=35.12951893020094&daily=sunrise%2Csunset&timezone=auto&forecast_days=1 — retry in 5s
2026-05-26 16:06:49,447 [ERROR] sun times fetch failed after 3 attempts: 502 Server Error: Bad Gateway for url: https://api.open-meteo.com/v1/forecast?latitude=32.72124843064626&longitude=35.12951893020094&daily=sunrise%2Csunset&timezone=auto&forecast_days=1
2026-05-26 16:07:11,432 [WARNING] sun times fetch attempt 1/3 failed: 502 Server Error: Bad Gateway for url: https://api.open-meteo.com/v1/forecast?latitude=32.72124843064626&longitude=35.12951893020094&daily=sunrise%2Csunset&timezone=auto&forecast_days=1 — retry in 5s
2026-05-26 16:07:24,699 [WARNING] sun times fetch attempt 2/3 failed: 502 Server Error: Bad Gateway for url: https://api.open-meteo.com/v1/forecast?latitude=32.72124843064626&longitude=35.12951893020094&daily=sunrise%2Csunset&timezone=auto&forecast_days=1 — retry in 5s
2026-05-26 16:07:37,124 [ERROR] sun times fetch failed after 3 attempts: 502 Server Error: Bad Gateway for url: https://api.open-meteo.com/v1/forecast?latitude=32.72124843064626&longitude=35.12951893020094&daily=sunrise%2Csunset&timezone=auto&forecast_days=1
2026-05-26 16:07:39,341 [WARNING] sun times fetch attempt 1/3 failed: ('Connection aborted.', ConnectionResetError(104, 'Connection reset by peer')) — retry in 5s
2026-05-26 16:07:54,845 [WARNING] sun times fetch attempt 2/3 failed: 429 Client Error: Too Many Requests for url: https://api.open-meteo.com/v1/forecast?latitude=32.72124843064626&longitude=35.12951893020094&daily=sunrise%2Csunset&timezone=auto&forecast_days=1 — retry in 5s
2026-05-26 16:08:03,698 [ERROR] sun times fetch failed after 3 attempts: 502 Server Error: Bad Gateway for url: https://api.open-meteo.com/v1/forecast?latitude=32.72124843064626&longitude=35.12951893020094&daily=sunrise%2Csunset&timezone=auto&forecast_days=1
2026-05-26 16:08:07,666 [WARNING] sun times fetch attempt 1/3 failed: 502 Server Error: Bad Gateway for url: https://api.open-meteo.com/v1/forecast?latitude=32.72124843064626&longitude=35.12951893020094&daily=sunrise%2Csunset&timezone=auto&forecast_days=1 — retry in 5s
2026-05-26 16:08:22,926 [WARNING] sun times fetch attempt 2/3 failed: HTTPSConnectionPool(host='api.open-meteo.com', port=443): Read timed out. (read timeout=10) — retry in 5s
2026-05-26 16:08:29,991 [ERROR] sun times fetch failed after 3 attempts: 502 Server Error: Bad Gateway for url: https://api.open-meteo.com/v1/forecast?latitude=32.72124843064626&longitude=35.12951893020094&daily=sunrise%2Csunset&timezone=auto&forecast_days=1
2026-05-26 16:08:43,767 [WARNING] sun times fetch attempt 1/3 failed: 502 Server Error: Bad Gateway for url: https://api.open-meteo.com/v1/forecast?latitude=32.72124843064626&longitude=35.12951893020094&daily=sunrise%2Csunset&timezone=auto&forecast_days=1 — retry in 5s
2026-05-26 16:08:52,914 [WARNING] sun times fetch attempt 2/3 failed: 502 Server Error: Bad Gateway for url: https://api.open-meteo.com/v1/forecast?latitude=32.72124843064626&longitude=35.12951893020094&daily=sunrise%2Csunset&timezone=auto&forecast_days=1 — retry in 5s
2026-05-26 16:09:09,623 [ERROR] sun times fetch failed after 3 attempts: 504 Server Error: Gateway Time-out for url: https://api.open-meteo.com/v1/forecast?latitude=32.72124843064626&longitude=35.12951893020094&daily=sunrise%2Csunset&timezone=auto&forecast_days=1
2026-05-26 16:09:48,290 [WARNING] sun times fetch attempt 1/3 failed: 502 Server Error: Bad Gateway for url: https://api.open-meteo.com/v1/forecast?latitude=32.72124843064626&longitude=35.12951893020094&daily=sunrise%2Csunset&timezone=auto&forecast_days=1 — retry in 5s
2026-05-26 16:10:04,049 [WARNING] sun times fetch attempt 2/3 failed: 504 Server Error: Gateway Time-out for url: https://api.open-meteo.com/v1/forecast?latitude=32.72124843064626&longitude=35.12951893020094&daily=sunrise%2Csunset&timezone=auto&forecast_days=1 — retry in 5s
2026-05-26 16:10:21,602 [ERROR] sun times fetch failed after 3 attempts: 504 Server Error: Gateway Time-out for url: https://api.open-meteo.com/v1/forecast?latitude=32.72124843064626&longitude=35.12951893020094&daily=sunrise%2Csunset&timezone=auto&forecast_days=1
2026-05-26 16:10:42,975 [WARNING] sun times fetch attempt 1/3 failed: 502 Server Error: Bad Gateway for url: https://api.open-meteo.com/v1/forecast?latitude=32.72124843064626&longitude=35.12951893020094&daily=sunrise%2Csunset&timezone=auto&forecast_days=1 — retry in 5s
2026-05-26 16:11:02,436 [WARNING] sun times fetch attempt 2/3 failed: HTTPSConnectionPool(host='api.open-meteo.com', port=443): Read timed out. (read timeout=10) — retry in 5s
2026-05-26 16:11:13,335 [ERROR] sun times fetch failed after 3 attempts: 502 Server Error: Bad Gateway for url: https://api.open-meteo.com/v1/forecast?latitude=32.72124843064626&longitude=35.12951893020094&daily=sunrise%2Csunset&timezone=auto&forecast_days=1
2026-05-26 16:11:45,971 [WARNING] sun times fetch attempt 1/3 failed: 502 Server Error: Bad Gateway for url: https://api.open-meteo.com/v1/forecast?latitude=32.72124843064626&longitude=35.12951893020094&daily=sunrise%2Csunset&timezone=auto&forecast_days=1 — retry in 5s
2026-05-26 16:12:04,400 [WARNING] sun times fetch attempt 2/3 failed: 504 Server Error: Gateway Time-out for url: https://api.open-meteo.com/v1/forecast?latitude=32.72124843064626&longitude=35.12951893020094&daily=sunrise%2Csunset&timezone=auto&forecast_days=1 — retry in 5s
2026-05-26 16:12:14,160 [ERROR] sun times fetch failed after 3 attempts: 502 Server Error: Bad Gateway for url: https://api.open-meteo.com/v1/forecast?latitude=32.72124843064626&longitude=35.12951893020094&daily=sunrise%2Csunset&timezone=auto&forecast_days=1
2026-05-26 16:12:46,305 [WARNING] sun times fetch attempt 1/3 failed: 502 Server Error: Bad Gateway for url: https://api.open-meteo.com/v1/forecast?latitude=32.72124843064626&longitude=35.12951893020094&daily=sunrise%2Csunset&timezone=auto&forecast_days=1 — retry in 5s
2026-05-26 16:12:54,773 [WARNING] sun times fetch attempt 2/3 failed: 502 Server Error: Bad Gateway for url: https://api.open-meteo.com/v1/forecast?latitude=32.72124843064626&longitude=35.12951893020094&daily=sunrise%2Csunset&timezone=auto&forecast_days=1 — retry in 5s
2026-05-26 16:13:05,210 [ERROR] sun times fetch failed after 3 attempts: 502 Server Error: Bad Gateway for url: https://api.open-meteo.com/v1/forecast?latitude=32.72124843064626&longitude=35.12951893020094&daily=sunrise%2Csunset&timezone=auto&forecast_days=1
2026-05-26 16:13:19,567 [WARNING] sun times fetch attempt 1/3 failed: HTTPSConnectionPool(host='api.open-meteo.com', port=443): Read timed out. (read timeout=10) — retry in 5s
2026-05-26 16:13:32,333 [WARNING] sun times fetch attempt 2/3 failed: 502 Server Error: Bad Gateway for url: https://api.open-meteo.com/v1/forecast?latitude=32.72124843064626&longitude=35.12951893020094&daily=sunrise%2Csunset&timezone=auto&forecast_days=1 — retry in 5s
2026-05-26 16:13:40,872 [ERROR] sun times fetch failed after 3 attempts: 502 Server Error: Bad Gateway for url: https://api.open-meteo.com/v1/forecast?latitude=32.72124843064626&longitude=35.12951893020094&daily=sunrise%2Csunset&timezone=auto&forecast_days=1
2026-05-26 16:14:11,168 [WARNING] sun times fetch attempt 1/3 failed: 502 Server Error: Bad Gateway for url: https://api.open-meteo.com/v1/forecast?latitude=32.72124843064626&longitude=35.12951893020094&daily=sunrise%2Csunset&timezone=auto&forecast_days=1 — retry in 5s
2026-05-26 16:14:21,803 [WARNING] sun times fetch attempt 2/3 failed: 502 Server Error: Bad Gateway for url: https://api.open-meteo.com/v1/forecast?latitude=32.72124843064626&longitude=35.12951893020094&daily=sunrise%2Csunset&timezone=auto&forecast_days=1 — retry in 5s
2026-05-26 16:14:38,553 [ERROR] sun times fetch failed after 3 attempts: 504 Server Error: Gateway Time-out for url: https://api.open-meteo.com/v1/forecast?latitude=32.72124843064626&longitude=35.12951893020094&daily=sunrise%2Csunset&timezone=auto&forecast_days=1
2026-05-26 16:15:16,231 [WARNING] sun times fetch attempt 1/3 failed: 502 Server Error: Bad Gateway for url: https://api.open-meteo.com/v1/forecast?latitude=32.72124843064626&longitude=35.12951893020094&daily=sunrise%2Csunset&timezone=auto&forecast_days=1 — retry in 5s
2026-05-26 16:15:26,280 [WARNING] sun times fetch attempt 2/3 failed: 502 Server Error: Bad Gateway for url: https://api.open-meteo.com/v1/forecast?latitude=32.72124843064626&longitude=35.12951893020094&daily=sunrise%2Csunset&timezone=auto&forecast_days=1 — retry in 5s
2026-05-26 16:15:37,943 [ERROR] sun times fetch failed after 3 attempts: 502 Server Error: Bad Gateway for url: https://api.open-meteo.com/v1/forecast?latitude=32.72124843064626&longitude=35.12951893020094&daily=sunrise%2Csunset&timezone=auto&forecast_days=1
2026-05-26 16:16:16,038 [WARNING] sun times fetch attempt 1/3 failed: 502 Server Error: Bad Gateway for url: https://api.open-meteo.com/v1/forecast?latitude=32.72124843064626&longitude=35.12951893020094&daily=sunrise%2Csunset&timezone=auto&forecast_days=1 — retry in 5s
2026-05-26 16:16:26,797 [WARNING] sun times fetch attempt 2/3 failed: 502 Server Error: Bad Gateway for url: https://api.open-meteo.com/v1/forecast?latitude=32.72124843064626&longitude=35.12951893020094&daily=sunrise%2Csunset&timezone=auto&forecast_days=1 — retry in 5s
2026-05-26 16:16:38,861 [ERROR] sun times fetch failed after 3 attempts: 502 Server Error: Bad Gateway for url: https://api.open-meteo.com/v1/forecast?latitude=32.72124843064626&longitude=35.12951893020094&daily=sunrise%2Csunset&timezone=auto&forecast_days=1
2026-05-26 16:17:15,329 [WARNING] sun times fetch attempt 1/3 failed: 502 Server Error: Bad Gateway for url: https://api.open-meteo.com/v1/forecast?latitude=32.72124843064626&longitude=35.12951893020094&daily=sunrise%2Csunset&timezone=auto&forecast_days=1 — retry in 5s
2026-05-26 16:17:29,114 [WARNING] sun times fetch attempt 2/3 failed: 502 Server Error: Bad Gateway for url: https://api.open-meteo.com/v1/forecast?latitude=32.72124843064626&longitude=35.12951893020094&daily=sunrise%2Csunset&timezone=auto&forecast_days=1 — retry in 5s
2026-05-26 16:17:41,302 [ERROR] sun times fetch failed after 3 attempts: 502 Server Error: Bad Gateway for url: https://api.open-meteo.com/v1/forecast?latitude=32.72124843064626&longitude=35.12951893020094&daily=sunrise%2Csunset&timezone=auto&forecast_days=1
2026-05-26 16:18:15,112 [WARNING] sun times fetch attempt 1/3 failed: 502 Server Error: Bad Gateway for url: https://api.open-meteo.com/v1/forecast?latitude=32.72124843064626&longitude=35.12951893020094&daily=sunrise%2Csunset&timezone=auto&forecast_days=1 — retry in 5s
2026-05-26 16:18:25,684 [WARNING] sun times fetch attempt 2/3 failed: 502 Server Error: Bad Gateway for url: https://api.open-meteo.com/v1/forecast?latitude=32.72124843064626&longitude=35.12951893020094&daily=sunrise%2Csunset&timezone=auto&forecast_days=1 — retry in 5s
2026-05-26 16:18:38,673 [ERROR] sun times fetch failed after 3 attempts: 502 Server Error: Bad Gateway for url: https://api.open-meteo.com/v1/forecast?latitude=32.72124843064626&longitude=35.12951893020094&daily=sunrise%2Csunset&timezone=auto&forecast_days=1
2026-05-26 16:19:09,511 [WARNING] sun times fetch attempt 1/3 failed: ('Connection aborted.', ConnectionResetError(104, 'Connection reset by peer')) — retry in 5s
2026-05-26 16:19:19,575 [WARNING] sun times fetch attempt 2/3 failed: 502 Server Error: Bad Gateway for url: https://api.open-meteo.com/v1/forecast?latitude=32.72124843064626&longitude=35.12951893020094&daily=sunrise%2Csunset&timezone=auto&forecast_days=1 — retry in 5s
2026-05-26 16:19:32,868 [ERROR] sun times fetch failed after 3 attempts: 502 Server Error: Bad Gateway for url: https://api.open-meteo.com/v1/forecast?latitude=32.72124843064626&longitude=35.12951893020094&daily=sunrise%2Csunset&timezone=auto&forecast_days=1
2026-05-26 16:19:47,881 [WARNING] sun times fetch attempt 1/3 failed: 502 Server Error: Bad Gateway for url: https://api.open-meteo.com/v1/forecast?latitude=32.72124843064626&longitude=35.12951893020094&daily=sunrise%2Csunset&timezone=auto&forecast_days=1 — retry in 5s
2026-05-26 16:20:00,035 [WARNING] sun times fetch attempt 2/3 failed: 502 Server Error: Bad Gateway for url: https://api.open-meteo.com/v1/forecast?latitude=32.72124843064626&longitude=35.12951893020094&daily=sunrise%2Csunset&timezone=auto&forecast_days=1 — retry in 5s
2026-05-26 16:20:19,769 [ERROR] sun times fetch failed after 3 attempts: 504 Server Error: Gateway Time-out for url: https://api.open-meteo.com/v1/forecast?latitude=32.72124843064626&longitude=35.12951893020094&daily=sunrise%2Csunset&timezone=auto&forecast_days=1
2026-05-26 16:20:46,011 [WARNING] sun times fetch attempt 1/3 failed: 502 Server Error: Bad Gateway for url: https://api.open-meteo.com/v1/forecast?latitude=32.72124843064626&longitude=35.12951893020094&daily=sunrise%2Csunset&timezone=auto&forecast_days=1 — retry in 5s
2026-05-26 16:20:56,704 [WARNING] sun times fetch attempt 2/3 failed: 502 Server Error: Bad Gateway for url: https://api.open-meteo.com/v1/forecast?latitude=32.72124843064626&longitude=35.12951893020094&daily=sunrise%2Csunset&timezone=auto&forecast_days=1 — retry in 5s
2026-05-26 16:21:06,719 [ERROR] sun times fetch failed after 3 attempts: 502 Server Error: Bad Gateway for url: https://api.open-meteo.com/v1/forecast?latitude=32.72124843064626&longitude=35.12951893020094&daily=sunrise%2Csunset&timezone=auto&forecast_days=1
2026-05-26 16:21:15,004 [WARNING] sun times fetch attempt 1/3 failed: 502 Server Error: Bad Gateway for url: https://api.open-meteo.com/v1/forecast?latitude=32.72124843064626&longitude=35.12951893020094&daily=sunrise%2Csunset&timezone=auto&forecast_days=1 — retry in 5s
2026-05-26 16:21:27,176 [WARNING] sun times fetch attempt 2/3 failed: 502 Server Error: Bad Gateway for url: https://api.open-meteo.com/v1/forecast?latitude=32.72124843064626&longitude=35.12951893020094&daily=sunrise%2Csunset&timezone=auto&forecast_days=1 — retry in 5s
2026-05-26 16:21:43,501 [ERROR] sun times fetch failed after 3 attempts: 502 Server Error: Bad Gateway for url: https://api.open-meteo.com/v1/forecast?latitude=32.72124843064626&longitude=35.12951893020094&daily=sunrise%2Csunset&timezone=auto&forecast_days=1
2026-05-26 16:22:16,732 [WARNING] sun times fetch attempt 1/3 failed: 502 Server Error: Bad Gateway for url: https://api.open-meteo.com/v1/forecast?latitude=32.72124843064626&longitude=35.12951893020094&daily=sunrise%2Csunset&timezone=auto&forecast_days=1 — retry in 5s
2026-05-26 16:22:29,195 [WARNING] sun times fetch attempt 2/3 failed: 502 Server Error: Bad Gateway for url: https://api.open-meteo.com/v1/forecast?latitude=32.72124843064626&longitude=35.12951893020094&daily=sunrise%2Csunset&timezone=auto&forecast_days=1 — retry in 5s
2026-05-26 16:22:39,800 [ERROR] sun times fetch failed after 3 attempts: 502 Server Error: Bad Gateway for url: https://api.open-meteo.com/v1/forecast?latitude=32.72124843064626&longitude=35.12951893020094&daily=sunrise%2Csunset&timezone=auto&forecast_days=1
2026-05-26 16:23:15,983 [WARNING] sun times fetch attempt 1/3 failed: 502 Server Error: Bad Gateway for url: https://api.open-meteo.com/v1/forecast?latitude=32.72124843064626&longitude=35.12951893020094&daily=sunrise%2Csunset&timezone=auto&forecast_days=1 — retry in 5s
2026-05-26 16:23:24,818 [WARNING] sun times fetch attempt 2/3 failed: 502 Server Error: Bad Gateway for url: https://api.open-meteo.com/v1/forecast?latitude=32.72124843064626&longitude=35.12951893020094&daily=sunrise%2Csunset&timezone=auto&forecast_days=1 — retry in 5s
2026-05-26 16:23:39,368 [ERROR] sun times fetch failed after 3 attempts: 502 Server Error: Bad Gateway for url: https://api.open-meteo.com/v1/forecast?latitude=32.72124843064626&longitude=35.12951893020094&daily=sunrise%2Csunset&timezone=auto&forecast_days=1
2026-05-26 16:24:16,770 [WARNING] sun times fetch attempt 1/3 failed: 502 Server Error: Bad Gateway for url: https://api.open-meteo.com/v1/forecast?latitude=32.72124843064626&longitude=35.12951893020094&daily=sunrise%2Csunset&timezone=auto&forecast_days=1 — retry in 5s
2026-05-26 16:24:28,033 [WARNING] sun times fetch attempt 2/3 failed: 502 Server Error: Bad Gateway for url: https://api.open-meteo.com/v1/forecast?latitude=32.72124843064626&longitude=35.12951893020094&daily=sunrise%2Csunset&timezone=auto&forecast_days=1 — retry in 5s
2026-05-26 16:24:41,358 [ERROR] sun times fetch failed after 3 attempts: 502 Server Error: Bad Gateway for url: https://api.open-meteo.com/v1/forecast?latitude=32.72124843064626&longitude=35.12951893020094&daily=sunrise%2Csunset&timezone=auto&forecast_days=1
2026-05-26 16:25:14,764 [WARNING] sun times fetch attempt 1/3 failed: 504 Server Error: Gateway Time-out for url: https://api.open-meteo.com/v1/forecast?latitude=32.72124843064626&longitude=35.12951893020094&daily=sunrise%2Csunset&timezone=auto&forecast_days=1 — retry in 5s
2026-05-26 16:25:30,510 [WARNING] sun times fetch attempt 2/3 failed: 502 Server Error: Bad Gateway for url: https://api.open-meteo.com/v1/forecast?latitude=32.72124843064626&longitude=35.12951893020094&daily=sunrise%2Csunset&timezone=auto&forecast_days=1 — retry in 5s
2026-05-26 16:25:43,058 [ERROR] sun times fetch failed after 3 attempts: 502 Server Error: Bad Gateway for url: https://api.open-meteo.com/v1/forecast?latitude=32.72124843064626&longitude=35.12951893020094&daily=sunrise%2Csunset&timezone=auto&forecast_days=1
2026-05-26 16:26:19,029 [WARNING] sun times fetch attempt 1/3 failed: 502 Server Error: Bad Gateway for url: https://api.open-meteo.com/v1/forecast?latitude=32.72124843064626&longitude=35.12951893020094&daily=sunrise%2Csunset&timezone=auto&forecast_days=1 — retry in 5s
2026-05-26 16:26:35,468 [WARNING] sun times fetch attempt 2/3 failed: 502 Server Error: Bad Gateway for url: https://api.open-meteo.com/v1/forecast?latitude=32.72124843064626&longitude=35.12951893020094&daily=sunrise%2Csunset&timezone=auto&forecast_days=1 — retry in 5s
2026-05-26 16:26:46,989 [ERROR] sun times fetch failed after 3 attempts: 502 Server Error: Bad Gateway for url: https://api.open-meteo.com/v1/forecast?latitude=32.72124843064626&longitude=35.12951893020094&daily=sunrise%2Csunset&timezone=auto&forecast_days=1
2026-05-26 16:27:14,289 [WARNING] sun times fetch attempt 1/3 failed: 502 Server Error: Bad Gateway for url: https://api.open-meteo.com/v1/forecast?latitude=32.72124843064626&longitude=35.12951893020094&daily=sunrise%2Csunset&timezone=auto&forecast_days=1 — retry in 5s
2026-05-26 16:27:32,427 [WARNING] sun times fetch attempt 2/3 failed: 502 Server Error: Bad Gateway for url: https://api.open-meteo.com/v1/forecast?latitude=32.72124843064626&longitude=35.12951893020094&daily=sunrise%2Csunset&timezone=auto&forecast_days=1 — retry in 5s
2026-05-26 16:27:40,238 [ERROR] sun times fetch failed after 3 attempts: ('Connection aborted.', ConnectionResetError(104, 'Connection reset by peer'))
2026-05-26 16:28:13,937 [WARNING] sun times fetch attempt 1/3 failed: 502 Server Error: Bad Gateway for url: https://api.open-meteo.com/v1/forecast?latitude=32.72124843064626&longitude=35.12951893020094&daily=sunrise%2Csunset&timezone=auto&forecast_days=1 — retry in 5s
2026-05-26 16:28:28,984 [WARNING] sun times fetch attempt 2/3 failed: 502 Server Error: Bad Gateway for url: https://api.open-meteo.com/v1/forecast?latitude=32.72124843064626&longitude=35.12951893020094&daily=sunrise%2Csunset&timezone=auto&forecast_days=1 — retry in 5s
2026-05-26 16:28:38,583 [ERROR] sun times fetch failed after 3 attempts: 502 Server Error: Bad Gateway for url: https://api.open-meteo.com/v1/forecast?latitude=32.72124843064626&longitude=35.12951893020094&daily=sunrise%2Csunset&timezone=auto&forecast_days=1
2026-05-26 16:29:11,044 [WARNING] sun times fetch attempt 1/3 failed: 502 Server Error: Bad Gateway for url: https://api.open-meteo.com/v1/forecast?latitude=32.72124843064626&longitude=35.12951893020094&daily=sunrise%2Csunset&timezone=auto&forecast_days=1 — retry in 5s
2026-05-26 16:29:18,713 [WARNING] sun times fetch attempt 2/3 failed: 502 Server Error: Bad Gateway for url: https://api.open-meteo.com/v1/forecast?latitude=32.72124843064626&longitude=35.12951893020094&daily=sunrise%2Csunset&timezone=auto&forecast_days=1 — retry in 5s
2026-05-26 16:29:27,781 [ERROR] sun times fetch failed after 3 attempts: 502 Server Error: Bad Gateway for url: https://api.open-meteo.com/v1/forecast?latitude=32.72124843064626&longitude=35.12951893020094&daily=sunrise%2Csunset&timezone=auto&forecast_days=1
2026-05-26 16:29:50,319 [WARNING] sun times fetch attempt 1/3 failed: HTTPSConnectionPool(host='api.open-meteo.com', port=443): Read timed out. (read timeout=10) — retry in 5s
2026-05-26 16:30:00,053 [WARNING] sun times fetch attempt 2/3 failed: 502 Server Error: Bad Gateway for url: https://api.open-meteo.com/v1/forecast?latitude=32.72124843064626&longitude=35.12951893020094&daily=sunrise%2Csunset&timezone=auto&forecast_days=1 — retry in 5s
2026-05-26 16:30:15,498 [ERROR] sun times fetch failed after 3 attempts: 502 Server Error: Bad Gateway for url: https://api.open-meteo.com/v1/forecast?latitude=32.72124843064626&longitude=35.12951893020094&daily=sunrise%2Csunset&timezone=auto&forecast_days=1
2026-05-26 16:30:46,675 [WARNING] sun times fetch attempt 1/3 failed: 502 Server Error: Bad Gateway for url: https://api.open-meteo.com/v1/forecast?latitude=32.72124843064626&longitude=35.12951893020094&daily=sunrise%2Csunset&timezone=auto&forecast_days=1 — retry in 5s
2026-05-26 16:30:56,627 [WARNING] sun times fetch attempt 2/3 failed: 502 Server Error: Bad Gateway for url: https://api.open-meteo.com/v1/forecast?latitude=32.72124843064626&longitude=35.12951893020094&daily=sunrise%2Csunset&timezone=auto&forecast_days=1 — retry in 5s
2026-05-26 16:31:07,118 [ERROR] sun times fetch failed after 3 attempts: 502 Server Error: Bad Gateway for url: https://api.open-meteo.com/v1/forecast?latitude=32.72124843064626&longitude=35.12951893020094&daily=sunrise%2Csunset&timezone=auto&forecast_days=1
2026-05-26 16:31:11,215 [WARNING] sun times fetch attempt 1/3 failed: ('Connection aborted.', ConnectionResetError(104, 'Connection reset by peer')) — retry in 5s
2026-05-26 16:31:21,335 [WARNING] sun times fetch attempt 2/3 failed: 502 Server Error: Bad Gateway for url: https://api.open-meteo.com/v1/forecast?latitude=32.72124843064626&longitude=35.12951893020094&daily=sunrise%2Csunset&timezone=auto&forecast_days=1 — retry in 5s
2026-05-26 16:31:31,340 [ERROR] sun times fetch failed after 3 attempts: 502 Server Error: Bad Gateway for url: https://api.open-meteo.com/v1/forecast?latitude=32.72124843064626&longitude=35.12951893020094&daily=sunrise%2Csunset&timezone=auto&forecast_days=1
2026-05-26 16:31:43,102 [WARNING] sun times fetch attempt 1/3 failed: 502 Server Error: Bad Gateway for url: https://api.open-meteo.com/v1/forecast?latitude=32.72124843064626&longitude=35.12951893020094&daily=sunrise%2Csunset&timezone=auto&forecast_days=1 — retry in 5s
2026-05-26 16:32:01,415 [WARNING] sun times fetch attempt 2/3 failed: HTTPSConnectionPool(host='api.open-meteo.com', port=443): Read timed out. (read timeout=10) — retry in 5s
2026-05-26 16:32:14,374 [ERROR] sun times fetch failed after 3 attempts: 502 Server Error: Bad Gateway for url: https://api.open-meteo.com/v1/forecast?latitude=32.72124843064626&longitude=35.12951893020094&daily=sunrise%2Csunset&timezone=auto&forecast_days=1
2026-05-26 16:32:53,591 [WARNING] sun times fetch attempt 1/3 failed: HTTPSConnectionPool(host='api.open-meteo.com', port=443): Read timed out. (read timeout=10) — retry in 5s
2026-05-26 16:33:06,846 [WARNING] sun times fetch attempt 2/3 failed: ('Connection aborted.', ConnectionResetError(104, 'Connection reset by peer')) — retry in 5s
2026-05-26 16:33:24,829 [ERROR] sun times fetch failed after 3 attempts: 502 Server Error: Bad Gateway for url: https://api.open-meteo.com/v1/forecast?latitude=32.72124843064626&longitude=35.12951893020094&daily=sunrise%2Csunset&timezone=auto&forecast_days=1
2026-05-26 16:33:48,865 [WARNING] sun times fetch attempt 1/3 failed: HTTPSConnectionPool(host='api.open-meteo.com', port=443): Read timed out. (read timeout=10) — retry in 5s
2026-05-26 16:33:58,434 [WARNING] sun times fetch attempt 2/3 failed: 502 Server Error: Bad Gateway for url: https://api.open-meteo.com/v1/forecast?latitude=32.72124843064626&longitude=35.12951893020094&daily=sunrise%2Csunset&timezone=auto&forecast_days=1 — retry in 5s
2026-05-26 16:34:11,509 [ERROR] sun times fetch failed after 3 attempts: 502 Server Error: Bad Gateway for url: https://api.open-meteo.com/v1/forecast?latitude=32.72124843064626&longitude=35.12951893020094&daily=sunrise%2Csunset&timezone=auto&forecast_days=1
2026-05-26 16:34:44,237 [WARNING] sun times fetch attempt 1/3 failed: 502 Server Error: Bad Gateway for url: https://api.open-meteo.com/v1/forecast?latitude=32.72124843064626&longitude=35.12951893020094&daily=sunrise%2Csunset&timezone=auto&forecast_days=1 — retry in 5s
2026-05-26 16:34:58,059 [WARNING] sun times fetch attempt 2/3 failed: 502 Server Error: Bad Gateway for url: https://api.open-meteo.com/v1/forecast?latitude=32.72124843064626&longitude=35.12951893020094&daily=sunrise%2Csunset&timezone=auto&forecast_days=1 — retry in 5s
2026-05-26 16:35:11,923 [ERROR] sun times fetch failed after 3 attempts: 502 Server Error: Bad Gateway for url: https://api.open-meteo.com/v1/forecast?latitude=32.72124843064626&longitude=35.12951893020094&daily=sunrise%2Csunset&timezone=auto&forecast_days=1
2026-05-26 16:35:39,273 [WARNING] sun times fetch attempt 1/3 failed: ('Connection aborted.', ConnectionResetError(104, 'Connection reset by peer')) — retry in 5s
2026-05-26 16:35:52,262 [WARNING] sun times fetch attempt 2/3 failed: 502 Server Error: Bad Gateway for url: https://api.open-meteo.com/v1/forecast?latitude=32.72124843064626&longitude=35.12951893020094&daily=sunrise%2Csunset&timezone=auto&forecast_days=1 — retry in 5s
2026-05-26 16:36:05,576 [ERROR] sun times fetch failed after 3 attempts: 502 Server Error: Bad Gateway for url: https://api.open-meteo.com/v1/forecast?latitude=32.72124843064626&longitude=35.12951893020094&daily=sunrise%2Csunset&timezone=auto&forecast_days=1
2026-05-26 16:36:09,427 [WARNING] sun times fetch attempt 1/3 failed: 502 Server Error: Bad Gateway for url: https://api.open-meteo.com/v1/forecast?latitude=32.72124843064626&longitude=35.12951893020094&daily=sunrise%2Csunset&timezone=auto&forecast_days=1 — retry in 5s
2026-05-26 16:36:23,061 [WARNING] sun times fetch attempt 2/3 failed: 502 Server Error: Bad Gateway for url: https://api.open-meteo.com/v1/forecast?latitude=32.72124843064626&longitude=35.12951893020094&daily=sunrise%2Csunset&timezone=auto&forecast_days=1 — retry in 5s
2026-05-26 16:36:31,143 [ERROR] sun times fetch failed after 3 attempts: ('Connection aborted.', ConnectionResetError(104, 'Connection reset by peer'))
2026-05-26 16:36:45,438 [WARNING] sun times fetch attempt 1/3 failed: 502 Server Error: Bad Gateway for url: https://api.open-meteo.com/v1/forecast?latitude=32.72124843064626&longitude=35.12951893020094&daily=sunrise%2Csunset&timezone=auto&forecast_days=1 — retry in 5s
2026-05-26 16:36:59,038 [WARNING] sun times fetch attempt 2/3 failed: 502 Server Error: Bad Gateway for url: https://api.open-meteo.com/v1/forecast?latitude=32.72124843064626&longitude=35.12951893020094&daily=sunrise%2Csunset&timezone=auto&forecast_days=1 — retry in 5s
2026-05-26 16:37:12,557 [ERROR] sun times fetch failed after 3 attempts: 502 Server Error: Bad Gateway for url: https://api.open-meteo.com/v1/forecast?latitude=32.72124843064626&longitude=35.12951893020094&daily=sunrise%2Csunset&timezone=auto&forecast_days=1
2026-05-26 16:37:43,428 [WARNING] sun times fetch attempt 1/3 failed: 502 Server Error: Bad Gateway for url: https://api.open-meteo.com/v1/forecast?latitude=32.72124843064626&longitude=35.12951893020094&daily=sunrise%2Csunset&timezone=auto&forecast_days=1 — retry in 5s
2026-05-26 16:37:54,678 [WARNING] sun times fetch attempt 2/3 failed: 502 Server Error: Bad Gateway for url: https://api.open-meteo.com/v1/forecast?latitude=32.72124843064626&longitude=35.12951893020094&daily=sunrise%2Csunset&timezone=auto&forecast_days=1 — retry in 5s
2026-05-26 16:38:12,097 [ERROR] sun times fetch failed after 3 attempts: HTTPSConnectionPool(host='api.open-meteo.com', port=443): Read timed out. (read timeout=10)
2026-05-26 16:38:46,730 [WARNING] sun times fetch attempt 1/3 failed: 502 Server Error: Bad Gateway for url: https://api.open-meteo.com/v1/forecast?latitude=32.72124843064626&longitude=35.12951893020094&daily=sunrise%2Csunset&timezone=auto&forecast_days=1 — retry in 5s
2026-05-26 16:38:58,397 [WARNING] sun times fetch attempt 2/3 failed: 502 Server Error: Bad Gateway for url: https://api.open-meteo.com/v1/forecast?latitude=32.72124843064626&longitude=35.12951893020094&daily=sunrise%2Csunset&timezone=auto&forecast_days=1 — retry in 5s
2026-05-26 16:39:05,989 [ERROR] sun times fetch failed after 3 attempts: ('Connection aborted.', ConnectionResetError(104, 'Connection reset by peer'))
2026-05-26 16:39:14,475 [WARNING] sun times fetch attempt 1/3 failed: 502 Server Error: Bad Gateway for url: https://api.open-meteo.com/v1/forecast?latitude=32.72124843064626&longitude=35.12951893020094&daily=sunrise%2Csunset&timezone=auto&forecast_days=1 — retry in 5s
2026-05-26 16:39:22,118 [WARNING] sun times fetch attempt 2/3 failed: 502 Server Error: Bad Gateway for url: https://api.open-meteo.com/v1/forecast?latitude=32.72124843064626&longitude=35.12951893020094&daily=sunrise%2Csunset&timezone=auto&forecast_days=1 — retry in 5s
2026-05-26 16:39:34,949 [ERROR] sun times fetch failed after 3 attempts: 502 Server Error: Bad Gateway for url: https://api.open-meteo.com/v1/forecast?latitude=32.72124843064626&longitude=35.12951893020094&daily=sunrise%2Csunset&timezone=auto&forecast_days=1
2026-05-26 16:39:50,914 [WARNING] sun times fetch attempt 1/3 failed: HTTPSConnectionPool(host='api.open-meteo.com', port=443): Read timed out. (read timeout=10) — retry in 5s
2026-05-26 16:40:02,948 [WARNING] sun times fetch attempt 2/3 failed: 502 Server Error: Bad Gateway for url: https://api.open-meteo.com/v1/forecast?latitude=32.72124843064626&longitude=35.12951893020094&daily=sunrise%2Csunset&timezone=auto&forecast_days=1 — retry in 5s
2026-05-26 16:40:15,713 [WARNING] sun times fetch attempt 1/3 failed: 502 Server Error: Bad Gateway for url: https://api.open-meteo.com/v1/forecast?latitude=32.72124843064626&longitude=35.12951893020094&daily=sunrise%2Csunset&timezone=auto&forecast_days=1 — retry in 5s
2026-05-26 16:40:23,121 [ERROR] sun times fetch failed after 3 attempts: HTTPSConnectionPool(host='api.open-meteo.com', port=443): Read timed out. (read timeout=10)
2026-05-26 16:40:31,044 [WARNING] sun times fetch attempt 2/3 failed: 502 Server Error: Bad Gateway for url: https://api.open-meteo.com/v1/forecast?latitude=32.72124843064626&longitude=35.12951893020094&daily=sunrise%2Csunset&timezone=auto&forecast_days=1 — retry in 5s
2026-05-26 16:40:45,716 [ERROR] sun times fetch failed after 3 attempts: 429 Client Error: Too Many Requests for url: https://api.open-meteo.com/v1/forecast?latitude=32.72124843064626&longitude=35.12951893020094&daily=sunrise%2Csunset&timezone=auto&forecast_days=1
2026-05-26 16:40:45,717 [ERROR] Sun times failed: Could not fetch sun times: 429 Client Error: Too Many Requests for url: https://api.open-meteo.com/v1/forecast?latitude=32.72124843064626&longitude=35.12951893020094&daily=sunrise%2Csunset&timezone=auto&forecast_days=1
2026-05-26 16:40:45,739 [WARNING] sun times fetch attempt 1/3 failed: 429 Client Error: Too Many Requests for url: https://api.open-meteo.com/v1/forecast?latitude=32.72124843064626&longitude=35.12951893020094&daily=sunrise%2Csunset&timezone=auto&forecast_days=1 — retry in 5s
2026-05-26 16:41:02,591 [WARNING] sun times fetch attempt 2/3 failed: 504 Server Error: Gateway Time-out for url: https://api.open-meteo.com/v1/forecast?latitude=32.72124843064626&longitude=35.12951893020094&daily=sunrise%2Csunset&timezone=auto&forecast_days=1 — retry in 5s
2026-05-26 16:41:15,253 [ERROR] sun times fetch failed after 3 attempts: 502 Server Error: Bad Gateway for url: https://api.open-meteo.com/v1/forecast?latitude=32.72124843064626&longitude=35.12951893020094&daily=sunrise%2Csunset&timezone=auto&forecast_days=1
2026-05-26 16:41:23,011 [WARNING] sun times fetch attempt 1/3 failed: 502 Server Error: Bad Gateway for url: https://api.open-meteo.com/v1/forecast?latitude=32.72124843064626&longitude=35.12951893020094&daily=sunrise%2Csunset&timezone=auto&forecast_days=1 — retry in 5s
2026-05-26 16:41:35,397 [WARNING] sun times fetch attempt 2/3 failed: 502 Server Error: Bad Gateway for url: https://api.open-meteo.com/v1/forecast?latitude=32.72124843064626&longitude=35.12951893020094&daily=sunrise%2Csunset&timezone=auto&forecast_days=1 — retry in 5s
2026-05-26 16:41:42,678 [ERROR] sun times fetch failed after 3 attempts: 502 Server Error: Bad Gateway for url: https://api.open-meteo.com/v1/forecast?latitude=32.72124843064626&longitude=35.12951893020094&daily=sunrise%2Csunset&timezone=auto&forecast_days=1
2026-05-26 16:41:42,678 [ERROR] Sun times failed: Could not fetch sun times: 502 Server Error: Bad Gateway for url: https://api.open-meteo.com/v1/forecast?latitude=32.72124843064626&longitude=35.12951893020094&daily=sunrise%2Csunset&timezone=auto&forecast_days=1
2026-05-26 16:41:46,154 [WARNING] sun times fetch attempt 1/3 failed: 502 Server Error: Bad Gateway for url: https://api.open-meteo.com/v1/forecast?latitude=32.72124843064626&longitude=35.12951893020094&daily=sunrise%2Csunset&timezone=auto&forecast_days=1 — retry in 5s
2026-05-26 16:41:59,564 [WARNING] sun times fetch attempt 2/3 failed: 502 Server Error: Bad Gateway for url: https://api.open-meteo.com/v1/forecast?latitude=32.72124843064626&longitude=35.12951893020094&daily=sunrise%2Csunset&timezone=auto&forecast_days=1 — retry in 5s
2026-05-26 16:42:18,568 [ERROR] sun times fetch failed after 3 attempts: HTTPSConnectionPool(host='api.open-meteo.com', port=443): Read timed out. (read timeout=10)
2026-05-26 16:42:23,371 [WARNING] sun times fetch attempt 1/3 failed: 504 Server Error: Gateway Time-out for url: https://api.open-meteo.com/v1/forecast?latitude=32.72124843064626&longitude=35.12951893020094&daily=sunrise%2Csunset&timezone=auto&forecast_days=1 — retry in 5s
2026-05-26 16:42:35,871 [WARNING] sun times fetch attempt 2/3 failed: 504 Server Error: Gateway Time-out for url: https://api.open-meteo.com/v1/forecast?latitude=32.72124843064626&longitude=35.12951893020094&daily=sunrise%2Csunset&timezone=auto&forecast_days=1 — retry in 5s
2026-05-26 16:42:46,803 [WARNING] sun times fetch attempt 1/3 failed: 502 Server Error: Bad Gateway for url: https://api.open-meteo.com/v1/forecast?latitude=32.72124843064626&longitude=35.12951893020094&daily=sunrise%2Csunset&timezone=auto&forecast_days=1 — retry in 5s
2026-05-26 16:42:49,327 [ERROR] sun times fetch failed after 3 attempts: 502 Server Error: Bad Gateway for url: https://api.open-meteo.com/v1/forecast?latitude=32.72124843064626&longitude=35.12951893020094&daily=sunrise%2Csunset&timezone=auto&forecast_days=1
2026-05-26 16:42:49,327 [ERROR] Sun times failed: Could not fetch sun times: 502 Server Error: Bad Gateway for url: https://api.open-meteo.com/v1/forecast?latitude=32.72124843064626&longitude=35.12951893020094&daily=sunrise%2Csunset&timezone=auto&forecast_days=1
2026-05-26 16:43:00,755 [WARNING] sun times fetch attempt 2/3 failed: 502 Server Error: Bad Gateway for url: https://api.open-meteo.com/v1/forecast?latitude=32.72124843064626&longitude=35.12951893020094&daily=sunrise%2Csunset&timezone=auto&forecast_days=1 — retry in 5s
2026-05-26 16:43:15,278 [ERROR] sun times fetch failed after 3 attempts: 504 Server Error: Gateway Time-out for url: https://api.open-meteo.com/v1/forecast?latitude=32.72124843064626&longitude=35.12951893020094&daily=sunrise%2Csunset&timezone=auto&forecast_days=1
2026-05-26 16:43:23,776 [WARNING] sun times fetch attempt 1/3 failed: 502 Server Error: Bad Gateway for url: https://api.open-meteo.com/v1/forecast?latitude=32.72124843064626&longitude=35.12951893020094&daily=sunrise%2Csunset&timezone=auto&forecast_days=1 — retry in 5s
2026-05-26 16:43:35,279 [WARNING] sun times fetch attempt 2/3 failed: 502 Server Error: Bad Gateway for url: https://api.open-meteo.com/v1/forecast?latitude=32.72124843064626&longitude=35.12951893020094&daily=sunrise%2Csunset&timezone=auto&forecast_days=1 — retry in 5s
2026-05-26 16:43:46,929 [WARNING] sun times fetch attempt 1/3 failed: 502 Server Error: Bad Gateway for url: https://api.open-meteo.com/v1/forecast?latitude=32.72124843064626&longitude=35.12951893020094&daily=sunrise%2Csunset&timezone=auto&forecast_days=1 — retry in 5s
2026-05-26 16:43:49,739 [ERROR] sun times fetch failed after 3 attempts: 502 Server Error: Bad Gateway for url: https://api.open-meteo.com/v1/forecast?latitude=32.72124843064626&longitude=35.12951893020094&daily=sunrise%2Csunset&timezone=auto&forecast_days=1
2026-05-26 16:43:49,739 [ERROR] Sun times failed: Could not fetch sun times: 502 Server Error: Bad Gateway for url: https://api.open-meteo.com/v1/forecast?latitude=32.72124843064626&longitude=35.12951893020094&daily=sunrise%2Csunset&timezone=auto&forecast_days=1
2026-05-26 16:44:00,450 [WARNING] sun times fetch attempt 2/3 failed: 502 Server Error: Bad Gateway for url: https://api.open-meteo.com/v1/forecast?latitude=32.72124843064626&longitude=35.12951893020094&daily=sunrise%2Csunset&timezone=auto&forecast_days=1 — retry in 5s
2026-05-26 16:44:18,081 [ERROR] sun times fetch failed after 3 attempts: 502 Server Error: Bad Gateway for url: https://api.open-meteo.com/v1/forecast?latitude=32.72124843064626&longitude=35.12951893020094&daily=sunrise%2Csunset&timezone=auto&forecast_days=1
2026-05-26 16:44:26,740 [WARNING] sun times fetch attempt 1/3 failed: 502 Server Error: Bad Gateway for url: https://api.open-meteo.com/v1/forecast?latitude=32.72124843064626&longitude=35.12951893020094&daily=sunrise%2Csunset&timezone=auto&forecast_days=1 — retry in 5s
2026-05-26 16:44:42,017 [WARNING] sun times fetch attempt 2/3 failed: 502 Server Error: Bad Gateway for url: https://api.open-meteo.com/v1/forecast?latitude=32.72124843064626&longitude=35.12951893020094&daily=sunrise%2Csunset&timezone=auto&forecast_days=1 — retry in 5s
2026-05-26 16:44:46,512 [WARNING] sun times fetch attempt 1/3 failed: 502 Server Error: Bad Gateway for url: https://api.open-meteo.com/v1/forecast?latitude=32.72124843064626&longitude=35.12951893020094&daily=sunrise%2Csunset&timezone=auto&forecast_days=1 — retry in 5s
2026-05-26 16:44:55,603 [ERROR] sun times fetch failed after 3 attempts: 429 Client Error: Too Many Requests for url: https://api.open-meteo.com/v1/forecast?latitude=32.72124843064626&longitude=35.12951893020094&daily=sunrise%2Csunset&timezone=auto&forecast_days=1
2026-05-26 16:44:55,603 [ERROR] Sun times failed: Could not fetch sun times: 429 Client Error: Too Many Requests for url: https://api.open-meteo.com/v1/forecast?latitude=32.72124843064626&longitude=35.12951893020094&daily=sunrise%2Csunset&timezone=auto&forecast_days=1
2026-05-26 16:44:58,636 [WARNING] sun times fetch attempt 2/3 failed: 502 Server Error: Bad Gateway for url: https://api.open-meteo.com/v1/forecast?latitude=32.72124843064626&longitude=35.12951893020094&daily=sunrise%2Csunset&timezone=auto&forecast_days=1 — retry in 5s
2026-05-26 16:45:14,462 [ERROR] sun times fetch failed after 3 attempts: 502 Server Error: Bad Gateway for url: https://api.open-meteo.com/v1/forecast?latitude=32.72124843064626&longitude=35.12951893020094&daily=sunrise%2Csunset&timezone=auto&forecast_days=1
2026-05-26 16:45:30,873 [WARNING] sun times fetch attempt 1/3 failed: 502 Server Error: Bad Gateway for url: https://api.open-meteo.com/v1/forecast?latitude=32.72124843064626&longitude=35.12951893020094&daily=sunrise%2Csunset&timezone=auto&forecast_days=1 — retry in 5s
2026-05-26 16:45:43,856 [WARNING] sun times fetch attempt 2/3 failed: 502 Server Error: Bad Gateway for url: https://api.open-meteo.com/v1/forecast?latitude=32.72124843064626&longitude=35.12951893020094&daily=sunrise%2Csunset&timezone=auto&forecast_days=1 — retry in 5s
2026-05-26 16:45:44,087 [WARNING] sun times fetch attempt 1/3 failed: 502 Server Error: Bad Gateway for url: https://api.open-meteo.com/v1/forecast?latitude=32.72124843064626&longitude=35.12951893020094&daily=sunrise%2Csunset&timezone=auto&forecast_days=1 — retry in 5s
2026-05-26 16:46:01,699 [WARNING] sun times fetch attempt 2/3 failed: HTTPSConnectionPool(host='api.open-meteo.com', port=443): Read timed out. (read timeout=10) — retry in 5s
2026-05-26 16:46:03,150 [ERROR] sun times fetch failed after 3 attempts: 504 Server Error: Gateway Time-out for url: https://api.open-meteo.com/v1/forecast?latitude=32.72124843064626&longitude=35.12951893020094&daily=sunrise%2Csunset&timezone=auto&forecast_days=1
2026-05-26 16:46:03,150 [ERROR] Sun times failed: Could not fetch sun times: 504 Server Error: Gateway Time-out for url: https://api.open-meteo.com/v1/forecast?latitude=32.72124843064626&longitude=35.12951893020094&daily=sunrise%2Csunset&timezone=auto&forecast_days=1
2026-05-26 16:46:14,169 [ERROR] sun times fetch failed after 3 attempts: 502 Server Error: Bad Gateway for url: https://api.open-meteo.com/v1/forecast?latitude=32.72124843064626&longitude=35.12951893020094&daily=sunrise%2Csunset&timezone=auto&forecast_days=1
2026-05-26 16:46:40,162 [WARNING] sun times fetch attempt 1/3 failed: 502 Server Error: Bad Gateway for url: https://api.open-meteo.com/v1/forecast?latitude=32.72124843064626&longitude=35.12951893020094&daily=sunrise%2Csunset&timezone=auto&forecast_days=1 — retry in 5s
2026-05-26 16:46:46,665 [WARNING] sun times fetch attempt 1/3 failed: 502 Server Error: Bad Gateway for url: https://api.open-meteo.com/v1/forecast?latitude=32.72124843064626&longitude=35.12951893020094&daily=sunrise%2Csunset&timezone=auto&forecast_days=1 — retry in 5s
2026-05-26 16:46:53,188 [WARNING] sun times fetch attempt 2/3 failed: 502 Server Error: Bad Gateway for url: https://api.open-meteo.com/v1/forecast?latitude=32.72124843064626&longitude=35.12951893020094&daily=sunrise%2Csunset&timezone=auto&forecast_days=1 — retry in 5s
2026-05-26 16:46:59,869 [WARNING] sun times fetch attempt 2/3 failed: 502 Server Error: Bad Gateway for url: https://api.open-meteo.com/v1/forecast?latitude=32.72124843064626&longitude=35.12951893020094&daily=sunrise%2Csunset&timezone=auto&forecast_days=1 — retry in 5s
2026-05-26 16:47:05,551 [ERROR] sun times fetch failed after 3 attempts: 504 Server Error: Gateway Time-out for url: https://api.open-meteo.com/v1/forecast?latitude=32.72124843064626&longitude=35.12951893020094&daily=sunrise%2Csunset&timezone=auto&forecast_days=1
2026-05-26 16:47:05,551 [ERROR] Sun times failed: Could not fetch sun times: 504 Server Error: Gateway Time-out for url: https://api.open-meteo.com/v1/forecast?latitude=32.72124843064626&longitude=35.12951893020094&daily=sunrise%2Csunset&timezone=auto&forecast_days=1
2026-05-26 16:47:10,230 [ERROR] sun times fetch failed after 3 attempts: 502 Server Error: Bad Gateway for url: https://api.open-meteo.com/v1/forecast?latitude=32.72124843064626&longitude=35.12951893020094&daily=sunrise%2Csunset&timezone=auto&forecast_days=1
2026-05-26 16:47:40,153 [WARNING] sun times fetch attempt 1/3 failed: 502 Server Error: Bad Gateway for url: https://api.open-meteo.com/v1/forecast?latitude=32.72124843064626&longitude=35.12951893020094&daily=sunrise%2Csunset&timezone=auto&forecast_days=1 — retry in 5s
2026-05-26 16:47:43,906 [WARNING] sun times fetch attempt 1/3 failed: 502 Server Error: Bad Gateway for url: https://api.open-meteo.com/v1/forecast?latitude=32.72124843064626&longitude=35.12951893020094&daily=sunrise%2Csunset&timezone=auto&forecast_days=1 — retry in 5s
2026-05-26 16:47:54,157 [WARNING] sun times fetch attempt 2/3 failed: 502 Server Error: Bad Gateway for url: https://api.open-meteo.com/v1/forecast?latitude=32.72124843064626&longitude=35.12951893020094&daily=sunrise%2Csunset&timezone=auto&forecast_days=1 — retry in 5s
2026-05-26 16:47:55,746 [WARNING] sun times fetch attempt 2/3 failed: 502 Server Error: Bad Gateway for url: https://api.open-meteo.com/v1/forecast?latitude=32.72124843064626&longitude=35.12951893020094&daily=sunrise%2Csunset&timezone=auto&forecast_days=1 — retry in 5s
2026-05-26 16:48:05,698 [ERROR] sun times fetch failed after 3 attempts: 502 Server Error: Bad Gateway for url: https://api.open-meteo.com/v1/forecast?latitude=32.72124843064626&longitude=35.12951893020094&daily=sunrise%2Csunset&timezone=auto&forecast_days=1
2026-05-26 16:48:05,698 [ERROR] Sun times failed: Could not fetch sun times: 502 Server Error: Bad Gateway for url: https://api.open-meteo.com/v1/forecast?latitude=32.72124843064626&longitude=35.12951893020094&daily=sunrise%2Csunset&timezone=auto&forecast_days=1
2026-05-26 16:48:14,088 [ERROR] sun times fetch failed after 3 attempts: 504 Server Error: Gateway Time-out for url: https://api.open-meteo.com/v1/forecast?latitude=32.72124843064626&longitude=35.12951893020094&daily=sunrise%2Csunset&timezone=auto&forecast_days=1
2026-05-26 16:48:42,516 [WARNING] sun times fetch attempt 1/3 failed: 429 Client Error: Too Many Requests for url: https://api.open-meteo.com/v1/forecast?latitude=32.72124843064626&longitude=35.12951893020094&daily=sunrise%2Csunset&timezone=auto&forecast_days=1 — retry in 5s
2026-05-26 16:48:50,466 [WARNING] sun times fetch attempt 1/3 failed: 502 Server Error: Bad Gateway for url: https://api.open-meteo.com/v1/forecast?latitude=32.72124843064626&longitude=35.12951893020094&daily=sunrise%2Csunset&timezone=auto&forecast_days=1 — retry in 5s
2026-05-26 16:48:54,841 [WARNING] sun times fetch attempt 2/3 failed: 502 Server Error: Bad Gateway for url: https://api.open-meteo.com/v1/forecast?latitude=32.72124843064626&longitude=35.12951893020094&daily=sunrise%2Csunset&timezone=auto&forecast_days=1 — retry in 5s
2026-05-26 16:49:02,853 [WARNING] sun times fetch attempt 2/3 failed: 502 Server Error: Bad Gateway for url: https://api.open-meteo.com/v1/forecast?latitude=32.72124843064626&longitude=35.12951893020094&daily=sunrise%2Csunset&timezone=auto&forecast_days=1 — retry in 5s
2026-05-26 16:49:07,427 [ERROR] sun times fetch failed after 3 attempts: 502 Server Error: Bad Gateway for url: https://api.open-meteo.com/v1/forecast?latitude=32.72124843064626&longitude=35.12951893020094&daily=sunrise%2Csunset&timezone=auto&forecast_days=1
2026-05-26 16:49:07,427 [ERROR] Sun times failed: Could not fetch sun times: 502 Server Error: Bad Gateway for url: https://api.open-meteo.com/v1/forecast?latitude=32.72124843064626&longitude=35.12951893020094&daily=sunrise%2Csunset&timezone=auto&forecast_days=1
2026-05-26 16:49:20,820 [ERROR] sun times fetch failed after 3 attempts: 502 Server Error: Bad Gateway for url: https://api.open-meteo.com/v1/forecast?latitude=32.72124843064626&longitude=35.12951893020094&daily=sunrise%2Csunset&timezone=auto&forecast_days=1
2026-05-26 16:49:47,440 [WARNING] sun times fetch attempt 1/3 failed: 502 Server Error: Bad Gateway for url: https://api.open-meteo.com/v1/forecast?latitude=32.72124843064626&longitude=35.12951893020094&daily=sunrise%2Csunset&timezone=auto&forecast_days=1 — retry in 5s
2026-05-26 16:49:50,030 [WARNING] sun times fetch attempt 1/3 failed: 504 Server Error: Gateway Time-out for url: https://api.open-meteo.com/v1/forecast?latitude=32.72124843064626&longitude=35.12951893020094&daily=sunrise%2Csunset&timezone=auto&forecast_days=1 — retry in 5s
2026-05-26 16:49:54,169 [WARNING] sun times fetch attempt 2/3 failed: ('Connection aborted.', ConnectionResetError(104, 'Connection reset by peer')) — retry in 5s
2026-05-26 16:50:00,737 [ERROR] sun times fetch failed after 3 attempts: ('Connection aborted.', ConnectionResetError(104, 'Connection reset by peer'))
2026-05-26 16:50:05,090 [WARNING] sun times fetch attempt 2/3 failed: 502 Server Error: Bad Gateway for url: https://api.open-meteo.com/v1/forecast?latitude=32.72124843064626&longitude=35.12951893020094&daily=sunrise%2Csunset&timezone=auto&forecast_days=1 — retry in 5s
2026-05-26 16:50:10,970 [ERROR] sun times fetch failed after 3 attempts: ('Connection aborted.', ConnectionResetError(104, 'Connection reset by peer'))
2026-05-26 16:50:10,971 [ERROR] Sun times failed: Could not fetch sun times: ('Connection aborted.', ConnectionResetError(104, 'Connection reset by peer'))
2026-05-26 16:50:14,070 [WARNING] sun times fetch attempt 1/3 failed: 502 Server Error: Bad Gateway for url: https://api.open-meteo.com/v1/forecast?latitude=32.72124843064626&longitude=35.12951893020094&daily=sunrise%2Csunset&timezone=auto&forecast_days=1 — retry in 5s
2026-05-26 16:50:27,249 [WARNING] sun times fetch attempt 2/3 failed: 502 Server Error: Bad Gateway for url: https://api.open-meteo.com/v1/forecast?latitude=32.72124843064626&longitude=35.12951893020094&daily=sunrise%2Csunset&timezone=auto&forecast_days=1 — retry in 5s
2026-05-26 16:50:48,442 [ERROR] sun times fetch failed after 3 attempts: HTTPSConnectionPool(host='api.open-meteo.com', port=443): Read timed out. (read timeout=10)
2026-05-26 16:50:50,493 [WARNING] sun times fetch attempt 1/3 failed: 502 Server Error: Bad Gateway for url: https://api.open-meteo.com/v1/forecast?latitude=32.72124843064626&longitude=35.12951893020094&daily=sunrise%2Csunset&timezone=auto&forecast_days=1 — retry in 5s
2026-05-26 16:51:00,784 [WARNING] sun times fetch attempt 2/3 failed: 502 Server Error: Bad Gateway for url: https://api.open-meteo.com/v1/forecast?latitude=32.72124843064626&longitude=35.12951893020094&daily=sunrise%2Csunset&timezone=auto&forecast_days=1 — retry in 5s
2026-05-26 16:51:06,714 [ERROR] sun times fetch failed after 3 attempts: ('Connection aborted.', ConnectionResetError(104, 'Connection reset by peer'))
2026-05-26 16:51:06,714 [ERROR] Sun times failed: Could not fetch sun times: ('Connection aborted.', ConnectionResetError(104, 'Connection reset by peer'))
2026-05-26 16:51:17,178 [WARNING] sun times fetch attempt 1/3 failed: 502 Server Error: Bad Gateway for url: https://api.open-meteo.com/v1/forecast?latitude=32.72124843064626&longitude=35.12951893020094&daily=sunrise%2Csunset&timezone=auto&forecast_days=1 — retry in 5s
2026-05-26 16:51:32,164 [WARNING] sun times fetch attempt 2/3 failed: 429 Client Error: Too Many Requests for url: https://api.open-meteo.com/v1/forecast?latitude=32.72124843064626&longitude=35.12951893020094&daily=sunrise%2Csunset&timezone=auto&forecast_days=1 — retry in 5s
2026-05-26 16:51:40,254 [WARNING] sun times fetch attempt 1/3 failed: 502 Server Error: Bad Gateway for url: https://api.open-meteo.com/v1/forecast?latitude=32.72124843064626&longitude=35.12951893020094&daily=sunrise%2Csunset&timezone=auto&forecast_days=1 — retry in 5s
2026-05-26 16:51:46,608 [ERROR] sun times fetch failed after 3 attempts: 502 Server Error: Bad Gateway for url: https://api.open-meteo.com/v1/forecast?latitude=32.72124843064626&longitude=35.12951893020094&daily=sunrise%2Csunset&timezone=auto&forecast_days=1
2026-05-26 16:51:55,687 [WARNING] sun times fetch attempt 2/3 failed: 502 Server Error: Bad Gateway for url: https://api.open-meteo.com/v1/forecast?latitude=32.72124843064626&longitude=35.12951893020094&daily=sunrise%2Csunset&timezone=auto&forecast_days=1 — retry in 5s
2026-05-26 16:52:10,729 [ERROR] sun times fetch failed after 3 attempts: 502 Server Error: Bad Gateway for url: https://api.open-meteo.com/v1/forecast?latitude=32.72124843064626&longitude=35.12951893020094&daily=sunrise%2Csunset&timezone=auto&forecast_days=1
2026-05-26 16:52:10,730 [ERROR] Sun times failed: Could not fetch sun times: 502 Server Error: Bad Gateway for url: https://api.open-meteo.com/v1/forecast?latitude=32.72124843064626&longitude=35.12951893020094&daily=sunrise%2Csunset&timezone=auto&forecast_days=1
2026-05-26 16:52:16,965 [WARNING] sun times fetch attempt 1/3 failed: 502 Server Error: Bad Gateway for url: https://api.open-meteo.com/v1/forecast?latitude=32.72124843064626&longitude=35.12951893020094&daily=sunrise%2Csunset&timezone=auto&forecast_days=1 — retry in 5s
2026-05-26 16:52:33,236 [WARNING] sun times fetch attempt 2/3 failed: 504 Server Error: Gateway Time-out for url: https://api.open-meteo.com/v1/forecast?latitude=32.72124843064626&longitude=35.12951893020094&daily=sunrise%2Csunset&timezone=auto&forecast_days=1 — retry in 5s
2026-05-26 16:52:48,514 [ERROR] sun times fetch failed after 3 attempts: 502 Server Error: Bad Gateway for url: https://api.open-meteo.com/v1/forecast?latitude=32.72124843064626&longitude=35.12951893020094&daily=sunrise%2Csunset&timezone=auto&forecast_days=1
2026-05-26 16:52:51,996 [WARNING] sun times fetch attempt 1/3 failed: 502 Server Error: Bad Gateway for url: https://api.open-meteo.com/v1/forecast?latitude=32.72124843064626&longitude=35.12951893020094&daily=sunrise%2Csunset&timezone=auto&forecast_days=1 — retry in 5s
2026-05-26 16:53:05,616 [WARNING] sun times fetch attempt 2/3 failed: 502 Server Error: Bad Gateway for url: https://api.open-meteo.com/v1/forecast?latitude=32.72124843064626&longitude=35.12951893020094&daily=sunrise%2Csunset&timezone=auto&forecast_days=1 — retry in 5s
2026-05-26 16:53:14,430 [WARNING] sun times fetch attempt 1/3 failed: 502 Server Error: Bad Gateway for url: https://api.open-meteo.com/v1/forecast?latitude=32.72124843064626&longitude=35.12951893020094&daily=sunrise%2Csunset&timezone=auto&forecast_days=1 — retry in 5s
2026-05-26 16:53:21,851 [ERROR] sun times fetch failed after 3 attempts: 429 Client Error: Too Many Requests for url: https://api.open-meteo.com/v1/forecast?latitude=32.72124843064626&longitude=35.12951893020094&daily=sunrise%2Csunset&timezone=auto&forecast_days=1
2026-05-26 16:53:21,851 [ERROR] Sun times failed: Could not fetch sun times: 429 Client Error: Too Many Requests for url: https://api.open-meteo.com/v1/forecast?latitude=32.72124843064626&longitude=35.12951893020094&daily=sunrise%2Csunset&timezone=auto&forecast_days=1
2026-05-26 16:53:26,055 [WARNING] sun times fetch attempt 2/3 failed: 502 Server Error: Bad Gateway for url: https://api.open-meteo.com/v1/forecast?latitude=32.72124843064626&longitude=35.12951893020094&daily=sunrise%2Csunset&timezone=auto&forecast_days=1 — retry in 5s
2026-05-26 16:53:34,459 [ERROR] sun times fetch failed after 3 attempts: 502 Server Error: Bad Gateway for url: https://api.open-meteo.com/v1/forecast?latitude=32.72124843064626&longitude=35.12951893020094&daily=sunrise%2Csunset&timezone=auto&forecast_days=1
2026-05-26 16:53:45,218 [WARNING] sun times fetch attempt 1/3 failed: 502 Server Error: Bad Gateway for url: https://api.open-meteo.com/v1/forecast?latitude=32.72124843064626&longitude=35.12951893020094&daily=sunrise%2Csunset&timezone=auto&forecast_days=1 — retry in 5s
2026-05-26 16:53:58,329 [WARNING] sun times fetch attempt 1/3 failed: 502 Server Error: Bad Gateway for url: https://api.open-meteo.com/v1/forecast?latitude=32.72124843064626&longitude=35.12951893020094&daily=sunrise%2Csunset&timezone=auto&forecast_days=1 — retry in 5s
2026-05-26 16:53:59,698 [WARNING] sun times fetch attempt 2/3 failed: 502 Server Error: Bad Gateway for url: https://api.open-meteo.com/v1/forecast?latitude=32.72124843064626&longitude=35.12951893020094&daily=sunrise%2Csunset&timezone=auto&forecast_days=1 — retry in 5s
2026-05-26 16:54:07,286 [WARNING] sun times fetch attempt 2/3 failed: 502 Server Error: Bad Gateway for url: https://api.open-meteo.com/v1/forecast?latitude=32.72124843064626&longitude=35.12951893020094&daily=sunrise%2Csunset&timezone=auto&forecast_days=1 — retry in 5s
2026-05-26 16:54:13,829 [ERROR] sun times fetch failed after 3 attempts: 429 Client Error: Too Many Requests for url: https://api.open-meteo.com/v1/forecast?latitude=32.72124843064626&longitude=35.12951893020094&daily=sunrise%2Csunset&timezone=auto&forecast_days=1
2026-05-26 16:54:20,155 [ERROR] sun times fetch failed after 3 attempts: 502 Server Error: Bad Gateway for url: https://api.open-meteo.com/v1/forecast?latitude=32.72124843064626&longitude=35.12951893020094&daily=sunrise%2Csunset&timezone=auto&forecast_days=1
2026-05-26 16:54:20,156 [ERROR] Sun times failed: Could not fetch sun times: 502 Server Error: Bad Gateway for url: https://api.open-meteo.com/v1/forecast?latitude=32.72124843064626&longitude=35.12951893020094&daily=sunrise%2Csunset&timezone=auto&forecast_days=1
2026-05-26 16:54:46,505 [WARNING] sun times fetch attempt 1/3 failed: 502 Server Error: Bad Gateway for url: https://api.open-meteo.com/v1/forecast?latitude=32.72124843064626&longitude=35.12951893020094&daily=sunrise%2Csunset&timezone=auto&forecast_days=1 — retry in 5s
2026-05-26 16:54:52,295 [WARNING] sun times fetch attempt 1/3 failed: ('Connection aborted.', ConnectionResetError(104, 'Connection reset by peer')) — retry in 5s
2026-05-26 16:54:56,573 [WARNING] sun times fetch attempt 2/3 failed: 502 Server Error: Bad Gateway for url: https://api.open-meteo.com/v1/forecast?latitude=32.72124843064626&longitude=35.12951893020094&daily=sunrise%2Csunset&timezone=auto&forecast_days=1 — retry in 5s
2026-05-26 16:55:05,391 [WARNING] sun times fetch attempt 2/3 failed: 429 Client Error: Too Many Requests for url: https://api.open-meteo.com/v1/forecast?latitude=32.72124843064626&longitude=35.12951893020094&daily=sunrise%2Csunset&timezone=auto&forecast_days=1 — retry in 5s
2026-05-26 16:55:07,559 [ERROR] sun times fetch failed after 3 attempts: 502 Server Error: Bad Gateway for url: https://api.open-meteo.com/v1/forecast?latitude=32.72124843064626&longitude=35.12951893020094&daily=sunrise%2Csunset&timezone=auto&forecast_days=1
2026-05-26 16:55:13,994 [ERROR] sun times fetch failed after 3 attempts: ('Connection aborted.', ConnectionResetError(104, 'Connection reset by peer'))
2026-05-26 16:55:13,995 [ERROR] Sun times failed: Could not fetch sun times: ('Connection aborted.', ConnectionResetError(104, 'Connection reset by peer'))
2026-05-26 16:55:18,225 [WARNING] sun times fetch attempt 1/3 failed: 502 Server Error: Bad Gateway for url: https://api.open-meteo.com/v1/forecast?latitude=32.72124843064626&longitude=35.12951893020094&daily=sunrise%2Csunset&timezone=auto&forecast_days=1 — retry in 5s
2026-05-26 16:55:32,686 [WARNING] sun times fetch attempt 2/3 failed: 502 Server Error: Bad Gateway for url: https://api.open-meteo.com/v1/forecast?latitude=32.72124843064626&longitude=35.12951893020094&daily=sunrise%2Csunset&timezone=auto&forecast_days=1 — retry in 5s
2026-05-26 16:55:49,149 [ERROR] sun times fetch failed after 3 attempts: 502 Server Error: Bad Gateway for url: https://api.open-meteo.com/v1/forecast?latitude=32.72124843064626&longitude=35.12951893020094&daily=sunrise%2Csunset&timezone=auto&forecast_days=1
2026-05-26 16:55:49,597 [WARNING] sun times fetch attempt 1/3 failed: 502 Server Error: Bad Gateway for url: https://api.open-meteo.com/v1/forecast?latitude=32.72124843064626&longitude=35.12951893020094&daily=sunrise%2Csunset&timezone=auto&forecast_days=1 — retry in 5s
2026-05-26 16:56:01,907 [WARNING] sun times fetch attempt 2/3 failed: 504 Server Error: Gateway Time-out for url: https://api.open-meteo.com/v1/forecast?latitude=32.72124843064626&longitude=35.12951893020094&daily=sunrise%2Csunset&timezone=auto&forecast_days=1 — retry in 5s
2026-05-26 16:56:14,671 [WARNING] sun times fetch attempt 1/3 failed: 502 Server Error: Bad Gateway for url: https://api.open-meteo.com/v1/forecast?latitude=32.72124843064626&longitude=35.12951893020094&daily=sunrise%2Csunset&timezone=auto&forecast_days=1 — retry in 5s
2026-05-26 16:56:21,931 [ERROR] sun times fetch failed after 3 attempts: 502 Server Error: Bad Gateway for url: https://api.open-meteo.com/v1/forecast?latitude=32.72124843064626&longitude=35.12951893020094&daily=sunrise%2Csunset&timezone=auto&forecast_days=1
2026-05-26 16:56:21,931 [ERROR] Sun times failed: Could not fetch sun times: 502 Server Error: Bad Gateway for url: https://api.open-meteo.com/v1/forecast?latitude=32.72124843064626&longitude=35.12951893020094&daily=sunrise%2Csunset&timezone=auto&forecast_days=1
2026-05-26 16:56:28,416 [WARNING] sun times fetch attempt 2/3 failed: 502 Server Error: Bad Gateway for url: https://api.open-meteo.com/v1/forecast?latitude=32.72124843064626&longitude=35.12951893020094&daily=sunrise%2Csunset&timezone=auto&forecast_days=1 — retry in 5s
2026-05-26 16:56:39,698 [ERROR] sun times fetch failed after 3 attempts: 502 Server Error: Bad Gateway for url: https://api.open-meteo.com/v1/forecast?latitude=32.72124843064626&longitude=35.12951893020094&daily=sunrise%2Csunset&timezone=auto&forecast_days=1
2026-05-26 16:56:57,466 [WARNING] sun times fetch attempt 1/3 failed: 502 Server Error: Bad Gateway for url: https://api.open-meteo.com/v1/forecast?latitude=32.72124843064626&longitude=35.12951893020094&daily=sunrise%2Csunset&timezone=auto&forecast_days=1 — retry in 5s
2026-05-26 16:57:15,476 [WARNING] sun times fetch attempt 1/3 failed: 502 Server Error: Bad Gateway for url: https://api.open-meteo.com/v1/forecast?latitude=32.72124843064626&longitude=35.12951893020094&daily=sunrise%2Csunset&timezone=auto&forecast_days=1 — retry in 5s
2026-05-26 16:57:16,049 [WARNING] sun times fetch attempt 2/3 failed: HTTPSConnectionPool(host='api.open-meteo.com', port=443): Read timed out. (read timeout=10) — retry in 5s
2026-05-26 16:57:28,665 [WARNING] sun times fetch attempt 2/3 failed: 502 Server Error: Bad Gateway for url: https://api.open-meteo.com/v1/forecast?latitude=32.72124843064626&longitude=35.12951893020094&daily=sunrise%2Csunset&timezone=auto&forecast_days=1 — retry in 5s
2026-05-26 16:57:32,981 [ERROR] sun times fetch failed after 3 attempts: 429 Client Error: Too Many Requests for url: https://api.open-meteo.com/v1/forecast?latitude=32.72124843064626&longitude=35.12951893020094&daily=sunrise%2Csunset&timezone=auto&forecast_days=1
2026-05-26 16:57:32,982 [ERROR] Sun times failed: Could not fetch sun times: 429 Client Error: Too Many Requests for url: https://api.open-meteo.com/v1/forecast?latitude=32.72124843064626&longitude=35.12951893020094&daily=sunrise%2Csunset&timezone=auto&forecast_days=1
2026-05-26 16:57:44,585 [ERROR] sun times fetch failed after 3 attempts: 502 Server Error: Bad Gateway for url: https://api.open-meteo.com/v1/forecast?latitude=32.72124843064626&longitude=35.12951893020094&daily=sunrise%2Csunset&timezone=auto&forecast_days=1
2026-05-26 16:58:12,889 [WARNING] sun times fetch attempt 1/3 failed: 504 Server Error: Gateway Time-out for url: https://api.open-meteo.com/v1/forecast?latitude=32.72124843064626&longitude=35.12951893020094&daily=sunrise%2Csunset&timezone=auto&forecast_days=1 — retry in 5s
2026-05-26 16:58:14,168 [WARNING] sun times fetch attempt 1/3 failed: 502 Server Error: Bad Gateway for url: https://api.open-meteo.com/v1/forecast?latitude=32.72124843064626&longitude=35.12951893020094&daily=sunrise%2Csunset&timezone=auto&forecast_days=1 — retry in 5s
2026-05-26 16:58:23,039 [WARNING] sun times fetch attempt 2/3 failed: ('Connection aborted.', ConnectionResetError(104, 'Connection reset by peer')) — retry in 5s
2026-05-26 16:58:23,897 [WARNING] sun times fetch attempt 2/3 failed: 502 Server Error: Bad Gateway for url: https://api.open-meteo.com/v1/forecast?latitude=32.72124843064626&longitude=35.12951893020094&daily=sunrise%2Csunset&timezone=auto&forecast_days=1 — retry in 5s
2026-05-26 16:58:33,448 [ERROR] sun times fetch failed after 3 attempts: 502 Server Error: Bad Gateway for url: https://api.open-meteo.com/v1/forecast?latitude=32.72124843064626&longitude=35.12951893020094&daily=sunrise%2Csunset&timezone=auto&forecast_days=1
2026-05-26 16:58:41,724 [ERROR] sun times fetch failed after 3 attempts: 502 Server Error: Bad Gateway for url: https://api.open-meteo.com/v1/forecast?latitude=32.72124843064626&longitude=35.12951893020094&daily=sunrise%2Csunset&timezone=auto&forecast_days=1
2026-05-26 16:58:41,725 [ERROR] Sun times failed: Could not fetch sun times: 502 Server Error: Bad Gateway for url: https://api.open-meteo.com/v1/forecast?latitude=32.72124843064626&longitude=35.12951893020094&daily=sunrise%2Csunset&timezone=auto&forecast_days=1
2026-05-26 16:58:48,496 [WARNING] sun times fetch attempt 1/3 failed: 504 Server Error: Gateway Time-out for url: https://api.open-meteo.com/v1/forecast?latitude=32.72124843064626&longitude=35.12951893020094&daily=sunrise%2Csunset&timezone=auto&forecast_days=1 — retry in 5s
2026-05-26 16:58:58,675 [WARNING] sun times fetch attempt 2/3 failed: 502 Server Error: Bad Gateway for url: https://api.open-meteo.com/v1/forecast?latitude=32.72124843064626&longitude=35.12951893020094&daily=sunrise%2Csunset&timezone=auto&forecast_days=1 — retry in 5s
2026-05-26 16:59:07,946 [ERROR] sun times fetch failed after 3 attempts: 502 Server Error: Bad Gateway for url: https://api.open-meteo.com/v1/forecast?latitude=32.72124843064626&longitude=35.12951893020094&daily=sunrise%2Csunset&timezone=auto&forecast_days=1
2026-05-26 16:59:20,449 [WARNING] sun times fetch attempt 1/3 failed: 502 Server Error: Bad Gateway for url: https://api.open-meteo.com/v1/forecast?latitude=32.72124843064626&longitude=35.12951893020094&daily=sunrise%2Csunset&timezone=auto&forecast_days=1 — retry in 5s
2026-05-26 16:59:34,484 [WARNING] sun times fetch attempt 2/3 failed: 502 Server Error: Bad Gateway for url: https://api.open-meteo.com/v1/forecast?latitude=32.72124843064626&longitude=35.12951893020094&daily=sunrise%2Csunset&timezone=auto&forecast_days=1 — retry in 5s
2026-05-26 16:59:47,658 [ERROR] sun times fetch failed after 3 attempts: 429 Client Error: Too Many Requests for url: https://api.open-meteo.com/v1/forecast?latitude=32.72124843064626&longitude=35.12951893020094&daily=sunrise%2Csunset&timezone=auto&forecast_days=1
2026-05-26 16:59:47,658 [ERROR] Sun times failed: Could not fetch sun times: 429 Client Error: Too Many Requests for url: https://api.open-meteo.com/v1/forecast?latitude=32.72124843064626&longitude=35.12951893020094&daily=sunrise%2Csunset&timezone=auto&forecast_days=1
2026-05-26 16:59:48,789 [WARNING] sun times fetch attempt 1/3 failed: 502 Server Error: Bad Gateway for url: https://api.open-meteo.com/v1/forecast?latitude=32.72124843064626&longitude=35.12951893020094&daily=sunrise%2Csunset&timezone=auto&forecast_days=1 — retry in 5s
2026-05-26 17:00:00,902 [WARNING] sun times fetch attempt 2/3 failed: 502 Server Error: Bad Gateway for url: https://api.open-meteo.com/v1/forecast?latitude=32.72124843064626&longitude=35.12951893020094&daily=sunrise%2Csunset&timezone=auto&forecast_days=1 — retry in 5s
2026-05-26 17:00:08,077 [ERROR] sun times fetch failed after 3 attempts: 502 Server Error: Bad Gateway for url: https://api.open-meteo.com/v1/forecast?latitude=32.72124843064626&longitude=35.12951893020094&daily=sunrise%2Csunset&timezone=auto&forecast_days=1
2026-05-26 17:00:26,378 [WARNING] sun times fetch attempt 1/3 failed: 504 Server Error: Gateway Time-out for url: https://api.open-meteo.com/v1/forecast?latitude=32.72124843064626&longitude=35.12951893020094&daily=sunrise%2Csunset&timezone=auto&forecast_days=1 — retry in 5s
2026-05-26 17:00:42,646 [INFO] Sun: ↑05:34 ↓19:38
2026-05-26 17:00:47,731 [WARNING] sun times fetch attempt 1/3 failed: 504 Server Error: Gateway Time-out for url: https://api.open-meteo.com/v1/forecast?latitude=32.72124843064626&longitude=35.12951893020094&daily=sunrise%2Csunset&timezone=auto&forecast_days=1 — retry in 5s
2026-05-26 17:00:49,773 [WARNING] hourly weather fetch attempt 1/3 failed: 502 Server Error: Bad Gateway for url: https://api.open-meteo.com/v1/forecast?latitude=32.72124843064626&longitude=35.12951893020094&hourly=temperature_2m%2Ccloudcover&timezone=auto — retry in 5s
2026-05-26 17:00:59,448 [WARNING] hourly weather fetch attempt 2/3 failed: 502 Server Error: Bad Gateway for url: https://api.open-meteo.com/v1/forecast?latitude=32.72124843064626&longitude=35.12951893020094&hourly=temperature_2m%2Ccloudcover&timezone=auto — retry in 5s
2026-05-26 17:01:03,210 [WARNING] sun times fetch attempt 2/3 failed: 504 Server Error: Gateway Time-out for url: https://api.open-meteo.com/v1/forecast?latitude=32.72124843064626&longitude=35.12951893020094&daily=sunrise%2Csunset&timezone=auto&forecast_days=1 — retry in 5s
2026-05-26 17:01:15,168 [ERROR] sun times fetch failed after 3 attempts: 502 Server Error: Bad Gateway for url: https://api.open-meteo.com/v1/forecast?latitude=32.72124843064626&longitude=35.12951893020094&daily=sunrise%2Csunset&timezone=auto&forecast_days=1
2026-05-26 17:01:16,377 [ERROR] hourly weather fetch failed after 3 attempts: 504 Server Error: Gateway Time-out for url: https://api.open-meteo.com/v1/forecast?latitude=32.72124843064626&longitude=35.12951893020094&hourly=temperature_2m%2Ccloudcover&timezone=auto
2026-05-26 17:01:16,377 [ERROR] Calc failed: Weather API failed: 504 Server Error: Gateway Time-out for url: https://api.open-meteo.com/v1/forecast?latitude=32.72124843064626&longitude=35.12951893020094&hourly=temperature_2m%2Ccloudcover&timezone=auto
2026-05-26 17:01:45,268 [WARNING] sun times fetch attempt 1/3 failed: 502 Server Error: Bad Gateway for url: https://api.open-meteo.com/v1/forecast?latitude=32.72124843064626&longitude=35.12951893020094&daily=sunrise%2Csunset&timezone=auto&forecast_days=1 — retry in 5s
2026-05-26 17:01:55,707 [WARNING] sun times fetch attempt 2/3 failed: 502 Server Error: Bad Gateway for url: https://api.open-meteo.com/v1/forecast?latitude=32.72124843064626&longitude=35.12951893020094&daily=sunrise%2Csunset&timezone=auto&forecast_days=1 — retry in 5s
2026-05-26 17:01:58,391 [WARNING] sun times fetch attempt 1/3 failed: 504 Server Error: Gateway Time-out for url: https://api.open-meteo.com/v1/forecast?latitude=32.72124843064626&longitude=35.12951893020094&daily=sunrise%2Csunset&timezone=auto&forecast_days=1 — retry in 5s
2026-05-26 17:02:06,503 [ERROR] sun times fetch failed after 3 attempts: 502 Server Error: Bad Gateway for url: https://api.open-meteo.com/v1/forecast?latitude=32.72124843064626&longitude=35.12951893020094&daily=sunrise%2Csunset&timezone=auto&forecast_days=1
2026-05-26 17:02:12,035 [WARNING] sun times fetch attempt 1/3 failed: 502 Server Error: Bad Gateway for url: https://api.open-meteo.com/v1/forecast?latitude=32.72124843064626&longitude=35.12951893020094&daily=sunrise%2Csunset&timezone=auto&forecast_days=1 — retry in 5s
2026-05-26 17:02:12,062 [WARNING] sun times fetch attempt 2/3 failed: 502 Server Error: Bad Gateway for url: https://api.open-meteo.com/v1/forecast?latitude=32.72124843064626&longitude=35.12951893020094&daily=sunrise%2Csunset&timezone=auto&forecast_days=1 — retry in 5s
2026-05-26 17:02:21,800 [WARNING] sun times fetch attempt 2/3 failed: 502 Server Error: Bad Gateway for url: https://api.open-meteo.com/v1/forecast?latitude=32.72124843064626&longitude=35.12951893020094&daily=sunrise%2Csunset&timezone=auto&forecast_days=1 — retry in 5s
2026-05-26 17:02:22,381 [ERROR] sun times fetch failed after 3 attempts: 502 Server Error: Bad Gateway for url: https://api.open-meteo.com/v1/forecast?latitude=32.72124843064626&longitude=35.12951893020094&daily=sunrise%2Csunset&timezone=auto&forecast_days=1
2026-05-26 17:02:22,381 [ERROR] Sun times failed: Could not fetch sun times: 502 Server Error: Bad Gateway for url: https://api.open-meteo.com/v1/forecast?latitude=32.72124843064626&longitude=35.12951893020094&daily=sunrise%2Csunset&timezone=auto&forecast_days=1
2026-05-26 17:02:33,660 [ERROR] sun times fetch failed after 3 attempts: 502 Server Error: Bad Gateway for url: https://api.open-meteo.com/v1/forecast?latitude=32.72124843064626&longitude=35.12951893020094&daily=sunrise%2Csunset&timezone=auto&forecast_days=1
2026-05-26 17:02:43,089 [WARNING] sun times fetch attempt 1/3 failed: 502 Server Error: Bad Gateway for url: https://api.open-meteo.com/v1/forecast?latitude=32.72124843064626&longitude=35.12951893020094&daily=sunrise%2Csunset&timezone=auto&forecast_days=1 — retry in 5s
2026-05-26 17:02:58,462 [WARNING] sun times fetch attempt 2/3 failed: 502 Server Error: Bad Gateway for url: https://api.open-meteo.com/v1/forecast?latitude=32.72124843064626&longitude=35.12951893020094&daily=sunrise%2Csunset&timezone=auto&forecast_days=1 — retry in 5s
2026-05-26 17:03:03,915 [WARNING] sun times fetch attempt 1/3 failed: 502 Server Error: Bad Gateway for url: https://api.open-meteo.com/v1/forecast?latitude=32.72124843064626&longitude=35.12951893020094&daily=sunrise%2Csunset&timezone=auto&forecast_days=1 — retry in 5s
2026-05-26 17:03:08,409 [ERROR] sun times fetch failed after 3 attempts: 502 Server Error: Bad Gateway for url: https://api.open-meteo.com/v1/forecast?latitude=32.72124843064626&longitude=35.12951893020094&daily=sunrise%2Csunset&timezone=auto&forecast_days=1
2026-05-26 17:03:15,309 [WARNING] sun times fetch attempt 2/3 failed: 502 Server Error: Bad Gateway for url: https://api.open-meteo.com/v1/forecast?latitude=32.72124843064626&longitude=35.12951893020094&daily=sunrise%2Csunset&timezone=auto&forecast_days=1 — retry in 5s
2026-05-26 17:03:32,096 [ERROR] sun times fetch failed after 3 attempts: HTTPSConnectionPool(host='api.open-meteo.com', port=443): Read timed out. (read timeout=10)
2026-05-26 17:03:32,096 [ERROR] Sun times failed: Could not fetch sun times: HTTPSConnectionPool(host='api.open-meteo.com', port=443): Read timed out. (read timeout=10)
2026-05-26 17:03:45,132 [WARNING] sun times fetch attempt 1/3 failed: 502 Server Error: Bad Gateway for url: https://api.open-meteo.com/v1/forecast?latitude=32.72124843064626&longitude=35.12951893020094&daily=sunrise%2Csunset&timezone=auto&forecast_days=1 — retry in 5s
2026-05-26 17:03:57,196 [WARNING] sun times fetch attempt 2/3 failed: 502 Server Error: Bad Gateway for url: https://api.open-meteo.com/v1/forecast?latitude=32.72124843064626&longitude=35.12951893020094&daily=sunrise%2Csunset&timezone=auto&forecast_days=1 — retry in 5s
2026-05-26 17:04:06,106 [WARNING] sun times fetch attempt 1/3 failed: 502 Server Error: Bad Gateway for url: https://api.open-meteo.com/v1/forecast?latitude=32.72124843064626&longitude=35.12951893020094&daily=sunrise%2Csunset&timezone=auto&forecast_days=1 — retry in 5s
2026-05-26 17:04:06,137 [ERROR] sun times fetch failed after 3 attempts: 502 Server Error: Bad Gateway for url: https://api.open-meteo.com/v1/forecast?latitude=32.72124843064626&longitude=35.12951893020094&daily=sunrise%2Csunset&timezone=auto&forecast_days=1
2026-05-26 17:04:17,883 [WARNING] sun times fetch attempt 1/3 failed: HTTPSConnectionPool(host='api.open-meteo.com', port=443): Read timed out. (read timeout=10) — retry in 5s
2026-05-26 17:04:21,401 [WARNING] sun times fetch attempt 2/3 failed: HTTPSConnectionPool(host='api.open-meteo.com', port=443): Read timed out. (read timeout=10) — retry in 5s
2026-05-26 17:04:28,740 [ERROR] sun times fetch failed after 3 attempts: 502 Server Error: Bad Gateway for url: https://api.open-meteo.com/v1/forecast?latitude=32.72124843064626&longitude=35.12951893020094&daily=sunrise%2Csunset&timezone=auto&forecast_days=1
2026-05-26 17:04:28,740 [ERROR] Sun times failed: Could not fetch sun times: 502 Server Error: Bad Gateway for url: https://api.open-meteo.com/v1/forecast?latitude=32.72124843064626&longitude=35.12951893020094&daily=sunrise%2Csunset&timezone=auto&forecast_days=1
2026-05-26 17:04:33,543 [WARNING] sun times fetch attempt 2/3 failed: HTTPSConnectionPool(host='api.open-meteo.com', port=443): Read timed out. (read timeout=10) — retry in 5s
2026-05-26 17:04:43,859 [ERROR] sun times fetch failed after 3 attempts: 502 Server Error: Bad Gateway for url: https://api.open-meteo.com/v1/forecast?latitude=32.72124843064626&longitude=35.12951893020094&daily=sunrise%2Csunset&timezone=auto&forecast_days=1
2026-05-26 17:05:12,270 [WARNING] sun times fetch attempt 1/3 failed: 504 Server Error: Gateway Time-out for url: https://api.open-meteo.com/v1/forecast?latitude=32.72124843064626&longitude=35.12951893020094&daily=sunrise%2Csunset&timezone=auto&forecast_days=1 — retry in 5s
2026-05-26 17:05:16,225 [WARNING] sun times fetch attempt 1/3 failed: 504 Server Error: Gateway Time-out for url: https://api.open-meteo.com/v1/forecast?latitude=32.72124843064626&longitude=35.12951893020094&daily=sunrise%2Csunset&timezone=auto&forecast_days=1 — retry in 5s
2026-05-26 17:05:25,423 [WARNING] sun times fetch attempt 2/3 failed: ('Connection aborted.', ConnectionResetError(104, 'Connection reset by peer')) — retry in 5s
2026-05-26 17:05:27,542 [WARNING] sun times fetch attempt 2/3 failed: 504 Server Error: Gateway Time-out for url: https://api.open-meteo.com/v1/forecast?latitude=32.72124843064626&longitude=35.12951893020094&daily=sunrise%2Csunset&timezone=auto&forecast_days=1 — retry in 5s
2026-05-26 17:05:34,023 [ERROR] sun times fetch failed after 3 attempts: 502 Server Error: Bad Gateway for url: https://api.open-meteo.com/v1/forecast?latitude=32.72124843064626&longitude=35.12951893020094&daily=sunrise%2Csunset&timezone=auto&forecast_days=1
2026-05-26 17:05:44,496 [ERROR] sun times fetch failed after 3 attempts: HTTPSConnectionPool(host='api.open-meteo.com', port=443): Read timed out. (read timeout=10)
2026-05-26 17:05:44,496 [ERROR] Sun times failed: Could not fetch sun times: HTTPSConnectionPool(host='api.open-meteo.com', port=443): Read timed out. (read timeout=10)
2026-05-26 17:05:49,038 [WARNING] sun times fetch attempt 1/3 failed: HTTPSConnectionPool(host='api.open-meteo.com', port=443): Read timed out. (read timeout=10) — retry in 5s
2026-05-26 17:06:07,354 [WARNING] sun times fetch attempt 2/3 failed: 504 Server Error: Gateway Time-out for url: https://api.open-meteo.com/v1/forecast?latitude=32.72124843064626&longitude=35.12951893020094&daily=sunrise%2Csunset&timezone=auto&forecast_days=1 — retry in 5s
2026-05-26 17:06:14,987 [ERROR] sun times fetch failed after 3 attempts: 502 Server Error: Bad Gateway for url: https://api.open-meteo.com/v1/forecast?latitude=32.72124843064626&longitude=35.12951893020094&daily=sunrise%2Csunset&timezone=auto&forecast_days=1
2026-05-26 17:06:23,478 [WARNING] sun times fetch attempt 1/3 failed: 502 Server Error: Bad Gateway for url: https://api.open-meteo.com/v1/forecast?latitude=32.72124843064626&longitude=35.12951893020094&daily=sunrise%2Csunset&timezone=auto&forecast_days=1 — retry in 5s
2026-05-26 17:06:32,278 [WARNING] sun times fetch attempt 2/3 failed: 502 Server Error: Bad Gateway for url: https://api.open-meteo.com/v1/forecast?latitude=32.72124843064626&longitude=35.12951893020094&daily=sunrise%2Csunset&timezone=auto&forecast_days=1 — retry in 5s
2026-05-26 17:06:50,879 [WARNING] sun times fetch attempt 1/3 failed: HTTPSConnectionPool(host='api.open-meteo.com', port=443): Read timed out. (read timeout=10) — retry in 5s
2026-05-26 17:06:51,850 [ERROR] sun times fetch failed after 3 attempts: HTTPSConnectionPool(host='api.open-meteo.com', port=443): Read timed out. (read timeout=10)
2026-05-26 17:06:51,851 [ERROR] Sun times failed: Could not fetch sun times: HTTPSConnectionPool(host='api.open-meteo.com', port=443): Read timed out. (read timeout=10)
2026-05-26 17:07:09,248 [WARNING] sun times fetch attempt 2/3 failed: HTTPSConnectionPool(host='api.open-meteo.com', port=443): Read timed out. (read timeout=10) — retry in 5s
2026-05-26 17:07:22,189 [ERROR] sun times fetch failed after 3 attempts: 504 Server Error: Gateway Time-out for url: https://api.open-meteo.com/v1/forecast?latitude=32.72124843064626&longitude=35.12951893020094&daily=sunrise%2Csunset&timezone=auto&forecast_days=1
2026-05-26 17:07:27,156 [WARNING] sun times fetch attempt 1/3 failed: ('Connection aborted.', ConnectionResetError(104, 'Connection reset by peer')) — retry in 5s
2026-05-26 17:07:40,037 [WARNING] sun times fetch attempt 2/3 failed: 502 Server Error: Bad Gateway for url: https://api.open-meteo.com/v1/forecast?latitude=32.72124843064626&longitude=35.12951893020094&daily=sunrise%2Csunset&timezone=auto&forecast_days=1 — retry in 5s
2026-05-26 17:07:50,505 [WARNING] sun times fetch attempt 1/3 failed: 504 Server Error: Gateway Time-out for url: https://api.open-meteo.com/v1/forecast?latitude=32.72124843064626&longitude=35.12951893020094&daily=sunrise%2Csunset&timezone=auto&forecast_days=1 — retry in 5s
2026-05-26 17:07:51,680 [ERROR] sun times fetch failed after 3 attempts: 502 Server Error: Bad Gateway for url: https://api.open-meteo.com/v1/forecast?latitude=32.72124843064626&longitude=35.12951893020094&daily=sunrise%2Csunset&timezone=auto&forecast_days=1
2026-05-26 17:07:51,681 [ERROR] Sun times failed: Could not fetch sun times: 502 Server Error: Bad Gateway for url: https://api.open-meteo.com/v1/forecast?latitude=32.72124843064626&longitude=35.12951893020094&daily=sunrise%2Csunset&timezone=auto&forecast_days=1
2026-05-26 17:08:00,248 [WARNING] sun times fetch attempt 2/3 failed: 502 Server Error: Bad Gateway for url: https://api.open-meteo.com/v1/forecast?latitude=32.72124843064626&longitude=35.12951893020094&daily=sunrise%2Csunset&timezone=auto&forecast_days=1 — retry in 5s
2026-05-26 17:08:13,277 [ERROR] sun times fetch failed after 3 attempts: 502 Server Error: Bad Gateway for url: https://api.open-meteo.com/v1/forecast?latitude=32.72124843064626&longitude=35.12951893020094&daily=sunrise%2Csunset&timezone=auto&forecast_days=1
2026-05-26 17:08:26,239 [WARNING] sun times fetch attempt 1/3 failed: 502 Server Error: Bad Gateway for url: https://api.open-meteo.com/v1/forecast?latitude=32.72124843064626&longitude=35.12951893020094&daily=sunrise%2Csunset&timezone=auto&forecast_days=1 — retry in 5s
2026-05-26 17:08:37,329 [WARNING] sun times fetch attempt 2/3 failed: 502 Server Error: Bad Gateway for url: https://api.open-meteo.com/v1/forecast?latitude=32.72124843064626&longitude=35.12951893020094&daily=sunrise%2Csunset&timezone=auto&forecast_days=1 — retry in 5s
2026-05-26 17:08:47,431 [WARNING] sun times fetch attempt 1/3 failed: 502 Server Error: Bad Gateway for url: https://api.open-meteo.com/v1/forecast?latitude=32.72124843064626&longitude=35.12951893020094&daily=sunrise%2Csunset&timezone=auto&forecast_days=1 — retry in 5s
2026-05-26 17:08:51,352 [ERROR] sun times fetch failed after 3 attempts: 502 Server Error: Bad Gateway for url: https://api.open-meteo.com/v1/forecast?latitude=32.72124843064626&longitude=35.12951893020094&daily=sunrise%2Csunset&timezone=auto&forecast_days=1
2026-05-26 17:08:51,352 [ERROR] Sun times failed: Could not fetch sun times: 502 Server Error: Bad Gateway for url: https://api.open-meteo.com/v1/forecast?latitude=32.72124843064626&longitude=35.12951893020094&daily=sunrise%2Csunset&timezone=auto&forecast_days=1
2026-05-26 17:09:07,196 [WARNING] sun times fetch attempt 2/3 failed: HTTPSConnectionPool(host='api.open-meteo.com', port=443): Read timed out. (read timeout=10) — retry in 5s
2026-05-26 17:09:23,058 [ERROR] sun times fetch failed after 3 attempts: 502 Server Error: Bad Gateway for url: https://api.open-meteo.com/v1/forecast?latitude=32.72124843064626&longitude=35.12951893020094&daily=sunrise%2Csunset&timezone=auto&forecast_days=1
2026-05-26 17:09:29,201 [WARNING] sun times fetch attempt 1/3 failed: 502 Server Error: Bad Gateway for url: https://api.open-meteo.com/v1/forecast?latitude=32.72124843064626&longitude=35.12951893020094&daily=sunrise%2Csunset&timezone=auto&forecast_days=1 — retry in 5s
2026-05-26 17:09:43,805 [WARNING] sun times fetch attempt 1/3 failed: 502 Server Error: Bad Gateway for url: https://api.open-meteo.com/v1/forecast?latitude=32.72124843064626&longitude=35.12951893020094&daily=sunrise%2Csunset&timezone=auto&forecast_days=1 — retry in 5s
2026-05-26 17:09:47,638 [WARNING] sun times fetch attempt 2/3 failed: HTTPSConnectionPool(host='api.open-meteo.com', port=443): Read timed out. (read timeout=10) — retry in 5s
2026-05-26 17:09:58,165 [WARNING] sun times fetch attempt 2/3 failed: 502 Server Error: Bad Gateway for url: https://api.open-meteo.com/v1/forecast?latitude=32.72124843064626&longitude=35.12951893020094&daily=sunrise%2Csunset&timezone=auto&forecast_days=1 — retry in 5s
2026-05-26 17:10:04,204 [ERROR] sun times fetch failed after 3 attempts: 502 Server Error: Bad Gateway for url: https://api.open-meteo.com/v1/forecast?latitude=32.72124843064626&longitude=35.12951893020094&daily=sunrise%2Csunset&timezone=auto&forecast_days=1
2026-05-26 17:10:04,205 [ERROR] Sun times failed: Could not fetch sun times: 502 Server Error: Bad Gateway for url: https://api.open-meteo.com/v1/forecast?latitude=32.72124843064626&longitude=35.12951893020094&daily=sunrise%2Csunset&timezone=auto&forecast_days=1
2026-05-26 17:10:12,193 [ERROR] sun times fetch failed after 3 attempts: 502 Server Error: Bad Gateway for url: https://api.open-meteo.com/v1/forecast?latitude=32.72124843064626&longitude=35.12951893020094&daily=sunrise%2Csunset&timezone=auto&forecast_days=1
2026-05-26 17:10:39,803 [WARNING] sun times fetch attempt 1/3 failed: 502 Server Error: Bad Gateway for url: https://api.open-meteo.com/v1/forecast?latitude=32.72124843064626&longitude=35.12951893020094&daily=sunrise%2Csunset&timezone=auto&forecast_days=1 — retry in 5s
2026-05-26 17:10:44,274 [WARNING] sun times fetch attempt 1/3 failed: 502 Server Error: Bad Gateway for url: https://api.open-meteo.com/v1/forecast?latitude=32.72124843064626&longitude=35.12951893020094&daily=sunrise%2Csunset&timezone=auto&forecast_days=1 — retry in 5s
2026-05-26 17:10:53,058 [WARNING] sun times fetch attempt 2/3 failed: 502 Server Error: Bad Gateway for url: https://api.open-meteo.com/v1/forecast?latitude=32.72124843064626&longitude=35.12951893020094&daily=sunrise%2Csunset&timezone=auto&forecast_days=1 — retry in 5s
2026-05-26 17:10:57,818 [WARNING] sun times fetch attempt 2/3 failed: 502 Server Error: Bad Gateway for url: https://api.open-meteo.com/v1/forecast?latitude=32.72124843064626&longitude=35.12951893020094&daily=sunrise%2Csunset&timezone=auto&forecast_days=1 — retry in 5s
2026-05-26 17:11:04,974 [ERROR] sun times fetch failed after 3 attempts: 502 Server Error: Bad Gateway for url: https://api.open-meteo.com/v1/forecast?latitude=32.72124843064626&longitude=35.12951893020094&daily=sunrise%2Csunset&timezone=auto&forecast_days=1
2026-05-26 17:11:12,241 [ERROR] sun times fetch failed after 3 attempts: 504 Server Error: Gateway Time-out for url: https://api.open-meteo.com/v1/forecast?latitude=32.72124843064626&longitude=35.12951893020094&daily=sunrise%2Csunset&timezone=auto&forecast_days=1
2026-05-26 17:11:12,242 [ERROR] Sun times failed: Could not fetch sun times: 504 Server Error: Gateway Time-out for url: https://api.open-meteo.com/v1/forecast?latitude=32.72124843064626&longitude=35.12951893020094&daily=sunrise%2Csunset&timezone=auto&forecast_days=1
2026-05-26 17:11:17,913 [WARNING] sun times fetch attempt 1/3 failed: 504 Server Error: Gateway Time-out for url: https://api.open-meteo.com/v1/forecast?latitude=32.72124843064626&longitude=35.12951893020094&daily=sunrise%2Csunset&timezone=auto&forecast_days=1 — retry in 5s
2026-05-26 17:11:33,462 [WARNING] sun times fetch attempt 2/3 failed: 502 Server Error: Bad Gateway for url: https://api.open-meteo.com/v1/forecast?latitude=32.72124843064626&longitude=35.12951893020094&daily=sunrise%2Csunset&timezone=auto&forecast_days=1 — retry in 5s
2026-05-26 17:11:47,071 [ERROR] sun times fetch failed after 3 attempts: 502 Server Error: Bad Gateway for url: https://api.open-meteo.com/v1/forecast?latitude=32.72124843064626&longitude=35.12951893020094&daily=sunrise%2Csunset&timezone=auto&forecast_days=1
2026-05-26 17:11:49,966 [WARNING] sun times fetch attempt 1/3 failed: 502 Server Error: Bad Gateway for url: https://api.open-meteo.com/v1/forecast?latitude=32.72124843064626&longitude=35.12951893020094&daily=sunrise%2Csunset&timezone=auto&forecast_days=1 — retry in 5s
2026-05-26 17:12:05,781 [WARNING] sun times fetch attempt 2/3 failed: 502 Server Error: Bad Gateway for url: https://api.open-meteo.com/v1/forecast?latitude=32.72124843064626&longitude=35.12951893020094&daily=sunrise%2Csunset&timezone=auto&forecast_days=1 — retry in 5s
2026-05-26 17:12:13,956 [WARNING] sun times fetch attempt 1/3 failed: 502 Server Error: Bad Gateway for url: https://api.open-meteo.com/v1/forecast?latitude=32.72124843064626&longitude=35.12951893020094&daily=sunrise%2Csunset&timezone=auto&forecast_days=1 — retry in 5s
2026-05-26 17:12:15,415 [ERROR] sun times fetch failed after 3 attempts: ('Connection aborted.', ConnectionResetError(104, 'Connection reset by peer'))
2026-05-26 17:12:15,416 [ERROR] Sun times failed: Could not fetch sun times: ('Connection aborted.', ConnectionResetError(104, 'Connection reset by peer'))
2026-05-26 17:12:26,685 [WARNING] sun times fetch attempt 2/3 failed: 502 Server Error: Bad Gateway for url: https://api.open-meteo.com/v1/forecast?latitude=32.72124843064626&longitude=35.12951893020094&daily=sunrise%2Csunset&timezone=auto&forecast_days=1 — retry in 5s
2026-05-26 17:12:35,066 [ERROR] sun times fetch failed after 3 attempts: ('Connection aborted.', ConnectionResetError(104, 'Connection reset by peer'))
2026-05-26 17:12:44,715 [WARNING] sun times fetch attempt 1/3 failed: 502 Server Error: Bad Gateway for url: https://api.open-meteo.com/v1/forecast?latitude=32.72124843064626&longitude=35.12951893020094&daily=sunrise%2Csunset&timezone=auto&forecast_days=1 — retry in 5s
2026-05-26 17:12:50,937 [WARNING] sun times fetch attempt 1/3 failed: 502 Server Error: Bad Gateway for url: https://api.open-meteo.com/v1/forecast?latitude=32.72124843064626&longitude=35.12951893020094&daily=sunrise%2Csunset&timezone=auto&forecast_days=1 — retry in 5s
2026-05-26 17:12:57,034 [WARNING] sun times fetch attempt 2/3 failed: 502 Server Error: Bad Gateway for url: https://api.open-meteo.com/v1/forecast?latitude=32.72124843064626&longitude=35.12951893020094&daily=sunrise%2Csunset&timezone=auto&forecast_days=1 — retry in 5s
2026-05-26 17:13:03,890 [ERROR] sun times fetch failed after 3 attempts: ('Connection aborted.', ConnectionResetError(104, 'Connection reset by peer'))
2026-05-26 17:13:04,740 [WARNING] sun times fetch attempt 2/3 failed: 502 Server Error: Bad Gateway for url: https://api.open-meteo.com/v1/forecast?latitude=32.72124843064626&longitude=35.12951893020094&daily=sunrise%2Csunset&timezone=auto&forecast_days=1 — retry in 5s
2026-05-26 17:13:10,593 [WARNING] sun times fetch attempt 1/3 failed: 502 Server Error: Bad Gateway for url: https://api.open-meteo.com/v1/forecast?latitude=32.72124843064626&longitude=35.12951893020094&daily=sunrise%2Csunset&timezone=auto&forecast_days=1 — retry in 5s
2026-05-26 17:13:21,498 [ERROR] sun times fetch failed after 3 attempts: HTTPSConnectionPool(host='api.open-meteo.com', port=443): Read timed out. (read timeout=10)
2026-05-26 17:13:21,499 [ERROR] Sun times failed: Could not fetch sun times: HTTPSConnectionPool(host='api.open-meteo.com', port=443): Read timed out. (read timeout=10)
2026-05-26 17:13:23,953 [WARNING] sun times fetch attempt 2/3 failed: 502 Server Error: Bad Gateway for url: https://api.open-meteo.com/v1/forecast?latitude=32.72124843064626&longitude=35.12951893020094&daily=sunrise%2Csunset&timezone=auto&forecast_days=1 — retry in 5s
2026-05-26 17:13:35,820 [ERROR] sun times fetch failed after 3 attempts: 502 Server Error: Bad Gateway for url: https://api.open-meteo.com/v1/forecast?latitude=32.72124843064626&longitude=35.12951893020094&daily=sunrise%2Csunset&timezone=auto&forecast_days=1
2026-05-26 17:13:49,129 [WARNING] sun times fetch attempt 1/3 failed: 504 Server Error: Gateway Time-out for url: https://api.open-meteo.com/v1/forecast?latitude=32.72124843064626&longitude=35.12951893020094&daily=sunrise%2Csunset&timezone=auto&forecast_days=1 — retry in 5s
2026-05-26 17:13:58,396 [WARNING] sun times fetch attempt 1/3 failed: 502 Server Error: Bad Gateway for url: https://api.open-meteo.com/v1/forecast?latitude=32.72124843064626&longitude=35.12951893020094&daily=sunrise%2Csunset&timezone=auto&forecast_days=1 — retry in 5s
2026-05-26 17:14:08,152 [WARNING] sun times fetch attempt 2/3 failed: 504 Server Error: Gateway Time-out for url: https://api.open-meteo.com/v1/forecast?latitude=32.72124843064626&longitude=35.12951893020094&daily=sunrise%2Csunset&timezone=auto&forecast_days=1 — retry in 5s
2026-05-26 17:14:16,101 [WARNING] sun times fetch attempt 2/3 failed: 502 Server Error: Bad Gateway for url: https://api.open-meteo.com/v1/forecast?latitude=32.72124843064626&longitude=35.12951893020094&daily=sunrise%2Csunset&timezone=auto&forecast_days=1 — retry in 5s
2026-05-26 17:14:18,701 [ERROR] sun times fetch failed after 3 attempts: 502 Server Error: Bad Gateway for url: https://api.open-meteo.com/v1/forecast?latitude=32.72124843064626&longitude=35.12951893020094&daily=sunrise%2Csunset&timezone=auto&forecast_days=1
2026-05-26 17:14:34,218 [ERROR] sun times fetch failed after 3 attempts: HTTPSConnectionPool(host='api.open-meteo.com', port=443): Read timed out. (read timeout=10)
2026-05-26 17:14:34,218 [ERROR] Sun times failed: Could not fetch sun times: HTTPSConnectionPool(host='api.open-meteo.com', port=443): Read timed out. (read timeout=10)
2026-05-26 17:14:45,442 [WARNING] sun times fetch attempt 1/3 failed: 502 Server Error: Bad Gateway for url: https://api.open-meteo.com/v1/forecast?latitude=32.72124843064626&longitude=35.12951893020094&daily=sunrise%2Csunset&timezone=auto&forecast_days=1 — retry in 5s
2026-05-26 17:14:58,363 [WARNING] sun times fetch attempt 2/3 failed: 502 Server Error: Bad Gateway for url: https://api.open-meteo.com/v1/forecast?latitude=32.72124843064626&longitude=35.12951893020094&daily=sunrise%2Csunset&timezone=auto&forecast_days=1 — retry in 5s
2026-05-26 17:15:14,892 [ERROR] sun times fetch failed after 3 attempts: 502 Server Error: Bad Gateway for url: https://api.open-meteo.com/v1/forecast?latitude=32.72124843064626&longitude=35.12951893020094&daily=sunrise%2Csunset&timezone=auto&forecast_days=1
2026-05-26 17:15:16,084 [WARNING] sun times fetch attempt 1/3 failed: 502 Server Error: Bad Gateway for url: https://api.open-meteo.com/v1/forecast?latitude=32.72124843064626&longitude=35.12951893020094&daily=sunrise%2Csunset&timezone=auto&forecast_days=1 — retry in 5s
2026-05-26 17:15:35,499 [WARNING] sun times fetch attempt 2/3 failed: 504 Server Error: Gateway Time-out for url: https://api.open-meteo.com/v1/forecast?latitude=32.72124843064626&longitude=35.12951893020094&daily=sunrise%2Csunset&timezone=auto&forecast_days=1 — retry in 5s
2026-05-26 17:15:46,025 [ERROR] sun times fetch failed after 3 attempts: 502 Server Error: Bad Gateway for url: https://api.open-meteo.com/v1/forecast?latitude=32.72124843064626&longitude=35.12951893020094&daily=sunrise%2Csunset&timezone=auto&forecast_days=1
2026-05-26 17:15:46,025 [ERROR] Sun times failed: Could not fetch sun times: 502 Server Error: Bad Gateway for url: https://api.open-meteo.com/v1/forecast?latitude=32.72124843064626&longitude=35.12951893020094&daily=sunrise%2Csunset&timezone=auto&forecast_days=1
2026-05-26 17:15:48,151 [WARNING] sun times fetch attempt 1/3 failed: 502 Server Error: Bad Gateway for url: https://api.open-meteo.com/v1/forecast?latitude=32.72124843064626&longitude=35.12951893020094&daily=sunrise%2Csunset&timezone=auto&forecast_days=1 — retry in 5s
2026-05-26 17:15:57,016 [WARNING] sun times fetch attempt 2/3 failed: ('Connection aborted.', ConnectionResetError(104, 'Connection reset by peer')) — retry in 5s
2026-05-26 17:16:16,421 [ERROR] sun times fetch failed after 3 attempts: 504 Server Error: Gateway Time-out for url: https://api.open-meteo.com/v1/forecast?latitude=32.72124843064626&longitude=35.12951893020094&daily=sunrise%2Csunset&timezone=auto&forecast_days=1
2026-05-26 17:16:24,829 [WARNING] sun times fetch attempt 1/3 failed: 502 Server Error: Bad Gateway for url: https://api.open-meteo.com/v1/forecast?latitude=32.72124843064626&longitude=35.12951893020094&daily=sunrise%2Csunset&timezone=auto&forecast_days=1 — retry in 5s
2026-05-26 17:16:34,084 [WARNING] sun times fetch attempt 2/3 failed: 502 Server Error: Bad Gateway for url: https://api.open-meteo.com/v1/forecast?latitude=32.72124843064626&longitude=35.12951893020094&daily=sunrise%2Csunset&timezone=auto&forecast_days=1 — retry in 5s
2026-05-26 17:16:46,446 [ERROR] sun times fetch failed after 3 attempts: 502 Server Error: Bad Gateway for url: https://api.open-meteo.com/v1/forecast?latitude=32.72124843064626&longitude=35.12951893020094&daily=sunrise%2Csunset&timezone=auto&forecast_days=1
2026-05-26 17:16:46,446 [ERROR] Sun times failed: Could not fetch sun times: 502 Server Error: Bad Gateway for url: https://api.open-meteo.com/v1/forecast?latitude=32.72124843064626&longitude=35.12951893020094&daily=sunrise%2Csunset&timezone=auto&forecast_days=1
2026-05-26 17:16:51,667 [WARNING] sun times fetch attempt 1/3 failed: HTTPSConnectionPool(host='api.open-meteo.com', port=443): Read timed out. (read timeout=10) — retry in 5s
2026-05-26 17:17:00,203 [WARNING] sun times fetch attempt 2/3 failed: ('Connection aborted.', ConnectionResetError(104, 'Connection reset by peer')) — retry in 5s
2026-05-26 17:17:16,328 [ERROR] sun times fetch failed after 3 attempts: 502 Server Error: Bad Gateway for url: https://api.open-meteo.com/v1/forecast?latitude=32.72124843064626&longitude=35.12951893020094&daily=sunrise%2Csunset&timezone=auto&forecast_days=1
2026-05-26 17:17:21,169 [WARNING] sun times fetch attempt 1/3 failed: 502 Server Error: Bad Gateway for url: https://api.open-meteo.com/v1/forecast?latitude=32.72124843064626&longitude=35.12951893020094&daily=sunrise%2Csunset&timezone=auto&forecast_days=1 — retry in 5s
2026-05-26 17:17:32,965 [WARNING] sun times fetch attempt 2/3 failed: 502 Server Error: Bad Gateway for url: https://api.open-meteo.com/v1/forecast?latitude=32.72124843064626&longitude=35.12951893020094&daily=sunrise%2Csunset&timezone=auto&forecast_days=1 — retry in 5s
2026-05-26 17:17:42,483 [WARNING] sun times fetch attempt 1/3 failed: 502 Server Error: Bad Gateway for url: https://api.open-meteo.com/v1/forecast?latitude=32.72124843064626&longitude=35.12951893020094&daily=sunrise%2Csunset&timezone=auto&forecast_days=1 — retry in 5s
2026-05-26 17:17:44,068 [ERROR] sun times fetch failed after 3 attempts: 502 Server Error: Bad Gateway for url: https://api.open-meteo.com/v1/forecast?latitude=32.72124843064626&longitude=35.12951893020094&daily=sunrise%2Csunset&timezone=auto&forecast_days=1
2026-05-26 17:17:44,068 [ERROR] Sun times failed: Could not fetch sun times: 502 Server Error: Bad Gateway for url: https://api.open-meteo.com/v1/forecast?latitude=32.72124843064626&longitude=35.12951893020094&daily=sunrise%2Csunset&timezone=auto&forecast_days=1
2026-05-26 17:17:50,646 [WARNING] sun times fetch attempt 2/3 failed: 502 Server Error: Bad Gateway for url: https://api.open-meteo.com/v1/forecast?latitude=32.72124843064626&longitude=35.12951893020094&daily=sunrise%2Csunset&timezone=auto&forecast_days=1 — retry in 5s
2026-05-26 17:18:01,979 [ERROR] sun times fetch failed after 3 attempts: 502 Server Error: Bad Gateway for url: https://api.open-meteo.com/v1/forecast?latitude=32.72124843064626&longitude=35.12951893020094&daily=sunrise%2Csunset&timezone=auto&forecast_days=1
2026-05-26 17:18:17,512 [WARNING] sun times fetch attempt 1/3 failed: 502 Server Error: Bad Gateway for url: https://api.open-meteo.com/v1/forecast?latitude=32.72124843064626&longitude=35.12951893020094&daily=sunrise%2Csunset&timezone=auto&forecast_days=1 — retry in 5s
2026-05-26 17:18:28,099 [WARNING] sun times fetch attempt 1/3 failed: HTTPSConnectionPool(host='api.open-meteo.com', port=443): Read timed out. (read timeout=10) — retry in 5s
2026-05-26 17:18:30,270 [WARNING] sun times fetch attempt 2/3 failed: 502 Server Error: Bad Gateway for url: https://api.open-meteo.com/v1/forecast?latitude=32.72124843064626&longitude=35.12951893020094&daily=sunrise%2Csunset&timezone=auto&forecast_days=1 — retry in 5s
2026-05-26 17:18:46,125 [WARNING] sun times fetch attempt 2/3 failed: HTTPSConnectionPool(host='api.open-meteo.com', port=443): Read timed out. (read timeout=10) — retry in 5s
2026-05-26 17:18:51,146 [ERROR] sun times fetch failed after 3 attempts: HTTPSConnectionPool(host='api.open-meteo.com', port=443): Read timed out. (read timeout=10)
2026-05-26 17:18:58,443 [ERROR] sun times fetch failed after 3 attempts: 502 Server Error: Bad Gateway for url: https://api.open-meteo.com/v1/forecast?latitude=32.72124843064626&longitude=35.12951893020094&daily=sunrise%2Csunset&timezone=auto&forecast_days=1
2026-05-26 17:18:58,444 [ERROR] Sun times failed: Could not fetch sun times: 502 Server Error: Bad Gateway for url: https://api.open-meteo.com/v1/forecast?latitude=32.72124843064626&longitude=35.12951893020094&daily=sunrise%2Csunset&timezone=auto&forecast_days=1
2026-05-26 17:19:12,458 [WARNING] sun times fetch attempt 1/3 failed: 502 Server Error: Bad Gateway for url: https://api.open-meteo.com/v1/forecast?latitude=32.72124843064626&longitude=35.12951893020094&daily=sunrise%2Csunset&timezone=auto&forecast_days=1 — retry in 5s
2026-05-26 17:19:26,829 [WARNING] sun times fetch attempt 2/3 failed: 502 Server Error: Bad Gateway for url: https://api.open-meteo.com/v1/forecast?latitude=32.72124843064626&longitude=35.12951893020094&daily=sunrise%2Csunset&timezone=auto&forecast_days=1 — retry in 5s
2026-05-26 17:19:39,457 [ERROR] sun times fetch failed after 3 attempts: 502 Server Error: Bad Gateway for url: https://api.open-meteo.com/v1/forecast?latitude=32.72124843064626&longitude=35.12951893020094&daily=sunrise%2Csunset&timezone=auto&forecast_days=1
2026-05-26 17:19:43,122 [WARNING] sun times fetch attempt 1/3 failed: HTTPSConnectionPool(host='api.open-meteo.com', port=443): Read timed out. (read timeout=10) — retry in 5s
2026-05-26 17:19:56,171 [WARNING] sun times fetch attempt 2/3 failed: 502 Server Error: Bad Gateway for url: https://api.open-meteo.com/v1/forecast?latitude=32.72124843064626&longitude=35.12951893020094&daily=sunrise%2Csunset&timezone=auto&forecast_days=1 — retry in 5s
2026-05-26 17:20:08,121 [ERROR] sun times fetch failed after 3 attempts: 502 Server Error: Bad Gateway for url: https://api.open-meteo.com/v1/forecast?latitude=32.72124843064626&longitude=35.12951893020094&daily=sunrise%2Csunset&timezone=auto&forecast_days=1
2026-05-26 17:20:08,122 [ERROR] Sun times failed: Could not fetch sun times: 502 Server Error: Bad Gateway for url: https://api.open-meteo.com/v1/forecast?latitude=32.72124843064626&longitude=35.12951893020094&daily=sunrise%2Csunset&timezone=auto&forecast_days=1
2026-05-26 17:20:10,161 [WARNING] sun times fetch attempt 1/3 failed: ('Connection aborted.', ConnectionResetError(104, 'Connection reset by peer')) — retry in 5s
2026-05-26 17:20:16,873 [WARNING] sun times fetch attempt 2/3 failed: ('Connection aborted.', ConnectionResetError(104, 'Connection reset by peer')) — retry in 5s
2026-05-26 17:20:24,443 [ERROR] sun times fetch failed after 3 attempts: ('Connection aborted.', ConnectionResetError(104, 'Connection reset by peer'))
2026-05-26 17:20:42,901 [WARNING] sun times fetch attempt 1/3 failed: 502 Server Error: Bad Gateway for url: https://api.open-meteo.com/v1/forecast?latitude=32.72124843064626&longitude=35.12951893020094&daily=sunrise%2Csunset&timezone=auto&forecast_days=1 — retry in 5s
2026-05-26 17:20:43,861 [WARNING] sun times fetch attempt 1/3 failed: 502 Server Error: Bad Gateway for url: https://api.open-meteo.com/v1/forecast?latitude=32.72124843064626&longitude=35.12951893020094&daily=sunrise%2Csunset&timezone=auto&forecast_days=1 — retry in 5s
2026-05-26 17:20:52,845 [WARNING] sun times fetch attempt 2/3 failed: 502 Server Error: Bad Gateway for url: https://api.open-meteo.com/v1/forecast?latitude=32.72124843064626&longitude=35.12951893020094&daily=sunrise%2Csunset&timezone=auto&forecast_days=1 — retry in 5s
2026-05-26 17:20:55,003 [WARNING] sun times fetch attempt 2/3 failed: 502 Server Error: Bad Gateway for url: https://api.open-meteo.com/v1/forecast?latitude=32.72124843064626&longitude=35.12951893020094&daily=sunrise%2Csunset&timezone=auto&forecast_days=1 — retry in 5s
2026-05-26 17:21:01,151 [ERROR] sun times fetch failed after 3 attempts: ('Connection aborted.', ConnectionResetError(104, 'Connection reset by peer'))
2026-05-26 17:21:01,151 [ERROR] Sun times failed: Could not fetch sun times: ('Connection aborted.', ConnectionResetError(104, 'Connection reset by peer'))
2026-05-26 17:21:13,520 [ERROR] sun times fetch failed after 3 attempts: 504 Server Error: Gateway Time-out for url: https://api.open-meteo.com/v1/forecast?latitude=32.72124843064626&longitude=35.12951893020094&daily=sunrise%2Csunset&timezone=auto&forecast_days=1
2026-05-26 17:21:40,709 [WARNING] sun times fetch attempt 1/3 failed: ('Connection aborted.', ConnectionResetError(104, 'Connection reset by peer')) — retry in 5s
2026-05-26 17:21:41,022 [WARNING] sun times fetch attempt 1/3 failed: 502 Server Error: Bad Gateway for url: https://api.open-meteo.com/v1/forecast?latitude=32.72124843064626&longitude=35.12951893020094&daily=sunrise%2Csunset&timezone=auto&forecast_days=1 — retry in 5s
2026-05-26 17:21:53,006 [WARNING] sun times fetch attempt 2/3 failed: 502 Server Error: Bad Gateway for url: https://api.open-meteo.com/v1/forecast?latitude=32.72124843064626&longitude=35.12951893020094&daily=sunrise%2Csunset&timezone=auto&forecast_days=1 — retry in 5s
2026-05-26 17:21:56,430 [WARNING] sun times fetch attempt 2/3 failed: 502 Server Error: Bad Gateway for url: https://api.open-meteo.com/v1/forecast?latitude=32.72124843064626&longitude=35.12951893020094&daily=sunrise%2Csunset&timezone=auto&forecast_days=1 — retry in 5s
2026-05-26 17:22:02,277 [ERROR] sun times fetch failed after 3 attempts: 502 Server Error: Bad Gateway for url: https://api.open-meteo.com/v1/forecast?latitude=32.72124843064626&longitude=35.12951893020094&daily=sunrise%2Csunset&timezone=auto&forecast_days=1
2026-05-26 17:22:02,277 [ERROR] Sun times failed: Could not fetch sun times: 502 Server Error: Bad Gateway for url: https://api.open-meteo.com/v1/forecast?latitude=32.72124843064626&longitude=35.12951893020094&daily=sunrise%2Csunset&timezone=auto&forecast_days=1
2026-05-26 17:22:05,183 [ERROR] sun times fetch failed after 3 attempts: 502 Server Error: Bad Gateway for url: https://api.open-meteo.com/v1/forecast?latitude=32.72124843064626&longitude=35.12951893020094&daily=sunrise%2Csunset&timezone=auto&forecast_days=1
2026-05-26 17:22:19,654 [WARNING] sun times fetch attempt 1/3 failed: HTTPSConnectionPool(host='api.open-meteo.com', port=443): Read timed out. (read timeout=10) — retry in 5s
2026-05-26 17:22:33,689 [WARNING] sun times fetch attempt 2/3 failed: 504 Server Error: Gateway Time-out for url: https://api.open-meteo.com/v1/forecast?latitude=32.72124843064626&longitude=35.12951893020094&daily=sunrise%2Csunset&timezone=auto&forecast_days=1 — retry in 5s
2026-05-26 17:22:35,411 [WARNING] sun times fetch attempt 1/3 failed: 502 Server Error: Bad Gateway for url: https://api.open-meteo.com/v1/forecast?latitude=32.72124843064626&longitude=35.12951893020094&daily=sunrise%2Csunset&timezone=auto&forecast_days=1 — retry in 5s
2026-05-26 17:22:42,094 [WARNING] sun times fetch attempt 2/3 failed: ('Connection aborted.', ConnectionResetError(104, 'Connection reset by peer')) — retry in 5s
2026-05-26 17:22:47,109 [ERROR] sun times fetch failed after 3 attempts: 502 Server Error: Bad Gateway for url: https://api.open-meteo.com/v1/forecast?latitude=32.72124843064626&longitude=35.12951893020094&daily=sunrise%2Csunset&timezone=auto&forecast_days=1
2026-05-26 17:22:55,578 [ERROR] sun times fetch failed after 3 attempts: 502 Server Error: Bad Gateway for url: https://api.open-meteo.com/v1/forecast?latitude=32.72124843064626&longitude=35.12951893020094&daily=sunrise%2Csunset&timezone=auto&forecast_days=1
2026-05-26 17:22:55,578 [ERROR] Sun times failed: Could not fetch sun times: 502 Server Error: Bad Gateway for url: https://api.open-meteo.com/v1/forecast?latitude=32.72124843064626&longitude=35.12951893020094&daily=sunrise%2Csunset&timezone=auto&forecast_days=1
2026-05-26 17:23:16,265 [WARNING] sun times fetch attempt 1/3 failed: 502 Server Error: Bad Gateway for url: https://api.open-meteo.com/v1/forecast?latitude=32.72124843064626&longitude=35.12951893020094&daily=sunrise%2Csunset&timezone=auto&forecast_days=1 — retry in 5s
2026-05-26 17:23:27,950 [WARNING] sun times fetch attempt 2/3 failed: 502 Server Error: Bad Gateway for url: https://api.open-meteo.com/v1/forecast?latitude=32.72124843064626&longitude=35.12951893020094&daily=sunrise%2Csunset&timezone=auto&forecast_days=1 — retry in 5s
2026-05-26 17:23:39,622 [WARNING] sun times fetch attempt 1/3 failed: HTTPSConnectionPool(host='api.open-meteo.com', port=443): Read timed out. (read timeout=10) — retry in 5s
2026-05-26 17:23:42,230 [ERROR] sun times fetch failed after 3 attempts: 502 Server Error: Bad Gateway for url: https://api.open-meteo.com/v1/forecast?latitude=32.72124843064626&longitude=35.12951893020094&daily=sunrise%2Csunset&timezone=auto&forecast_days=1
2026-05-26 17:23:45,865 [WARNING] sun times fetch attempt 2/3 failed: ('Connection aborted.', ConnectionResetError(104, 'Connection reset by peer')) — retry in 5s
2026-05-26 17:23:59,152 [ERROR] sun times fetch failed after 3 attempts: 502 Server Error: Bad Gateway for url: https://api.open-meteo.com/v1/forecast?latitude=32.72124843064626&longitude=35.12951893020094&daily=sunrise%2Csunset&timezone=auto&forecast_days=1
2026-05-26 17:23:59,152 [ERROR] Sun times failed: Could not fetch sun times: 502 Server Error: Bad Gateway for url: https://api.open-meteo.com/v1/forecast?latitude=32.72124843064626&longitude=35.12951893020094&daily=sunrise%2Csunset&timezone=auto&forecast_days=1
2026-05-26 17:24:15,167 [WARNING] sun times fetch attempt 1/3 failed: 502 Server Error: Bad Gateway for url: https://api.open-meteo.com/v1/forecast?latitude=32.72124843064626&longitude=35.12951893020094&daily=sunrise%2Csunset&timezone=auto&forecast_days=1 — retry in 5s
2026-05-26 17:24:26,354 [WARNING] sun times fetch attempt 2/3 failed: 502 Server Error: Bad Gateway for url: https://api.open-meteo.com/v1/forecast?latitude=32.72124843064626&longitude=35.12951893020094&daily=sunrise%2Csunset&timezone=auto&forecast_days=1 — retry in 5s
2026-05-26 17:24:34,779 [WARNING] sun times fetch attempt 1/3 failed: 502 Server Error: Bad Gateway for url: https://api.open-meteo.com/v1/forecast?latitude=32.72124843064626&longitude=35.12951893020094&daily=sunrise%2Csunset&timezone=auto&forecast_days=1 — retry in 5s
2026-05-26 17:24:38,130 [ERROR] sun times fetch failed after 3 attempts: 502 Server Error: Bad Gateway for url: https://api.open-meteo.com/v1/forecast?latitude=32.72124843064626&longitude=35.12951893020094&daily=sunrise%2Csunset&timezone=auto&forecast_days=1
2026-05-26 17:24:45,910 [WARNING] sun times fetch attempt 2/3 failed: 502 Server Error: Bad Gateway for url: https://api.open-meteo.com/v1/forecast?latitude=32.72124843064626&longitude=35.12951893020094&daily=sunrise%2Csunset&timezone=auto&forecast_days=1 — retry in 5s
2026-05-26 17:24:56,239 [ERROR] sun times fetch failed after 3 attempts: 502 Server Error: Bad Gateway for url: https://api.open-meteo.com/v1/forecast?latitude=32.72124843064626&longitude=35.12951893020094&daily=sunrise%2Csunset&timezone=auto&forecast_days=1
2026-05-26 17:24:56,239 [ERROR] Sun times failed: Could not fetch sun times: 502 Server Error: Bad Gateway for url: https://api.open-meteo.com/v1/forecast?latitude=32.72124843064626&longitude=35.12951893020094&daily=sunrise%2Csunset&timezone=auto&forecast_days=1
2026-05-26 17:25:20,619 [WARNING] sun times fetch attempt 1/3 failed: HTTPSConnectionPool(host='api.open-meteo.com', port=443): Read timed out. (read timeout=10) — retry in 5s
2026-05-26 17:25:30,050 [WARNING] sun times fetch attempt 1/3 failed: 502 Server Error: Bad Gateway for url: https://api.open-meteo.com/v1/forecast?latitude=32.72124843064626&longitude=35.12951893020094&daily=sunrise%2Csunset&timezone=auto&forecast_days=1 — retry in 5s
2026-05-26 17:25:37,892 [WARNING] sun times fetch attempt 2/3 failed: 502 Server Error: Bad Gateway for url: https://api.open-meteo.com/v1/forecast?latitude=32.72124843064626&longitude=35.12951893020094&daily=sunrise%2Csunset&timezone=auto&forecast_days=1 — retry in 5s
2026-05-26 17:25:48,089 [WARNING] sun times fetch attempt 2/3 failed: HTTPSConnectionPool(host='api.open-meteo.com', port=443): Read timed out. (read timeout=10) — retry in 5s
2026-05-26 17:25:48,443 [ERROR] sun times fetch failed after 3 attempts: 502 Server Error: Bad Gateway for url: https://api.open-meteo.com/v1/forecast?latitude=32.72124843064626&longitude=35.12951893020094&daily=sunrise%2Csunset&timezone=auto&forecast_days=1
2026-05-26 17:26:00,748 [ERROR] sun times fetch failed after 3 attempts: 502 Server Error: Bad Gateway for url: https://api.open-meteo.com/v1/forecast?latitude=32.72124843064626&longitude=35.12951893020094&daily=sunrise%2Csunset&timezone=auto&forecast_days=1
2026-05-26 17:26:00,749 [ERROR] Sun times failed: Could not fetch sun times: 502 Server Error: Bad Gateway for url: https://api.open-meteo.com/v1/forecast?latitude=32.72124843064626&longitude=35.12951893020094&daily=sunrise%2Csunset&timezone=auto&forecast_days=1
2026-05-26 17:26:13,002 [WARNING] sun times fetch attempt 1/3 failed: 502 Server Error: Bad Gateway for url: https://api.open-meteo.com/v1/forecast?latitude=32.72124843064626&longitude=35.12951893020094&daily=sunrise%2Csunset&timezone=auto&forecast_days=1 — retry in 5s
2026-05-26 17:26:23,794 [INFO] Sun: ↑05:34 ↓19:38
2026-05-26 17:26:32,476 [WARNING] sun times fetch attempt 1/3 failed: 502 Server Error: Bad Gateway for url: https://api.open-meteo.com/v1/forecast?latitude=32.72124843064626&longitude=35.12951893020094&daily=sunrise%2Csunset&timezone=auto&forecast_days=1 — retry in 5s
2026-05-26 17:26:34,050 [WARNING] hourly weather fetch attempt 1/3 failed: HTTPSConnectionPool(host='api.open-meteo.com', port=443): Read timed out. (read timeout=10) — retry in 5s
2026-05-26 17:26:40,790 [WARNING] hourly weather fetch attempt 2/3 failed: 502 Server Error: Bad Gateway for url: https://api.open-meteo.com/v1/forecast?latitude=32.72124843064626&longitude=35.12951893020094&hourly=temperature_2m%2Ccloudcover&timezone=auto — retry in 5s
2026-05-26 17:26:48,006 [ERROR] hourly weather fetch failed after 3 attempts: 502 Server Error: Bad Gateway for url: https://api.open-meteo.com/v1/forecast?latitude=32.72124843064626&longitude=35.12951893020094&hourly=temperature_2m%2Ccloudcover&timezone=auto
2026-05-26 17:26:48,888 [WARNING] sun times fetch attempt 2/3 failed: HTTPSConnectionPool(host='api.open-meteo.com', port=443): Read timed out. (read timeout=10) — retry in 5s
2026-05-26 17:26:56,341 [ERROR] sun times fetch failed after 3 attempts: 502 Server Error: Bad Gateway for url: https://api.open-meteo.com/v1/forecast?latitude=32.72124843064626&longitude=35.12951893020094&daily=sunrise%2Csunset&timezone=auto&forecast_days=1
2026-05-26 17:26:56,341 [ERROR] Sun times failed: Could not fetch sun times: 502 Server Error: Bad Gateway for url: https://api.open-meteo.com/v1/forecast?latitude=32.72124843064626&longitude=35.12951893020094&daily=sunrise%2Csunset&timezone=auto&forecast_days=1
2026-05-26 17:27:17,663 [WARNING] sun times fetch attempt 1/3 failed: 502 Server Error: Bad Gateway for url: https://api.open-meteo.com/v1/forecast?latitude=32.72124843064626&longitude=35.12951893020094&daily=sunrise%2Csunset&timezone=auto&forecast_days=1 — retry in 5s
2026-05-26 17:27:27,932 [WARNING] sun times fetch attempt 2/3 failed: 502 Server Error: Bad Gateway for url: https://api.open-meteo.com/v1/forecast?latitude=32.72124843064626&longitude=35.12951893020094&daily=sunrise%2Csunset&timezone=auto&forecast_days=1 — retry in 5s
2026-05-26 17:27:38,301 [WARNING] sun times fetch attempt 1/3 failed: HTTPSConnectionPool(host='api.open-meteo.com', port=443): Read timed out. (read timeout=10) — retry in 5s
2026-05-26 17:27:38,669 [ERROR] sun times fetch failed after 3 attempts: 502 Server Error: Bad Gateway for url: https://api.open-meteo.com/v1/forecast?latitude=32.72124843064626&longitude=35.12951893020094&daily=sunrise%2Csunset&timezone=auto&forecast_days=1
2026-05-26 17:27:48,040 [WARNING] sun times fetch attempt 2/3 failed: 502 Server Error: Bad Gateway for url: https://api.open-meteo.com/v1/forecast?latitude=32.72124843064626&longitude=35.12951893020094&daily=sunrise%2Csunset&timezone=auto&forecast_days=1 — retry in 5s
2026-05-26 17:27:55,252 [ERROR] sun times fetch failed after 3 attempts: 502 Server Error: Bad Gateway for url: https://api.open-meteo.com/v1/forecast?latitude=32.72124843064626&longitude=35.12951893020094&daily=sunrise%2Csunset&timezone=auto&forecast_days=1
2026-05-26 17:27:55,252 [ERROR] Sun times failed: Could not fetch sun times: 502 Server Error: Bad Gateway for url: https://api.open-meteo.com/v1/forecast?latitude=32.72124843064626&longitude=35.12951893020094&daily=sunrise%2Csunset&timezone=auto&forecast_days=1
2026-05-26 17:28:14,793 [WARNING] sun times fetch attempt 1/3 failed: 502 Server Error: Bad Gateway for url: https://api.open-meteo.com/v1/forecast?latitude=32.72124843064626&longitude=35.12951893020094&daily=sunrise%2Csunset&timezone=auto&forecast_days=1 — retry in 5s
2026-05-26 17:28:24,846 [WARNING] sun times fetch attempt 2/3 failed: 502 Server Error: Bad Gateway for url: https://api.open-meteo.com/v1/forecast?latitude=32.72124843064626&longitude=35.12951893020094&daily=sunrise%2Csunset&timezone=auto&forecast_days=1 — retry in 5s
2026-05-26 17:28:27,920 [WARNING] sun times fetch attempt 1/3 failed: 502 Server Error: Bad Gateway for url: https://api.open-meteo.com/v1/forecast?latitude=32.72124843064626&longitude=35.12951893020094&daily=sunrise%2Csunset&timezone=auto&forecast_days=1 — retry in 5s
2026-05-26 17:28:34,969 [WARNING] sun times fetch attempt 2/3 failed: 502 Server Error: Bad Gateway for url: https://api.open-meteo.com/v1/forecast?latitude=32.72124843064626&longitude=35.12951893020094&daily=sunrise%2Csunset&timezone=auto&forecast_days=1 — retry in 5s
2026-05-26 17:28:39,027 [ERROR] sun times fetch failed after 3 attempts: 502 Server Error: Bad Gateway for url: https://api.open-meteo.com/v1/forecast?latitude=32.72124843064626&longitude=35.12951893020094&daily=sunrise%2Csunset&timezone=auto&forecast_days=1
2026-05-26 17:28:46,689 [ERROR] sun times fetch failed after 3 attempts: 502 Server Error: Bad Gateway for url: https://api.open-meteo.com/v1/forecast?latitude=32.72124843064626&longitude=35.12951893020094&daily=sunrise%2Csunset&timezone=auto&forecast_days=1
2026-05-26 17:28:46,690 [ERROR] Sun times failed: Could not fetch sun times: 502 Server Error: Bad Gateway for url: https://api.open-meteo.com/v1/forecast?latitude=32.72124843064626&longitude=35.12951893020094&daily=sunrise%2Csunset&timezone=auto&forecast_days=1
2026-05-26 17:29:14,051 [WARNING] sun times fetch attempt 1/3 failed: 502 Server Error: Bad Gateway for url: https://api.open-meteo.com/v1/forecast?latitude=32.72124843064626&longitude=35.12951893020094&daily=sunrise%2Csunset&timezone=auto&forecast_days=1 — retry in 5s
2026-05-26 17:29:27,463 [WARNING] sun times fetch attempt 2/3 failed: 502 Server Error: Bad Gateway for url: https://api.open-meteo.com/v1/forecast?latitude=32.72124843064626&longitude=35.12951893020094&daily=sunrise%2Csunset&timezone=auto&forecast_days=1 — retry in 5s
2026-05-26 17:29:30,062 [WARNING] sun times fetch attempt 1/3 failed: HTTPSConnectionPool(host='api.open-meteo.com', port=443): Read timed out. (read timeout=10) — retry in 5s
2026-05-26 17:29:44,953 [ERROR] sun times fetch failed after 3 attempts: 504 Server Error: Gateway Time-out for url: https://api.open-meteo.com/v1/forecast?latitude=32.72124843064626&longitude=35.12951893020094&daily=sunrise%2Csunset&timezone=auto&forecast_days=1
2026-05-26 17:29:46,698 [WARNING] sun times fetch attempt 2/3 failed: 504 Server Error: Gateway Time-out for url: https://api.open-meteo.com/v1/forecast?latitude=32.72124843064626&longitude=35.12951893020094&daily=sunrise%2Csunset&timezone=auto&forecast_days=1 — retry in 5s
2026-05-26 17:29:57,855 [ERROR] sun times fetch failed after 3 attempts: 502 Server Error: Bad Gateway for url: https://api.open-meteo.com/v1/forecast?latitude=32.72124843064626&longitude=35.12951893020094&daily=sunrise%2Csunset&timezone=auto&forecast_days=1
2026-05-26 17:29:57,855 [ERROR] Sun times failed: Could not fetch sun times: 502 Server Error: Bad Gateway for url: https://api.open-meteo.com/v1/forecast?latitude=32.72124843064626&longitude=35.12951893020094&daily=sunrise%2Csunset&timezone=auto&forecast_days=1
2026-05-26 17:30:11,076 [WARNING] sun times fetch attempt 1/3 failed: ('Connection aborted.', ConnectionResetError(104, 'Connection reset by peer')) — retry in 5s
2026-05-26 17:30:24,763 [WARNING] sun times fetch attempt 2/3 failed: 502 Server Error: Bad Gateway for url: https://api.open-meteo.com/v1/forecast?latitude=32.72124843064626&longitude=35.12951893020094&daily=sunrise%2Csunset&timezone=auto&forecast_days=1 — retry in 5s
2026-05-26 17:30:36,142 [WARNING] sun times fetch attempt 1/3 failed: 502 Server Error: Bad Gateway for url: https://api.open-meteo.com/v1/forecast?latitude=32.72124843064626&longitude=35.12951893020094&daily=sunrise%2Csunset&timezone=auto&forecast_days=1 — retry in 5s
2026-05-26 17:30:37,616 [ERROR] sun times fetch failed after 3 attempts: 502 Server Error: Bad Gateway for url: https://api.open-meteo.com/v1/forecast?latitude=32.72124843064626&longitude=35.12951893020094&daily=sunrise%2Csunset&timezone=auto&forecast_days=1
2026-05-26 17:30:46,937 [WARNING] sun times fetch attempt 1/3 failed: 502 Server Error: Bad Gateway for url: https://api.open-meteo.com/v1/forecast?latitude=32.72124843064626&longitude=35.12951893020094&daily=sunrise%2Csunset&timezone=auto&forecast_days=1 — retry in 5s
2026-05-26 17:30:47,023 [WARNING] sun times fetch attempt 2/3 failed: 502 Server Error: Bad Gateway for url: https://api.open-meteo.com/v1/forecast?latitude=32.72124843064626&longitude=35.12951893020094&daily=sunrise%2Csunset&timezone=auto&forecast_days=1 — retry in 5s
2026-05-26 17:30:55,998 [WARNING] sun times fetch attempt 2/3 failed: ('Connection aborted.', ConnectionResetError(104, 'Connection reset by peer')) — retry in 5s
2026-05-26 17:31:02,729 [ERROR] sun times fetch failed after 3 attempts: 504 Server Error: Gateway Time-out for url: https://api.open-meteo.com/v1/forecast?latitude=32.72124843064626&longitude=35.12951893020094&daily=sunrise%2Csunset&timezone=auto&forecast_days=1
2026-05-26 17:31:02,729 [ERROR] Sun times failed: Could not fetch sun times: 504 Server Error: Gateway Time-out for url: https://api.open-meteo.com/v1/forecast?latitude=32.72124843064626&longitude=35.12951893020094&daily=sunrise%2Csunset&timezone=auto&forecast_days=1
2026-05-26 17:31:04,303 [ERROR] sun times fetch failed after 3 attempts: ('Connection aborted.', ConnectionResetError(104, 'Connection reset by peer'))
2026-05-26 17:31:12,684 [WARNING] sun times fetch attempt 1/3 failed: 502 Server Error: Bad Gateway for url: https://api.open-meteo.com/v1/forecast?latitude=32.72124843064626&longitude=35.12951893020094&daily=sunrise%2Csunset&timezone=auto&forecast_days=1 — retry in 5s
2026-05-26 17:31:17,860 [WARNING] sun times fetch attempt 2/3 failed: ('Connection aborted.', ConnectionResetError(104, 'Connection reset by peer')) — retry in 5s
2026-05-26 17:31:22,947 [ERROR] sun times fetch failed after 3 attempts: HTTPSConnectionPool(host='api.open-meteo.com', port=443): Max retries exceeded with url: /v1/forecast?latitude=32.72124843064626&longitude=35.12951893020094&daily=sunrise%2Csunset&timezone=auto&forecast_days=1 (Caused by NewConnectionError("HTTPSConnection(host='api.open-meteo.com', port=443): Failed to establish a new connection: [Errno 111] Connection refused"))
2026-05-26 17:31:42,755 [WARNING] sun times fetch attempt 1/3 failed: HTTPSConnectionPool(host='api.open-meteo.com', port=443): Max retries exceeded with url: /v1/forecast?latitude=32.72124843064626&longitude=35.12951893020094&daily=sunrise%2Csunset&timezone=auto&forecast_days=1 (Caused by ConnectTimeoutError(<HTTPSConnection(host='api.open-meteo.com', port=443) at 0x7898c532bd90>, 'Connection to api.open-meteo.com timed out. (connect timeout=10)')) — retry in 5s
2026-05-26 17:31:47,801 [WARNING] sun times fetch attempt 1/3 failed: HTTPSConnectionPool(host='api.open-meteo.com', port=443): Max retries exceeded with url: /v1/forecast?latitude=32.72124843064626&longitude=35.12951893020094&daily=sunrise%2Csunset&timezone=auto&forecast_days=1 (Caused by ConnectTimeoutError(<HTTPSConnection(host='api.open-meteo.com', port=443) at 0x7898c532bb10>, 'Connection to api.open-meteo.com timed out. (connect timeout=10)')) — retry in 5s
2026-05-26 17:31:57,770 [WARNING] sun times fetch attempt 2/3 failed: HTTPSConnectionPool(host='api.open-meteo.com', port=443): Max retries exceeded with url: /v1/forecast?latitude=32.72124843064626&longitude=35.12951893020094&daily=sunrise%2Csunset&timezone=auto&forecast_days=1 (Caused by ConnectTimeoutError(<HTTPSConnection(host='api.open-meteo.com', port=443) at 0x7898c532ad50>, 'Connection to api.open-meteo.com timed out. (connect timeout=10)')) — retry in 5s
2026-05-26 17:32:02,821 [WARNING] sun times fetch attempt 2/3 failed: HTTPSConnectionPool(host='api.open-meteo.com', port=443): Max retries exceeded with url: /v1/forecast?latitude=32.72124843064626&longitude=35.12951893020094&daily=sunrise%2Csunset&timezone=auto&forecast_days=1 (Caused by ConnectTimeoutError(<HTTPSConnection(host='api.open-meteo.com', port=443) at 0x7898c532b610>, 'Connection to api.open-meteo.com timed out. (connect timeout=10)')) — retry in 5s
2026-05-26 17:32:12,821 [ERROR] sun times fetch failed after 3 attempts: HTTPSConnectionPool(host='api.open-meteo.com', port=443): Max retries exceeded with url: /v1/forecast?latitude=32.72124843064626&longitude=35.12951893020094&daily=sunrise%2Csunset&timezone=auto&forecast_days=1 (Caused by ConnectTimeoutError(<HTTPSConnection(host='api.open-meteo.com', port=443) at 0x7898c532a710>, 'Connection to api.open-meteo.com timed out. (connect timeout=10)'))
2026-05-26 17:32:12,822 [ERROR] Sun times failed: Could not fetch sun times: HTTPSConnectionPool(host='api.open-meteo.com', port=443): Max retries exceeded with url: /v1/forecast?latitude=32.72124843064626&longitude=35.12951893020094&daily=sunrise%2Csunset&timezone=auto&forecast_days=1 (Caused by ConnectTimeoutError(<HTTPSConnection(host='api.open-meteo.com', port=443) at 0x7898c532a710>, 'Connection to api.open-meteo.com timed out. (connect timeout=10)'))
2026-05-26 17:32:17,848 [ERROR] sun times fetch failed after 3 attempts: HTTPSConnectionPool(host='api.open-meteo.com', port=443): Max retries exceeded with url: /v1/forecast?latitude=32.72124843064626&longitude=35.12951893020094&daily=sunrise%2Csunset&timezone=auto&forecast_days=1 (Caused by ConnectTimeoutError(<HTTPSConnection(host='api.open-meteo.com', port=443) at 0x7898c56e9590>, 'Connection to api.open-meteo.com timed out. (connect timeout=10)'))
2026-05-26 17:32:47,850 [WARNING] sun times fetch attempt 1/3 failed: HTTPSConnectionPool(host='api.open-meteo.com', port=443): Max retries exceeded with url: /v1/forecast?latitude=32.72124843064626&longitude=35.12951893020094&daily=sunrise%2Csunset&timezone=auto&forecast_days=1 (Caused by ConnectTimeoutError(<HTTPSConnection(host='api.open-meteo.com', port=443) at 0x7898c56e9090>, 'Connection to api.open-meteo.com timed out. (connect timeout=10)')) — retry in 5s
2026-05-26 17:32:52,833 [WARNING] sun times fetch attempt 1/3 failed: HTTPSConnectionPool(host='api.open-meteo.com', port=443): Max retries exceeded with url: /v1/forecast?latitude=32.72124843064626&longitude=35.12951893020094&daily=sunrise%2Csunset&timezone=auto&forecast_days=1 (Caused by ConnectTimeoutError(<HTTPSConnection(host='api.open-meteo.com', port=443) at 0x7898c532b9d0>, 'Connection to api.open-meteo.com timed out. (connect timeout=10)')) — retry in 5s
2026-05-26 17:33:02,870 [WARNING] sun times fetch attempt 2/3 failed: HTTPSConnectionPool(host='api.open-meteo.com', port=443): Max retries exceeded with url: /v1/forecast?latitude=32.72124843064626&longitude=35.12951893020094&daily=sunrise%2Csunset&timezone=auto&forecast_days=1 (Caused by ConnectTimeoutError(<HTTPSConnection(host='api.open-meteo.com', port=443) at 0x7898c532a850>, 'Connection to api.open-meteo.com timed out. (connect timeout=10)')) — retry in 5s
2026-05-26 17:33:13,366 [WARNING] sun times fetch attempt 2/3 failed: HTTPSConnectionPool(host='api.open-meteo.com', port=443): Read timed out. (read timeout=10) — retry in 5s
2026-05-26 17:33:16,155 [ERROR] sun times fetch failed after 3 attempts: 502 Server Error: Bad Gateway for url: https://api.open-meteo.com/v1/forecast?latitude=32.72124843064626&longitude=35.12951893020094&daily=sunrise%2Csunset&timezone=auto&forecast_days=1
2026-05-26 17:33:29,228 [ERROR] sun times fetch failed after 3 attempts: 504 Server Error: Gateway Time-out for url: https://api.open-meteo.com/v1/forecast?latitude=32.72124843064626&longitude=35.12951893020094&daily=sunrise%2Csunset&timezone=auto&forecast_days=1
2026-05-26 17:33:29,228 [ERROR] Sun times failed: Could not fetch sun times: 504 Server Error: Gateway Time-out for url: https://api.open-meteo.com/v1/forecast?latitude=32.72124843064626&longitude=35.12951893020094&daily=sunrise%2Csunset&timezone=auto&forecast_days=1
2026-05-26 17:33:43,375 [WARNING] sun times fetch attempt 1/3 failed: 502 Server Error: Bad Gateway for url: https://api.open-meteo.com/v1/forecast?latitude=32.72124843064626&longitude=35.12951893020094&daily=sunrise%2Csunset&timezone=auto&forecast_days=1 — retry in 5s
2026-05-26 17:33:59,784 [WARNING] sun times fetch attempt 2/3 failed: HTTPSConnectionPool(host='api.open-meteo.com', port=443): Read timed out. (read timeout=10) — retry in 5s
2026-05-26 17:34:06,553 [WARNING] sun times fetch attempt 1/3 failed: 502 Server Error: Bad Gateway for url: https://api.open-meteo.com/v1/forecast?latitude=32.72124843064626&longitude=35.12951893020094&daily=sunrise%2Csunset&timezone=auto&forecast_days=1 — retry in 5s
2026-05-26 17:34:16,936 [ERROR] sun times fetch failed after 3 attempts: 504 Server Error: Gateway Time-out for url: https://api.open-meteo.com/v1/forecast?latitude=32.72124843064626&longitude=35.12951893020094&daily=sunrise%2Csunset&timezone=auto&forecast_days=1
2026-05-26 17:34:19,664 [WARNING] sun times fetch attempt 2/3 failed: 502 Server Error: Bad Gateway for url: https://api.open-meteo.com/v1/forecast?latitude=32.72124843064626&longitude=35.12951893020094&daily=sunrise%2Csunset&timezone=auto&forecast_days=1 — retry in 5s
2026-05-26 17:34:34,062 [ERROR] sun times fetch failed after 3 attempts: 502 Server Error: Bad Gateway for url: https://api.open-meteo.com/v1/forecast?latitude=32.72124843064626&longitude=35.12951893020094&daily=sunrise%2Csunset&timezone=auto&forecast_days=1
2026-05-26 17:34:34,063 [ERROR] Sun times failed: Could not fetch sun times: 502 Server Error: Bad Gateway for url: https://api.open-meteo.com/v1/forecast?latitude=32.72124843064626&longitude=35.12951893020094&daily=sunrise%2Csunset&timezone=auto&forecast_days=1
2026-05-26 17:34:43,766 [WARNING] sun times fetch attempt 1/3 failed: 502 Server Error: Bad Gateway for url: https://api.open-meteo.com/v1/forecast?latitude=32.72124843064626&longitude=35.12951893020094&daily=sunrise%2Csunset&timezone=auto&forecast_days=1 — retry in 5s
2026-05-26 17:34:55,492 [WARNING] sun times fetch attempt 2/3 failed: 502 Server Error: Bad Gateway for url: https://api.open-meteo.com/v1/forecast?latitude=32.72124843064626&longitude=35.12951893020094&daily=sunrise%2Csunset&timezone=auto&forecast_days=1 — retry in 5s
2026-05-26 17:35:11,471 [ERROR] sun times fetch failed after 3 attempts: HTTPSConnectionPool(host='api.open-meteo.com', port=443): Read timed out. (read timeout=10)
2026-05-26 17:35:12,283 [WARNING] sun times fetch attempt 1/3 failed: 502 Server Error: Bad Gateway for url: https://api.open-meteo.com/v1/forecast?latitude=32.72124843064626&longitude=35.12951893020094&daily=sunrise%2Csunset&timezone=auto&forecast_days=1 — retry in 5s
2026-05-26 17:35:24,891 [WARNING] sun times fetch attempt 2/3 failed: 502 Server Error: Bad Gateway for url: https://api.open-meteo.com/v1/forecast?latitude=32.72124843064626&longitude=35.12951893020094&daily=sunrise%2Csunset&timezone=auto&forecast_days=1 — retry in 5s
2026-05-26 17:35:35,682 [ERROR] sun times fetch failed after 3 attempts: 502 Server Error: Bad Gateway for url: https://api.open-meteo.com/v1/forecast?latitude=32.72124843064626&longitude=35.12951893020094&daily=sunrise%2Csunset&timezone=auto&forecast_days=1
2026-05-26 17:35:35,682 [ERROR] Sun times failed: Could not fetch sun times: 502 Server Error: Bad Gateway for url: https://api.open-meteo.com/v1/forecast?latitude=32.72124843064626&longitude=35.12951893020094&daily=sunrise%2Csunset&timezone=auto&forecast_days=1
2026-05-26 17:35:50,348 [WARNING] sun times fetch attempt 1/3 failed: HTTPSConnectionPool(host='api.open-meteo.com', port=443): Read timed out. (read timeout=10) — retry in 5s
2026-05-26 17:35:57,534 [WARNING] sun times fetch attempt 2/3 failed: 502 Server Error: Bad Gateway for url: https://api.open-meteo.com/v1/forecast?latitude=32.72124843064626&longitude=35.12951893020094&daily=sunrise%2Csunset&timezone=auto&forecast_days=1 — retry in 5s
2026-05-26 17:36:13,558 [ERROR] sun times fetch failed after 3 attempts: HTTPSConnectionPool(host='api.open-meteo.com', port=443): Read timed out. (read timeout=10)
2026-05-26 17:36:14,123 [WARNING] sun times fetch attempt 1/3 failed: 504 Server Error: Gateway Time-out for url: https://api.open-meteo.com/v1/forecast?latitude=32.72124843064626&longitude=35.12951893020094&daily=sunrise%2Csunset&timezone=auto&forecast_days=1 — retry in 5s
2026-05-26 17:36:28,215 [WARNING] sun times fetch attempt 2/3 failed: 504 Server Error: Gateway Time-out for url: https://api.open-meteo.com/v1/forecast?latitude=32.72124843064626&longitude=35.12951893020094&daily=sunrise%2Csunset&timezone=auto&forecast_days=1 — retry in 5s
2026-05-26 17:36:36,902 [ERROR] sun times fetch failed after 3 attempts: 502 Server Error: Bad Gateway for url: https://api.open-meteo.com/v1/forecast?latitude=32.72124843064626&longitude=35.12951893020094&daily=sunrise%2Csunset&timezone=auto&forecast_days=1
2026-05-26 17:36:36,902 [ERROR] Sun times failed: Could not fetch sun times: 502 Server Error: Bad Gateway for url: https://api.open-meteo.com/v1/forecast?latitude=32.72124843064626&longitude=35.12951893020094&daily=sunrise%2Csunset&timezone=auto&forecast_days=1
2026-05-26 17:36:44,865 [WARNING] sun times fetch attempt 1/3 failed: 502 Server Error: Bad Gateway for url: https://api.open-meteo.com/v1/forecast?latitude=32.72124843064626&longitude=35.12951893020094&daily=sunrise%2Csunset&timezone=auto&forecast_days=1 — retry in 5s
2026-05-26 17:36:53,376 [WARNING] sun times fetch attempt 2/3 failed: 502 Server Error: Bad Gateway for url: https://api.open-meteo.com/v1/forecast?latitude=32.72124843064626&longitude=35.12951893020094&daily=sunrise%2Csunset&timezone=auto&forecast_days=1 — retry in 5s
2026-05-26 17:37:02,136 [ERROR] sun times fetch failed after 3 attempts: 502 Server Error: Bad Gateway for url: https://api.open-meteo.com/v1/forecast?latitude=32.72124843064626&longitude=35.12951893020094&daily=sunrise%2Csunset&timezone=auto&forecast_days=1
2026-05-26 17:37:11,394 [WARNING] sun times fetch attempt 1/3 failed: 502 Server Error: Bad Gateway for url: https://api.open-meteo.com/v1/forecast?latitude=32.72124843064626&longitude=35.12951893020094&daily=sunrise%2Csunset&timezone=auto&forecast_days=1 — retry in 5s
2026-05-26 17:37:15,217 [WARNING] sun times fetch attempt 1/3 failed: 502 Server Error: Bad Gateway for url: https://api.open-meteo.com/v1/forecast?latitude=32.72124843064626&longitude=35.12951893020094&daily=sunrise%2Csunset&timezone=auto&forecast_days=1 — retry in 5s
2026-05-26 17:37:22,893 [WARNING] sun times fetch attempt 2/3 failed: 502 Server Error: Bad Gateway for url: https://api.open-meteo.com/v1/forecast?latitude=32.72124843064626&longitude=35.12951893020094&daily=sunrise%2Csunset&timezone=auto&forecast_days=1 — retry in 5s
2026-05-26 17:37:31,302 [WARNING] sun times fetch attempt 2/3 failed: 504 Server Error: Gateway Time-out for url: https://api.open-meteo.com/v1/forecast?latitude=32.72124843064626&longitude=35.12951893020094&daily=sunrise%2Csunset&timezone=auto&forecast_days=1 — retry in 5s
2026-05-26 17:37:34,540 [ERROR] sun times fetch failed after 3 attempts: 502 Server Error: Bad Gateway for url: https://api.open-meteo.com/v1/forecast?latitude=32.72124843064626&longitude=35.12951893020094&daily=sunrise%2Csunset&timezone=auto&forecast_days=1
2026-05-26 17:37:43,188 [ERROR] sun times fetch failed after 3 attempts: 502 Server Error: Bad Gateway for url: https://api.open-meteo.com/v1/forecast?latitude=32.72124843064626&longitude=35.12951893020094&daily=sunrise%2Csunset&timezone=auto&forecast_days=1
2026-05-26 17:37:43,188 [ERROR] Sun times failed: Could not fetch sun times: 502 Server Error: Bad Gateway for url: https://api.open-meteo.com/v1/forecast?latitude=32.72124843064626&longitude=35.12951893020094&daily=sunrise%2Csunset&timezone=auto&forecast_days=1
2026-05-26 17:37:49,245 [WARNING] sun times fetch attempt 1/3 failed: HTTPSConnectionPool(host='api.open-meteo.com', port=443): Read timed out. (read timeout=10) — retry in 5s
2026-05-26 17:38:01,466 [WARNING] sun times fetch attempt 2/3 failed: 502 Server Error: Bad Gateway for url: https://api.open-meteo.com/v1/forecast?latitude=32.72124843064626&longitude=35.12951893020094&daily=sunrise%2Csunset&timezone=auto&forecast_days=1 — retry in 5s
2026-05-26 17:38:18,151 [WARNING] sun times fetch attempt 1/3 failed: 502 Server Error: Bad Gateway for url: https://api.open-meteo.com/v1/forecast?latitude=32.72124843064626&longitude=35.12951893020094&daily=sunrise%2Csunset&timezone=auto&forecast_days=1 — retry in 5s
2026-05-26 17:38:22,934 [ERROR] sun times fetch failed after 3 attempts: HTTPSConnectionPool(host='api.open-meteo.com', port=443): Read timed out. (read timeout=10)
2026-05-26 17:38:27,242 [WARNING] sun times fetch attempt 2/3 failed: ('Connection aborted.', ConnectionResetError(104, 'Connection reset by peer')) — retry in 5s
2026-05-26 17:38:41,611 [ERROR] sun times fetch failed after 3 attempts: 502 Server Error: Bad Gateway for url: https://api.open-meteo.com/v1/forecast?latitude=32.72124843064626&longitude=35.12951893020094&daily=sunrise%2Csunset&timezone=auto&forecast_days=1
2026-05-26 17:38:41,612 [ERROR] Sun times failed: Could not fetch sun times: 502 Server Error: Bad Gateway for url: https://api.open-meteo.com/v1/forecast?latitude=32.72124843064626&longitude=35.12951893020094&daily=sunrise%2Csunset&timezone=auto&forecast_days=1
2026-05-26 17:38:44,154 [WARNING] sun times fetch attempt 1/3 failed: 502 Server Error: Bad Gateway for url: https://api.open-meteo.com/v1/forecast?latitude=32.72124843064626&longitude=35.12951893020094&daily=sunrise%2Csunset&timezone=auto&forecast_days=1 — retry in 5s
2026-05-26 17:38:55,153 [WARNING] sun times fetch attempt 2/3 failed: 502 Server Error: Bad Gateway for url: https://api.open-meteo.com/v1/forecast?latitude=32.72124843064626&longitude=35.12951893020094&daily=sunrise%2Csunset&timezone=auto&forecast_days=1 — retry in 5s
2026-05-26 17:39:05,179 [ERROR] sun times fetch failed after 3 attempts: 502 Server Error: Bad Gateway for url: https://api.open-meteo.com/v1/forecast?latitude=32.72124843064626&longitude=35.12951893020094&daily=sunrise%2Csunset&timezone=auto&forecast_days=1
2026-05-26 17:39:14,894 [WARNING] sun times fetch attempt 1/3 failed: 502 Server Error: Bad Gateway for url: https://api.open-meteo.com/v1/forecast?latitude=32.72124843064626&longitude=35.12951893020094&daily=sunrise%2Csunset&timezone=auto&forecast_days=1 — retry in 5s
2026-05-26 17:39:21,988 [WARNING] sun times fetch attempt 1/3 failed: 502 Server Error: Bad Gateway for url: https://api.open-meteo.com/v1/forecast?latitude=32.72124843064626&longitude=35.12951893020094&daily=sunrise%2Csunset&timezone=auto&forecast_days=1 — retry in 5s
2026-05-26 17:39:24,554 [WARNING] sun times fetch attempt 2/3 failed: 502 Server Error: Bad Gateway for url: https://api.open-meteo.com/v1/forecast?latitude=32.72124843064626&longitude=35.12951893020094&daily=sunrise%2Csunset&timezone=auto&forecast_days=1 — retry in 5s
2026-05-26 17:39:34,028 [WARNING] sun times fetch attempt 2/3 failed: 502 Server Error: Bad Gateway for url: https://api.open-meteo.com/v1/forecast?latitude=32.72124843064626&longitude=35.12951893020094&daily=sunrise%2Csunset&timezone=auto&forecast_days=1 — retry in 5s
2026-05-26 17:39:37,357 [ERROR] sun times fetch failed after 3 attempts: 502 Server Error: Bad Gateway for url: https://api.open-meteo.com/v1/forecast?latitude=32.72124843064626&longitude=35.12951893020094&daily=sunrise%2Csunset&timezone=auto&forecast_days=1
2026-05-26 17:39:42,383 [ERROR] sun times fetch failed after 3 attempts: 502 Server Error: Bad Gateway for url: https://api.open-meteo.com/v1/forecast?latitude=32.72124843064626&longitude=35.12951893020094&daily=sunrise%2Csunset&timezone=auto&forecast_days=1
2026-05-26 17:39:42,383 [ERROR] Sun times failed: Could not fetch sun times: 502 Server Error: Bad Gateway for url: https://api.open-meteo.com/v1/forecast?latitude=32.72124843064626&longitude=35.12951893020094&daily=sunrise%2Csunset&timezone=auto&forecast_days=1
2026-05-26 17:39:42,563 [WARNING] sun times fetch attempt 1/3 failed: 502 Server Error: Bad Gateway for url: https://api.open-meteo.com/v1/forecast?latitude=32.72124843064626&longitude=35.12951893020094&daily=sunrise%2Csunset&timezone=auto&forecast_days=1 — retry in 5s
2026-05-26 17:39:52,523 [WARNING] sun times fetch attempt 2/3 failed: 502 Server Error: Bad Gateway for url: https://api.open-meteo.com/v1/forecast?latitude=32.72124843064626&longitude=35.12951893020094&daily=sunrise%2Csunset&timezone=auto&forecast_days=1 — retry in 5s
2026-05-26 17:40:09,435 [ERROR] sun times fetch failed after 3 attempts: HTTPSConnectionPool(host='api.open-meteo.com', port=443): Read timed out. (read timeout=10)
2026-05-26 17:40:28,356 [WARNING] sun times fetch attempt 1/3 failed: 502 Server Error: Bad Gateway for url: https://api.open-meteo.com/v1/forecast?latitude=32.72124843064626&longitude=35.12951893020094&daily=sunrise%2Csunset&timezone=auto&forecast_days=1 — retry in 5s
2026-05-26 17:40:39,929 [WARNING] sun times fetch attempt 2/3 failed: 502 Server Error: Bad Gateway for url: https://api.open-meteo.com/v1/forecast?latitude=32.72124843064626&longitude=35.12951893020094&daily=sunrise%2Csunset&timezone=auto&forecast_days=1 — retry in 5s
2026-05-26 17:40:44,373 [WARNING] sun times fetch attempt 1/3 failed: 502 Server Error: Bad Gateway for url: https://api.open-meteo.com/v1/forecast?latitude=32.72124843064626&longitude=35.12951893020094&daily=sunrise%2Csunset&timezone=auto&forecast_days=1 — retry in 5s
2026-05-26 17:40:53,846 [ERROR] sun times fetch failed after 3 attempts: 502 Server Error: Bad Gateway for url: https://api.open-meteo.com/v1/forecast?latitude=32.72124843064626&longitude=35.12951893020094&daily=sunrise%2Csunset&timezone=auto&forecast_days=1
2026-05-26 17:40:53,846 [ERROR] Sun times failed: Could not fetch sun times: 502 Server Error: Bad Gateway for url: https://api.open-meteo.com/v1/forecast?latitude=32.72124843064626&longitude=35.12951893020094&daily=sunrise%2Csunset&timezone=auto&forecast_days=1
2026-05-26 17:40:55,913 [WARNING] sun times fetch attempt 2/3 failed: 502 Server Error: Bad Gateway for url: https://api.open-meteo.com/v1/forecast?latitude=32.72124843064626&longitude=35.12951893020094&daily=sunrise%2Csunset&timezone=auto&forecast_days=1 — retry in 5s
2026-05-26 17:41:12,403 [ERROR] sun times fetch failed after 3 attempts: 504 Server Error: Gateway Time-out for url: https://api.open-meteo.com/v1/forecast?latitude=32.72124843064626&longitude=35.12951893020094&daily=sunrise%2Csunset&timezone=auto&forecast_days=1
2026-05-26 17:41:29,926 [WARNING] sun times fetch attempt 1/3 failed: 502 Server Error: Bad Gateway for url: https://api.open-meteo.com/v1/forecast?latitude=32.72124843064626&longitude=35.12951893020094&daily=sunrise%2Csunset&timezone=auto&forecast_days=1 — retry in 5s
2026-05-26 17:41:42,169 [WARNING] sun times fetch attempt 1/3 failed: 502 Server Error: Bad Gateway for url: https://api.open-meteo.com/v1/forecast?latitude=32.72124843064626&longitude=35.12951893020094&daily=sunrise%2Csunset&timezone=auto&forecast_days=1 — retry in 5s
2026-05-26 17:41:48,242 [WARNING] sun times fetch attempt 2/3 failed: HTTPSConnectionPool(host='api.open-meteo.com', port=443): Read timed out. (read timeout=10) — retry in 5s
2026-05-26 17:41:50,300 [WARNING] sun times fetch attempt 2/3 failed: 502 Server Error: Bad Gateway for url: https://api.open-meteo.com/v1/forecast?latitude=32.72124843064626&longitude=35.12951893020094&daily=sunrise%2Csunset&timezone=auto&forecast_days=1 — retry in 5s
2026-05-26 17:42:00,428 [ERROR] sun times fetch failed after 3 attempts: 502 Server Error: Bad Gateway for url: https://api.open-meteo.com/v1/forecast?latitude=32.72124843064626&longitude=35.12951893020094&daily=sunrise%2Csunset&timezone=auto&forecast_days=1
2026-05-26 17:42:00,428 [ERROR] Sun times failed: Could not fetch sun times: 502 Server Error: Bad Gateway for url: https://api.open-meteo.com/v1/forecast?latitude=32.72124843064626&longitude=35.12951893020094&daily=sunrise%2Csunset&timezone=auto&forecast_days=1
2026-05-26 17:42:07,679 [ERROR] sun times fetch failed after 3 attempts: HTTPSConnectionPool(host='api.open-meteo.com', port=443): Read timed out. (read timeout=10)
2026-05-26 17:42:14,478 [WARNING] sun times fetch attempt 1/3 failed: 502 Server Error: Bad Gateway for url: https://api.open-meteo.com/v1/forecast?latitude=32.72124843064626&longitude=35.12951893020094&daily=sunrise%2Csunset&timezone=auto&forecast_days=1 — retry in 5s
2026-05-26 17:42:25,163 [WARNING] sun times fetch attempt 2/3 failed: 502 Server Error: Bad Gateway for url: https://api.open-meteo.com/v1/forecast?latitude=32.72124843064626&longitude=35.12951893020094&daily=sunrise%2Csunset&timezone=auto&forecast_days=1 — retry in 5s
2026-05-26 17:42:37,572 [ERROR] sun times fetch failed after 3 attempts: 502 Server Error: Bad Gateway for url: https://api.open-meteo.com/v1/forecast?latitude=32.72124843064626&longitude=35.12951893020094&daily=sunrise%2Csunset&timezone=auto&forecast_days=1
2026-05-26 17:42:38,389 [WARNING] sun times fetch attempt 1/3 failed: 502 Server Error: Bad Gateway for url: https://api.open-meteo.com/v1/forecast?latitude=32.72124843064626&longitude=35.12951893020094&daily=sunrise%2Csunset&timezone=auto&forecast_days=1 — retry in 5s
2026-05-26 17:42:44,485 [WARNING] sun times fetch attempt 1/3 failed: 502 Server Error: Bad Gateway for url: https://api.open-meteo.com/v1/forecast?latitude=32.72124843064626&longitude=35.12951893020094&daily=sunrise%2Csunset&timezone=auto&forecast_days=1 — retry in 5s
2026-05-26 17:42:52,802 [WARNING] sun times fetch attempt 2/3 failed: 502 Server Error: Bad Gateway for url: https://api.open-meteo.com/v1/forecast?latitude=32.72124843064626&longitude=35.12951893020094&daily=sunrise%2Csunset&timezone=auto&forecast_days=1 — retry in 5s
2026-05-26 17:43:01,098 [WARNING] sun times fetch attempt 2/3 failed: HTTPSConnectionPool(host='api.open-meteo.com', port=443): Read timed out. (read timeout=10) — retry in 5s
2026-05-26 17:43:08,223 [ERROR] sun times fetch failed after 3 attempts: 502 Server Error: Bad Gateway for url: https://api.open-meteo.com/v1/forecast?latitude=32.72124843064626&longitude=35.12951893020094&daily=sunrise%2Csunset&timezone=auto&forecast_days=1
2026-05-26 17:43:08,224 [ERROR] Sun times failed: Could not fetch sun times: 502 Server Error: Bad Gateway for url: https://api.open-meteo.com/v1/forecast?latitude=32.72124843064626&longitude=35.12951893020094&daily=sunrise%2Csunset&timezone=auto&forecast_days=1
2026-05-26 17:43:19,114 [ERROR] sun times fetch failed after 3 attempts: 502 Server Error: Bad Gateway for url: https://api.open-meteo.com/v1/forecast?latitude=32.72124843064626&longitude=35.12951893020094&daily=sunrise%2Csunset&timezone=auto&forecast_days=1
2026-05-26 17:43:40,941 [WARNING] sun times fetch attempt 1/3 failed: 502 Server Error: Bad Gateway for url: https://api.open-meteo.com/v1/forecast?latitude=32.72124843064626&longitude=35.12951893020094&daily=sunrise%2Csunset&timezone=auto&forecast_days=1 — retry in 5s
2026-05-26 17:43:43,044 [WARNING] sun times fetch attempt 1/3 failed: 502 Server Error: Bad Gateway for url: https://api.open-meteo.com/v1/forecast?latitude=32.72124843064626&longitude=35.12951893020094&daily=sunrise%2Csunset&timezone=auto&forecast_days=1 — retry in 5s
2026-05-26 17:43:52,103 [WARNING] sun times fetch attempt 2/3 failed: 502 Server Error: Bad Gateway for url: https://api.open-meteo.com/v1/forecast?latitude=32.72124843064626&longitude=35.12951893020094&daily=sunrise%2Csunset&timezone=auto&forecast_days=1 — retry in 5s
2026-05-26 17:43:53,585 [WARNING] sun times fetch attempt 2/3 failed: 502 Server Error: Bad Gateway for url: https://api.open-meteo.com/v1/forecast?latitude=32.72124843064626&longitude=35.12951893020094&daily=sunrise%2Csunset&timezone=auto&forecast_days=1 — retry in 5s
2026-05-26 17:44:02,760 [ERROR] sun times fetch failed after 3 attempts: 502 Server Error: Bad Gateway for url: https://api.open-meteo.com/v1/forecast?latitude=32.72124843064626&longitude=35.12951893020094&daily=sunrise%2Csunset&timezone=auto&forecast_days=1
2026-05-26 17:44:04,708 [ERROR] sun times fetch failed after 3 attempts: 502 Server Error: Bad Gateway for url: https://api.open-meteo.com/v1/forecast?latitude=32.72124843064626&longitude=35.12951893020094&daily=sunrise%2Csunset&timezone=auto&forecast_days=1
2026-05-26 17:44:04,708 [ERROR] Sun times failed: Could not fetch sun times: 502 Server Error: Bad Gateway for url: https://api.open-meteo.com/v1/forecast?latitude=32.72124843064626&longitude=35.12951893020094&daily=sunrise%2Csunset&timezone=auto&forecast_days=1
2026-05-26 17:44:10,796 [WARNING] sun times fetch attempt 1/3 failed: 502 Server Error: Bad Gateway for url: https://api.open-meteo.com/v1/forecast?latitude=32.72124843064626&longitude=35.12951893020094&daily=sunrise%2Csunset&timezone=auto&forecast_days=1 — retry in 5s
2026-05-26 17:44:19,573 [WARNING] sun times fetch attempt 2/3 failed: 502 Server Error: Bad Gateway for url: https://api.open-meteo.com/v1/forecast?latitude=32.72124843064626&longitude=35.12951893020094&daily=sunrise%2Csunset&timezone=auto&forecast_days=1 — retry in 5s
2026-05-26 17:44:35,123 [ERROR] sun times fetch failed after 3 attempts: 502 Server Error: Bad Gateway for url: https://api.open-meteo.com/v1/forecast?latitude=32.72124843064626&longitude=35.12951893020094&daily=sunrise%2Csunset&timezone=auto&forecast_days=1
2026-05-26 17:44:41,790 [WARNING] sun times fetch attempt 1/3 failed: 502 Server Error: Bad Gateway for url: https://api.open-meteo.com/v1/forecast?latitude=32.72124843064626&longitude=35.12951893020094&daily=sunrise%2Csunset&timezone=auto&forecast_days=1 — retry in 5s
2026-05-26 17:44:48,357 [WARNING] sun times fetch attempt 1/3 failed: HTTPSConnectionPool(host='api.open-meteo.com', port=443): Read timed out. (read timeout=10) — retry in 5s
2026-05-26 17:44:53,534 [WARNING] sun times fetch attempt 2/3 failed: 502 Server Error: Bad Gateway for url: https://api.open-meteo.com/v1/forecast?latitude=32.72124843064626&longitude=35.12951893020094&daily=sunrise%2Csunset&timezone=auto&forecast_days=1 — retry in 5s
2026-05-26 17:44:58,031 [WARNING] sun times fetch attempt 2/3 failed: 502 Server Error: Bad Gateway for url: https://api.open-meteo.com/v1/forecast?latitude=32.72124843064626&longitude=35.12951893020094&daily=sunrise%2Csunset&timezone=auto&forecast_days=1 — retry in 5s
2026-05-26 17:45:11,986 [ERROR] sun times fetch failed after 3 attempts: 502 Server Error: Bad Gateway for url: https://api.open-meteo.com/v1/forecast?latitude=32.72124843064626&longitude=35.12951893020094&daily=sunrise%2Csunset&timezone=auto&forecast_days=1
2026-05-26 17:45:16,540 [ERROR] sun times fetch failed after 3 attempts: 502 Server Error: Bad Gateway for url: https://api.open-meteo.com/v1/forecast?latitude=32.72124843064626&longitude=35.12951893020094&daily=sunrise%2Csunset&timezone=auto&forecast_days=1
2026-05-26 17:45:16,540 [ERROR] Sun times failed: Could not fetch sun times: 502 Server Error: Bad Gateway for url: https://api.open-meteo.com/v1/forecast?latitude=32.72124843064626&longitude=35.12951893020094&daily=sunrise%2Csunset&timezone=auto&forecast_days=1
2026-05-26 17:45:52,852 [WARNING] sun times fetch attempt 1/3 failed: 502 Server Error: Bad Gateway for url: https://api.open-meteo.com/v1/forecast?latitude=32.72124843064626&longitude=35.12951893020094&daily=sunrise%2Csunset&timezone=auto&forecast_days=1 — retry in 5s
2026-05-26 17:45:52,993 [WARNING] sun times fetch attempt 1/3 failed: 502 Server Error: Bad Gateway for url: https://api.open-meteo.com/v1/forecast?latitude=32.72124843064626&longitude=35.12951893020094&daily=sunrise%2Csunset&timezone=auto&forecast_days=1 — retry in 5s
2026-05-26 17:46:01,205 [WARNING] sun times fetch attempt 2/3 failed: 502 Server Error: Bad Gateway for url: https://api.open-meteo.com/v1/forecast?latitude=32.72124843064626&longitude=35.12951893020094&daily=sunrise%2Csunset&timezone=auto&forecast_days=1 — retry in 5s
2026-05-26 17:46:05,160 [WARNING] sun times fetch attempt 2/3 failed: 502 Server Error: Bad Gateway for url: https://api.open-meteo.com/v1/forecast?latitude=32.72124843064626&longitude=35.12951893020094&daily=sunrise%2Csunset&timezone=auto&forecast_days=1 — retry in 5s
2026-05-26 17:46:11,053 [ERROR] sun times fetch failed after 3 attempts: 502 Server Error: Bad Gateway for url: https://api.open-meteo.com/v1/forecast?latitude=32.72124843064626&longitude=35.12951893020094&daily=sunrise%2Csunset&timezone=auto&forecast_days=1
2026-05-26 17:46:11,053 [ERROR] Sun times failed: Could not fetch sun times: 502 Server Error: Bad Gateway for url: https://api.open-meteo.com/v1/forecast?latitude=32.72124843064626&longitude=35.12951893020094&daily=sunrise%2Csunset&timezone=auto&forecast_days=1
2026-05-26 17:46:18,680 [ERROR] sun times fetch failed after 3 attempts: 502 Server Error: Bad Gateway for url: https://api.open-meteo.com/v1/forecast?latitude=32.72124843064626&longitude=35.12951893020094&daily=sunrise%2Csunset&timezone=auto&forecast_days=1
2026-05-26 17:46:50,543 [WARNING] sun times fetch attempt 1/3 failed: HTTPSConnectionPool(host='api.open-meteo.com', port=443): Read timed out. (read timeout=10) — retry in 5s
2026-05-26 17:46:50,911 [WARNING] sun times fetch attempt 1/3 failed: 504 Server Error: Gateway Time-out for url: https://api.open-meteo.com/v1/forecast?latitude=32.72124843064626&longitude=35.12951893020094&daily=sunrise%2Csunset&timezone=auto&forecast_days=1 — retry in 5s
2026-05-26 17:47:00,833 [WARNING] sun times fetch attempt 2/3 failed: ('Connection aborted.', ConnectionResetError(104, 'Connection reset by peer')) — retry in 5s
2026-05-26 17:47:02,524 [WARNING] sun times fetch attempt 2/3 failed: 502 Server Error: Bad Gateway for url: https://api.open-meteo.com/v1/forecast?latitude=32.72124843064626&longitude=35.12951893020094&daily=sunrise%2Csunset&timezone=auto&forecast_days=1 — retry in 5s
2026-05-26 17:47:14,353 [ERROR] sun times fetch failed after 3 attempts: 502 Server Error: Bad Gateway for url: https://api.open-meteo.com/v1/forecast?latitude=32.72124843064626&longitude=35.12951893020094&daily=sunrise%2Csunset&timezone=auto&forecast_days=1
2026-05-26 17:47:14,353 [ERROR] Sun times failed: Could not fetch sun times: 502 Server Error: Bad Gateway for url: https://api.open-meteo.com/v1/forecast?latitude=32.72124843064626&longitude=35.12951893020094&daily=sunrise%2Csunset&timezone=auto&forecast_days=1
2026-05-26 17:47:18,567 [ERROR] sun times fetch failed after 3 attempts: 502 Server Error: Bad Gateway for url: https://api.open-meteo.com/v1/forecast?latitude=32.72124843064626&longitude=35.12951893020094&daily=sunrise%2Csunset&timezone=auto&forecast_days=1
2026-05-26 17:47:43,008 [WARNING] sun times fetch attempt 1/3 failed: 502 Server Error: Bad Gateway for url: https://api.open-meteo.com/v1/forecast?latitude=32.72124843064626&longitude=35.12951893020094&daily=sunrise%2Csunset&timezone=auto&forecast_days=1 — retry in 5s
2026-05-26 17:47:54,628 [WARNING] sun times fetch attempt 1/3 failed: HTTPSConnectionPool(host='api.open-meteo.com', port=443): Read timed out. (read timeout=10) — retry in 5s
2026-05-26 17:47:58,267 [WARNING] sun times fetch attempt 2/3 failed: HTTPSConnectionPool(host='api.open-meteo.com', port=443): Read timed out. (read timeout=10) — retry in 5s
2026-05-26 17:48:01,358 [WARNING] sun times fetch attempt 2/3 failed: 502 Server Error: Bad Gateway for url: https://api.open-meteo.com/v1/forecast?latitude=32.72124843064626&longitude=35.12951893020094&daily=sunrise%2Csunset&timezone=auto&forecast_days=1 — retry in 5s
2026-05-26 17:48:07,848 [ERROR] sun times fetch failed after 3 attempts: 502 Server Error: Bad Gateway for url: https://api.open-meteo.com/v1/forecast?latitude=32.72124843064626&longitude=35.12951893020094&daily=sunrise%2Csunset&timezone=auto&forecast_days=1
2026-05-26 17:48:08,813 [ERROR] sun times fetch failed after 3 attempts: 502 Server Error: Bad Gateway for url: https://api.open-meteo.com/v1/forecast?latitude=32.72124843064626&longitude=35.12951893020094&daily=sunrise%2Csunset&timezone=auto&forecast_days=1
2026-05-26 17:48:08,814 [ERROR] Sun times failed: Could not fetch sun times: 502 Server Error: Bad Gateway for url: https://api.open-meteo.com/v1/forecast?latitude=32.72124843064626&longitude=35.12951893020094&daily=sunrise%2Csunset&timezone=auto&forecast_days=1
2026-05-26 17:48:11,313 [WARNING] sun times fetch attempt 1/3 failed: 502 Server Error: Bad Gateway for url: https://api.open-meteo.com/v1/forecast?latitude=32.72124843064626&longitude=35.12951893020094&daily=sunrise%2Csunset&timezone=auto&forecast_days=1 — retry in 5s
2026-05-26 17:48:19,956 [WARNING] sun times fetch attempt 2/3 failed: 502 Server Error: Bad Gateway for url: https://api.open-meteo.com/v1/forecast?latitude=32.72124843064626&longitude=35.12951893020094&daily=sunrise%2Csunset&timezone=auto&forecast_days=1 — retry in 5s
2026-05-26 17:48:28,262 [ERROR] sun times fetch failed after 3 attempts: 502 Server Error: Bad Gateway for url: https://api.open-meteo.com/v1/forecast?latitude=32.72124843064626&longitude=35.12951893020094&daily=sunrise%2Csunset&timezone=auto&forecast_days=1
2026-05-26 17:48:47,290 [WARNING] sun times fetch attempt 1/3 failed: 502 Server Error: Bad Gateway for url: https://api.open-meteo.com/v1/forecast?latitude=32.72124843064626&longitude=35.12951893020094&daily=sunrise%2Csunset&timezone=auto&forecast_days=1 — retry in 5s
2026-05-26 17:48:49,402 [WARNING] sun times fetch attempt 1/3 failed: HTTPSConnectionPool(host='api.open-meteo.com', port=443): Read timed out. (read timeout=10) — retry in 5s
2026-05-26 17:48:55,531 [WARNING] sun times fetch attempt 2/3 failed: 502 Server Error: Bad Gateway for url: https://api.open-meteo.com/v1/forecast?latitude=32.72124843064626&longitude=35.12951893020094&daily=sunrise%2Csunset&timezone=auto&forecast_days=1 — retry in 5s
2026-05-26 17:49:00,083 [WARNING] sun times fetch attempt 2/3 failed: 502 Server Error: Bad Gateway for url: https://api.open-meteo.com/v1/forecast?latitude=32.72124843064626&longitude=35.12951893020094&daily=sunrise%2Csunset&timezone=auto&forecast_days=1 — retry in 5s
2026-05-26 17:49:11,659 [ERROR] sun times fetch failed after 3 attempts: HTTPSConnectionPool(host='api.open-meteo.com', port=443): Read timed out. (read timeout=10)
2026-05-26 17:49:11,660 [ERROR] Sun times failed: Could not fetch sun times: HTTPSConnectionPool(host='api.open-meteo.com', port=443): Read timed out. (read timeout=10)
2026-05-26 17:49:11,785 [ERROR] sun times fetch failed after 3 attempts: 502 Server Error: Bad Gateway for url: https://api.open-meteo.com/v1/forecast?latitude=32.72124843064626&longitude=35.12951893020094&daily=sunrise%2Csunset&timezone=auto&forecast_days=1
2026-05-26 17:49:42,056 [WARNING] sun times fetch attempt 1/3 failed: 502 Server Error: Bad Gateway for url: https://api.open-meteo.com/v1/forecast?latitude=32.72124843064626&longitude=35.12951893020094&daily=sunrise%2Csunset&timezone=auto&forecast_days=1 — retry in 5s
2026-05-26 17:49:44,666 [WARNING] sun times fetch attempt 1/3 failed: 502 Server Error: Bad Gateway for url: https://api.open-meteo.com/v1/forecast?latitude=32.72124843064626&longitude=35.12951893020094&daily=sunrise%2Csunset&timezone=auto&forecast_days=1 — retry in 5s
2026-05-26 17:49:52,180 [WARNING] sun times fetch attempt 2/3 failed: 502 Server Error: Bad Gateway for url: https://api.open-meteo.com/v1/forecast?latitude=32.72124843064626&longitude=35.12951893020094&daily=sunrise%2Csunset&timezone=auto&forecast_days=1 — retry in 5s
2026-05-26 17:49:55,676 [WARNING] sun times fetch attempt 2/3 failed: 502 Server Error: Bad Gateway for url: https://api.open-meteo.com/v1/forecast?latitude=32.72124843064626&longitude=35.12951893020094&daily=sunrise%2Csunset&timezone=auto&forecast_days=1 — retry in 5s
2026-05-26 17:50:05,338 [ERROR] sun times fetch failed after 3 attempts: 502 Server Error: Bad Gateway for url: https://api.open-meteo.com/v1/forecast?latitude=32.72124843064626&longitude=35.12951893020094&daily=sunrise%2Csunset&timezone=auto&forecast_days=1
2026-05-26 17:50:07,062 [ERROR] sun times fetch failed after 3 attempts: 502 Server Error: Bad Gateway for url: https://api.open-meteo.com/v1/forecast?latitude=32.72124843064626&longitude=35.12951893020094&daily=sunrise%2Csunset&timezone=auto&forecast_days=1
2026-05-26 17:50:07,063 [ERROR] Sun times failed: Could not fetch sun times: 502 Server Error: Bad Gateway for url: https://api.open-meteo.com/v1/forecast?latitude=32.72124843064626&longitude=35.12951893020094&daily=sunrise%2Csunset&timezone=auto&forecast_days=1
2026-05-26 17:50:18,250 [WARNING] sun times fetch attempt 1/3 failed: 504 Server Error: Gateway Time-out for url: https://api.open-meteo.com/v1/forecast?latitude=32.72124843064626&longitude=35.12951893020094&daily=sunrise%2Csunset&timezone=auto&forecast_days=1 — retry in 5s
2026-05-26 17:50:30,786 [WARNING] sun times fetch attempt 2/3 failed: 502 Server Error: Bad Gateway for url: https://api.open-meteo.com/v1/forecast?latitude=32.72124843064626&longitude=35.12951893020094&daily=sunrise%2Csunset&timezone=auto&forecast_days=1 — retry in 5s
2026-05-26 17:50:42,281 [ERROR] sun times fetch failed after 3 attempts: 502 Server Error: Bad Gateway for url: https://api.open-meteo.com/v1/forecast?latitude=32.72124843064626&longitude=35.12951893020094&daily=sunrise%2Csunset&timezone=auto&forecast_days=1
2026-05-26 17:50:43,035 [WARNING] sun times fetch attempt 1/3 failed: 502 Server Error: Bad Gateway for url: https://api.open-meteo.com/v1/forecast?latitude=32.72124843064626&longitude=35.12951893020094&daily=sunrise%2Csunset&timezone=auto&forecast_days=1 — retry in 5s
2026-05-26 17:50:55,899 [WARNING] sun times fetch attempt 2/3 failed: 502 Server Error: Bad Gateway for url: https://api.open-meteo.com/v1/forecast?latitude=32.72124843064626&longitude=35.12951893020094&daily=sunrise%2Csunset&timezone=auto&forecast_days=1 — retry in 5s
2026-05-26 17:51:07,566 [ERROR] sun times fetch failed after 3 attempts: 502 Server Error: Bad Gateway for url: https://api.open-meteo.com/v1/forecast?latitude=32.72124843064626&longitude=35.12951893020094&daily=sunrise%2Csunset&timezone=auto&forecast_days=1
2026-05-26 17:51:07,566 [ERROR] Sun times failed: Could not fetch sun times: 502 Server Error: Bad Gateway for url: https://api.open-meteo.com/v1/forecast?latitude=32.72124843064626&longitude=35.12951893020094&daily=sunrise%2Csunset&timezone=auto&forecast_days=1
2026-05-26 17:51:14,505 [WARNING] sun times fetch attempt 1/3 failed: 502 Server Error: Bad Gateway for url: https://api.open-meteo.com/v1/forecast?latitude=32.72124843064626&longitude=35.12951893020094&daily=sunrise%2Csunset&timezone=auto&forecast_days=1 — retry in 5s
2026-05-26 17:51:31,058 [WARNING] sun times fetch attempt 2/3 failed: HTTPSConnectionPool(host='api.open-meteo.com', port=443): Read timed out. (read timeout=10) — retry in 5s
2026-05-26 17:51:42,657 [WARNING] sun times fetch attempt 1/3 failed: 502 Server Error: Bad Gateway for url: https://api.open-meteo.com/v1/forecast?latitude=32.72124843064626&longitude=35.12951893020094&daily=sunrise%2Csunset&timezone=auto&forecast_days=1 — retry in 5s
2026-05-26 17:51:45,063 [ERROR] sun times fetch failed after 3 attempts: 502 Server Error: Bad Gateway for url: https://api.open-meteo.com/v1/forecast?latitude=32.72124843064626&longitude=35.12951893020094&daily=sunrise%2Csunset&timezone=auto&forecast_days=1
2026-05-26 17:51:55,635 [WARNING] sun times fetch attempt 2/3 failed: 502 Server Error: Bad Gateway for url: https://api.open-meteo.com/v1/forecast?latitude=32.72124843064626&longitude=35.12951893020094&daily=sunrise%2Csunset&timezone=auto&forecast_days=1 — retry in 5s
2026-05-26 17:52:10,896 [WARNING] sun times fetch attempt 1/3 failed: 502 Server Error: Bad Gateway for url: https://api.open-meteo.com/v1/forecast?latitude=32.72124843064626&longitude=35.12951893020094&daily=sunrise%2Csunset&timezone=auto&forecast_days=1 — retry in 5s
2026-05-26 17:52:11,674 [ERROR] sun times fetch failed after 3 attempts: 502 Server Error: Bad Gateway for url: https://api.open-meteo.com/v1/forecast?latitude=32.72124843064626&longitude=35.12951893020094&daily=sunrise%2Csunset&timezone=auto&forecast_days=1
2026-05-26 17:52:11,675 [ERROR] Sun times failed: Could not fetch sun times: 502 Server Error: Bad Gateway for url: https://api.open-meteo.com/v1/forecast?latitude=32.72124843064626&longitude=35.12951893020094&daily=sunrise%2Csunset&timezone=auto&forecast_days=1
2026-05-26 17:52:23,068 [WARNING] sun times fetch attempt 2/3 failed: 502 Server Error: Bad Gateway for url: https://api.open-meteo.com/v1/forecast?latitude=32.72124843064626&longitude=35.12951893020094&daily=sunrise%2Csunset&timezone=auto&forecast_days=1 — retry in 5s
2026-05-26 17:52:39,309 [ERROR] sun times fetch failed after 3 attempts: 502 Server Error: Bad Gateway for url: https://api.open-meteo.com/v1/forecast?latitude=32.72124843064626&longitude=35.12951893020094&daily=sunrise%2Csunset&timezone=auto&forecast_days=1
2026-05-26 17:52:46,486 [WARNING] sun times fetch attempt 1/3 failed: 502 Server Error: Bad Gateway for url: https://api.open-meteo.com/v1/forecast?latitude=32.72124843064626&longitude=35.12951893020094&daily=sunrise%2Csunset&timezone=auto&forecast_days=1 — retry in 5s
2026-05-26 17:53:03,992 [WARNING] sun times fetch attempt 2/3 failed: HTTPSConnectionPool(host='api.open-meteo.com', port=443): Read timed out. (read timeout=10) — retry in 5s
2026-05-26 17:53:15,713 [ERROR] sun times fetch failed after 3 attempts: 502 Server Error: Bad Gateway for url: https://api.open-meteo.com/v1/forecast?latitude=32.72124843064626&longitude=35.12951893020094&daily=sunrise%2Csunset&timezone=auto&forecast_days=1
2026-05-26 17:53:15,714 [ERROR] Sun times failed: Could not fetch sun times: 502 Server Error: Bad Gateway for url: https://api.open-meteo.com/v1/forecast?latitude=32.72124843064626&longitude=35.12951893020094&daily=sunrise%2Csunset&timezone=auto&forecast_days=1
2026-05-26 17:53:16,772 [WARNING] sun times fetch attempt 1/3 failed: 504 Server Error: Gateway Time-out for url: https://api.open-meteo.com/v1/forecast?latitude=32.72124843064626&longitude=35.12951893020094&daily=sunrise%2Csunset&timezone=auto&forecast_days=1 — retry in 5s
2026-05-26 17:53:25,238 [WARNING] sun times fetch attempt 2/3 failed: 502 Server Error: Bad Gateway for url: https://api.open-meteo.com/v1/forecast?latitude=32.72124843064626&longitude=35.12951893020094&daily=sunrise%2Csunset&timezone=auto&forecast_days=1 — retry in 5s
2026-05-26 17:53:35,717 [ERROR] sun times fetch failed after 3 attempts: 502 Server Error: Bad Gateway for url: https://api.open-meteo.com/v1/forecast?latitude=32.72124843064626&longitude=35.12951893020094&daily=sunrise%2Csunset&timezone=auto&forecast_days=1
2026-05-26 17:53:44,571 [WARNING] sun times fetch attempt 1/3 failed: 502 Server Error: Bad Gateway for url: https://api.open-meteo.com/v1/forecast?latitude=32.72124843064626&longitude=35.12951893020094&daily=sunrise%2Csunset&timezone=auto&forecast_days=1 — retry in 5s
2026-05-26 17:53:50,876 [WARNING] sun times fetch attempt 1/3 failed: 502 Server Error: Bad Gateway for url: https://api.open-meteo.com/v1/forecast?latitude=32.72124843064626&longitude=35.12951893020094&daily=sunrise%2Csunset&timezone=auto&forecast_days=1 — retry in 5s
2026-05-26 17:53:53,848 [WARNING] sun times fetch attempt 2/3 failed: 502 Server Error: Bad Gateway for url: https://api.open-meteo.com/v1/forecast?latitude=32.72124843064626&longitude=35.12951893020094&daily=sunrise%2Csunset&timezone=auto&forecast_days=1 — retry in 5s
2026-05-26 17:54:02,301 [WARNING] sun times fetch attempt 2/3 failed: 502 Server Error: Bad Gateway for url: https://api.open-meteo.com/v1/forecast?latitude=32.72124843064626&longitude=35.12951893020094&daily=sunrise%2Csunset&timezone=auto&forecast_days=1 — retry in 5s
2026-05-26 17:54:10,051 [ERROR] sun times fetch failed after 3 attempts: 502 Server Error: Bad Gateway for url: https://api.open-meteo.com/v1/forecast?latitude=32.72124843064626&longitude=35.12951893020094&daily=sunrise%2Csunset&timezone=auto&forecast_days=1
2026-05-26 17:54:11,598 [ERROR] sun times fetch failed after 3 attempts: 502 Server Error: Bad Gateway for url: https://api.open-meteo.com/v1/forecast?latitude=32.72124843064626&longitude=35.12951893020094&daily=sunrise%2Csunset&timezone=auto&forecast_days=1
2026-05-26 17:54:11,598 [ERROR] Sun times failed: Could not fetch sun times: 502 Server Error: Bad Gateway for url: https://api.open-meteo.com/v1/forecast?latitude=32.72124843064626&longitude=35.12951893020094&daily=sunrise%2Csunset&timezone=auto&forecast_days=1
2026-05-26 17:54:47,738 [WARNING] sun times fetch attempt 1/3 failed: 502 Server Error: Bad Gateway for url: https://api.open-meteo.com/v1/forecast?latitude=32.72124843064626&longitude=35.12951893020094&daily=sunrise%2Csunset&timezone=auto&forecast_days=1 — retry in 5s
2026-05-26 17:54:48,498 [WARNING] sun times fetch attempt 1/3 failed: 502 Server Error: Bad Gateway for url: https://api.open-meteo.com/v1/forecast?latitude=32.72124843064626&longitude=35.12951893020094&daily=sunrise%2Csunset&timezone=auto&forecast_days=1 — retry in 5s
2026-05-26 17:54:59,448 [WARNING] sun times fetch attempt 2/3 failed: 502 Server Error: Bad Gateway for url: https://api.open-meteo.com/v1/forecast?latitude=32.72124843064626&longitude=35.12951893020094&daily=sunrise%2Csunset&timezone=auto&forecast_days=1 — retry in 5s
2026-05-26 17:55:01,468 [WARNING] sun times fetch attempt 2/3 failed: 502 Server Error: Bad Gateway for url: https://api.open-meteo.com/v1/forecast?latitude=32.72124843064626&longitude=35.12951893020094&daily=sunrise%2Csunset&timezone=auto&forecast_days=1 — retry in 5s
2026-05-26 17:55:07,777 [ERROR] sun times fetch failed after 3 attempts: ('Connection aborted.', ConnectionResetError(104, 'Connection reset by peer'))
2026-05-26 17:55:10,736 [ERROR] sun times fetch failed after 3 attempts: 502 Server Error: Bad Gateway for url: https://api.open-meteo.com/v1/forecast?latitude=32.72124843064626&longitude=35.12951893020094&daily=sunrise%2Csunset&timezone=auto&forecast_days=1
2026-05-26 17:55:10,736 [ERROR] Sun times failed: Could not fetch sun times: 502 Server Error: Bad Gateway for url: https://api.open-meteo.com/v1/forecast?latitude=32.72124843064626&longitude=35.12951893020094&daily=sunrise%2Csunset&timezone=auto&forecast_days=1
2026-05-26 17:55:15,806 [INFO] Scheduler stopped
2026-05-26 17:55:15,807 [INFO] === System Shutdown ===
2026-05-28 20:37:03,927 [INFO] === Boiler Control System Starting ===
2026-05-28 20:37:03,929 [INFO] Loaded runtime settings from data/config/runtime_settings.json
2026-05-28 20:37:03,930 [INFO] Runtime: target=18:40, mode=HA, lut=9pts
2026-05-28 20:37:03,930 [INFO] Configuration loaded
2026-05-28 20:37:04,253 [INFO] Scheduler ready — target 18:40, check 16:40
2026-05-28 20:37:05,901 [INFO] Scheduler started
2026-05-28 20:37:05,901 [INFO] === System Ready ===
2026-05-28 20:37:06,040 [INFO] Sun: ↑05:33 ↓19:39
2026-05-28 20:37:06,417 [INFO] Collected 14 hourly measurements (sunrise→19:39)
2026-05-28 20:37:06,417 [INFO] Calc: avg=24.1°C cloud=46% eff=22.26°C dur=4min sliders=(4,0)
2026-05-28 20:37:06,453 [INFO] Sun: ↑05:33 ↓19:39
2026-05-28 20:37:06,926 [INFO] Collected 14 hourly measurements (sunrise→19:39)
2026-05-28 20:37:06,927 [INFO] Calc: avg=24.1°C cloud=46% eff=22.26°C dur=4min sliders=(4,0)
2026-05-28 20:37:06,927 [INFO] Solar trigger at 18:36 (4min, 2nd=0min)
2026-05-28 20:37:06,927 [INFO] EXECUTE [SOLAR-1ST] 4min via HA
2026-05-28 20:37:06,927 [INFO] HA 1st run: 4min
2026-05-28 20:37:06,966 [INFO] Set input_number.boiler_duration_helper = 4 min
2026-05-28 20:37:06,979 [INFO] Triggered script.start_waterheater_using_ui
2026-05-28 20:37:06,979 [INFO] HA 1st run complete
2026-05-28 20:37:06,982 [INFO] Saved record for 2026-05-28
2026-05-28 20:37:06,983 [INFO] EXECUTE [WEEKLY-1] 2min via HA
2026-05-28 20:37:06,983 [INFO] HA 1st run: 2min
2026-05-28 20:37:07,000 [INFO] Set input_number.boiler_duration_helper = 2 min
2026-05-28 20:37:07,429 [INFO] Triggered script.start_waterheater_using_ui
2026-05-28 20:37:07,430 [INFO] HA 1st run complete
2026-05-28 20:37:07,915 [INFO] MQTT topics — cmd:DvirHome/WaterHeater/cmnd/POWER stat:DvirHome/WaterHeater/stat/POWER tele:DvirHome/WaterHeater/tele/#
2026-05-28 20:37:07,918 [INFO] MQTT connected to 192.168.30.2:1883
2026-05-28 20:37:07,919 [INFO] MQTT subscribed: DvirHome/Boiler/adhoc
2026-05-28 20:37:07,919 [INFO] MQTT subscribed: DvirHome/Boiler/oneshot
2026-05-28 20:37:07,919 [INFO] MQTT subscribed: DvirHome/Boiler/weekly
2026-05-28 20:37:07,922 [INFO] MQTT heartbeat started (300s)
2026-05-28 20:37:08,266 [INFO] MQTT stat: ON
2026-05-28 20:38:35,507 [INFO] MQTT stat: OFF
2026-05-28 20:41:06,249 [INFO] MQTT stat: OFF
2026-05-29 16:40:12,320 [INFO] Sun: ↑05:33 ↓19:40
2026-05-29 16:40:14,638 [INFO] Collected 11 hourly measurements (sunrise→16:40)
2026-05-29 16:40:14,638 [INFO] Calc: avg=24.3°C cloud=34% eff=22.96°C dur=3min sliders=(3,0)
2026-05-29 16:40:14,638 [INFO] Solar trigger at 18:37 (3min, 2nd=0min)
2026-05-29 18:34:00,247 [INFO] MQTT stat: ON
2026-05-29 18:37:14,984 [INFO] EXECUTE [SOLAR-1ST] 3min via HA
2026-05-29 18:37:14,984 [INFO] HA 1st run: 3min
2026-05-29 18:37:15,067 [INFO] Set input_number.boiler_duration_helper = 3 min
2026-05-29 18:37:15,082 [INFO] Triggered script.start_waterheater_using_ui
2026-05-29 18:37:15,083 [INFO] HA 1st run complete
2026-05-29 18:37:15,085 [INFO] Saved record for 2026-05-29
2026-05-29 18:37:15,511 [INFO] MQTT stat: ON
2026-05-29 18:40:15,411 [INFO] MQTT stat: OFF
2026-05-29 20:00:15,129 [INFO] EXECUTE [WEEKLY-3] 3min via HA
2026-05-29 20:00:15,130 [INFO] HA 1st run: 3min
2026-05-29 20:00:15,147 [INFO] Set input_number.boiler_duration_helper = 3 min
2026-05-29 20:00:15,156 [INFO] Triggered script.start_waterheater_using_ui
2026-05-29 20:00:15,157 [INFO] HA 1st run complete
2026-05-29 20:00:15,434 [INFO] MQTT stat: ON
2026-05-29 20:03:15,261 [INFO] MQTT stat: OFF
2026-05-29 20:06:44,823 [INFO] Scheduler stopped
2026-05-29 20:06:44,824 [INFO] === System Shutdown ===
2026-05-29 20:07:25,653 [INFO] === Boiler Control System Starting ===
2026-05-29 20:07:25,654 [INFO] Loaded runtime settings from data/config/runtime_settings.json
2026-05-29 20:07:25,654 [INFO] Runtime: target=18:40, mode=HA, lut=9pts
2026-05-29 20:07:25,654 [INFO] Configuration loaded
2026-05-29 20:07:25,775 [INFO] Scheduler ready — target 18:40, check 16:40
2026-05-29 20:07:26,792 [INFO] Scheduler started
2026-05-29 20:07:26,792 [INFO] === System Ready ===
2026-05-29 20:07:26,966 [INFO] EXECUTE [WEEKLY-3] 3min via HA
2026-05-29 20:07:26,967 [INFO] HA 1st run: 3min
2026-05-29 20:07:26,984 [INFO] Set input_number.boiler_duration_helper = 3 min
2026-05-29 20:07:26,994 [INFO] Triggered script.start_waterheater_using_ui
2026-05-29 20:07:26,995 [INFO] HA 1st run complete
2026-05-29 20:07:26,998 [INFO] Sun: ↑05:33 ↓19:40
2026-05-29 20:07:27,317 [INFO] Collected 14 hourly measurements (sunrise→19:40)
2026-05-29 20:07:27,317 [INFO] Calc: avg=24.2°C cloud=34% eff=22.83°C dur=3min sliders=(3,0)
2026-05-29 20:07:28,804 [INFO] MQTT topics — cmd:DvirHome/WaterHeater/cmnd/POWER stat:DvirHome/WaterHeater/stat/POWER tele:DvirHome/WaterHeater/tele/#
2026-05-29 20:07:28,811 [INFO] MQTT connected to 192.168.30.2:1883
2026-05-29 20:07:28,812 [INFO] MQTT subscribed: DvirHome/Boiler/adhoc
2026-05-29 20:07:28,812 [INFO] MQTT subscribed: DvirHome/Boiler/oneshot
2026-05-29 20:07:28,812 [INFO] MQTT subscribed: DvirHome/Boiler/weekly
2026-05-29 20:07:28,813 [INFO] MQTT heartbeat started (300s)
2026-05-29 20:07:29,061 [INFO] MQTT stat: ON
2026-05-29 20:08:19,457 [INFO] Sun: ↑05:33 ↓19:40
2026-05-29 20:08:19,798 [INFO] Collected 14 hourly measurements (sunrise→19:40)
2026-05-29 20:08:19,798 [INFO] Calc: avg=24.2°C cloud=34% eff=22.83°C dur=3min sliders=(3,0)
2026-05-29 20:10:26,279 [INFO] MQTT stat: OFF
2026-05-30 07:00:27,900 [INFO] EXECUTE [WEEKLY-1] 2min via HA
2026-05-30 07:00:27,901 [INFO] HA 1st run: 2min
2026-05-30 07:00:27,923 [INFO] Set input_number.boiler_duration_helper = 2 min
2026-05-30 07:00:27,936 [INFO] Triggered script.start_waterheater_using_ui
2026-05-30 07:00:27,936 [INFO] HA 1st run complete
2026-05-30 07:00:28,125 [INFO] MQTT stat: ON
2026-05-30 07:02:27,313 [INFO] MQTT stat: OFF
2026-05-30 14:05:46,898 [INFO] === Boiler Control System Starting ===
2026-05-30 14:05:46,901 [INFO] Loaded runtime settings from data/config/runtime_settings.json
2026-05-30 14:05:46,901 [INFO] Runtime: target=18:40, mode=HA, lut=9pts
2026-05-30 14:05:46,901 [INFO] Configuration loaded
2026-05-30 14:05:47,273 [INFO] Scheduler ready — target 18:40, check 16:40
2026-05-30 14:05:50,937 [INFO] Sun: ↑05:33 ↓19:41
2026-05-30 14:05:50,937 [INFO] Scheduler started
2026-05-30 14:05:50,948 [INFO] === System Ready ===
2026-05-30 14:05:51,045 [INFO] EXECUTE [WEEKLY-1] 2min via HA
2026-05-30 14:05:51,070 [INFO] HA 1st run: 2min
2026-05-30 14:05:51,111 [INFO] Set input_number.boiler_duration_helper = 2 min
2026-05-30 14:05:51,172 [INFO] Triggered script.start_waterheater_using_ui
2026-05-30 14:05:51,173 [INFO] HA 1st run complete
2026-05-30 14:05:51,538 [INFO] Collected 9 hourly measurements (sunrise→14:05)
2026-05-30 14:05:51,557 [INFO] Calc: avg=24.9°C cloud=45% eff=23.05°C dur=2min sliders=(2,0)
2026-05-30 14:05:52,950 [INFO] MQTT topics — cmd:DvirHome/WaterHeater/cmnd/POWER stat:DvirHome/WaterHeater/stat/POWER tele:DvirHome/WaterHeater/tele/#
2026-05-30 14:05:52,955 [INFO] MQTT connected to 192.168.30.2:1883
2026-05-30 14:05:52,955 [INFO] MQTT subscribed: DvirHome/Boiler/adhoc
2026-05-30 14:05:52,956 [INFO] MQTT subscribed: DvirHome/Boiler/oneshot
2026-05-30 14:05:52,956 [INFO] MQTT subscribed: DvirHome/Boiler/weekly
2026-05-30 14:05:52,959 [INFO] MQTT heartbeat started (300s)
2026-05-30 14:05:53,094 [INFO] MQTT stat: ON
2026-05-30 14:07:01,211 [INFO] MQTT stat: OFF
2026-05-30 14:07:51,243 [INFO] MQTT stat: OFF
2026-05-30 15:59:30,681 [INFO] Scheduler stopped
2026-05-30 15:59:30,681 [INFO] === System Shutdown ===
2026-05-30 16:00:13,406 [INFO] === Boiler Control System Starting ===
2026-05-30 16:00:13,407 [INFO] Loaded runtime settings from data/config/runtime_settings.json
2026-05-30 16:00:13,407 [INFO] Runtime: target=18:40, mode=HA, lut=9pts
2026-05-30 16:00:13,407 [INFO] Configuration loaded
2026-05-30 16:00:13,557 [INFO] Scheduler ready — target 18:40, check 16:40
2026-05-30 16:00:14,782 [INFO] Scheduler started
2026-05-30 16:00:14,782 [INFO] === System Ready ===
2026-05-30 16:00:16,755 [INFO] Sun: ↑05:33 ↓19:41
2026-05-30 16:00:16,795 [INFO] MQTT topics — cmd:DvirHome/WaterHeater/cmnd/POWER stat:DvirHome/WaterHeater/stat/POWER tele:DvirHome/WaterHeater/tele/#
2026-05-30 16:00:16,798 [INFO] MQTT connected to 192.168.30.2:1883
2026-05-30 16:00:16,798 [INFO] MQTT subscribed: DvirHome/Boiler/adhoc
2026-05-30 16:00:16,798 [INFO] MQTT subscribed: DvirHome/Boiler/oneshot
2026-05-30 16:00:16,798 [INFO] MQTT subscribed: DvirHome/Boiler/weekly
2026-05-30 16:00:16,799 [INFO] MQTT heartbeat started (300s)
2026-05-30 16:00:16,928 [INFO] MQTT stat: OFF
2026-05-30 16:00:20,350 [INFO] Collected 11 hourly measurements (sunrise→16:00)
2026-05-30 16:00:20,351 [INFO] Calc: avg=25.1°C cloud=39% eff=23.53°C dur=1min sliders=(1,0)
2026-05-30 16:02:49,759 [INFO] Sun: ↑05:33 ↓19:41
2026-05-30 16:02:50,085 [INFO] Collected 11 hourly measurements (sunrise→16:02)
2026-05-30 16:02:50,086 [INFO] Calc: avg=25.1°C cloud=39% eff=23.53°C dur=1min sliders=(1,0)
2026-05-30 16:40:15,854 [INFO] Sun: ↑05:33 ↓19:41
2026-05-30 16:40:16,837 [INFO] Collected 11 hourly measurements (sunrise→16:40)
2026-05-30 16:40:16,837 [INFO] Calc: avg=25.1°C cloud=39% eff=23.53°C dur=1min sliders=(1,0)
2026-05-30 16:40:16,838 [INFO] Solar trigger at 18:39 (1min, 2nd=0min)
2026-05-30 18:36:00,198 [INFO] MQTT stat: ON
2026-05-30 18:39:17,178 [INFO] EXECUTE [SOLAR-1ST] 1min via HA
2026-05-30 18:39:17,179 [INFO] HA 1st run: 1min
2026-05-30 18:39:17,203 [INFO] Set input_number.boiler_duration_helper = 1 min
2026-05-30 18:39:17,220 [INFO] Triggered script.start_waterheater_using_ui
2026-05-30 18:39:17,220 [INFO] HA 1st run complete
2026-05-30 18:39:17,227 [INFO] Saved record for 2026-05-30
2026-05-30 18:39:17,561 [INFO] MQTT stat: ON
2026-05-30 18:40:17,178 [INFO] MQTT stat: OFF
2026-05-31 16:40:20,963 [INFO] Sun: ↑05:32 ↓19:41
2026-05-31 16:40:21,421 [INFO] Collected 11 hourly measurements (sunrise→16:40)
2026-05-31 16:40:21,421 [INFO] Calc: avg=25.6°C cloud=65% eff=22.97°C dur=3min sliders=(3,0)
2026-05-31 16:40:21,422 [INFO] Solar trigger at 18:37 (3min, 2nd=0min)
2026-05-31 18:34:00,333 [INFO] MQTT stat: ON
2026-05-31 18:37:21,831 [INFO] EXECUTE [SOLAR-1ST] 3min via HA
2026-05-31 18:37:21,833 [INFO] HA 1st run: 3min
2026-05-31 18:37:21,860 [INFO] Set input_number.boiler_duration_helper = 3 min
2026-05-31 18:37:21,874 [INFO] Triggered script.start_waterheater_using_ui
2026-05-31 18:37:21,874 [INFO] HA 1st run complete
2026-05-31 18:37:21,882 [INFO] Saved record for 2026-05-31
2026-05-31 18:37:22,028 [INFO] MQTT stat: ON
2026-05-31 18:40:21,340 [INFO] MQTT stat: OFF
2026-06-01 16:40:24,113 [INFO] Sun: ↑05:32 ↓19:42
2026-06-01 16:40:24,410 [INFO] Collected 11 hourly measurements (sunrise→16:40)
2026-06-01 16:40:24,410 [INFO] Calc: avg=24.5°C cloud=55% eff=22.26°C dur=4min sliders=(4,0)
2026-06-01 16:40:24,410 [INFO] Solar trigger at 18:36 (4min, 2nd=0min)
2026-06-01 18:31:00,307 [INFO] MQTT stat: ON
2026-06-01 18:36:24,623 [INFO] EXECUTE [SOLAR-1ST] 4min via HA
2026-06-01 18:36:24,624 [INFO] HA 1st run: 4min
2026-06-01 18:36:24,644 [INFO] Set input_number.boiler_duration_helper = 4 min
2026-06-01 18:36:24,654 [INFO] Triggered script.start_waterheater_using_ui
2026-06-01 18:36:24,654 [INFO] HA 1st run complete
2026-06-01 18:36:24,656 [INFO] Saved record for 2026-06-01
2026-06-01 18:36:24,809 [INFO] MQTT stat: ON
2026-06-01 18:40:24,266 [INFO] MQTT stat: OFF
2026-06-02 16:40:26,830 [INFO] Sun: ↑05:32 ↓19:42
2026-06-02 16:40:27,127 [INFO] Collected 11 hourly measurements (sunrise→16:40)
2026-06-02 16:40:27,127 [INFO] Calc: avg=25.2°C cloud=4% eff=25.03°C dur=0min sliders=(0,0)
2026-06-02 16:40:27,127 [INFO] Solar trigger at 18:40 (0min, 2nd=0min)
2026-06-02 18:39:00,394 [INFO] MQTT stat: ON
2026-06-02 18:40:00,188 [INFO] MQTT stat: OFF
2026-06-02 18:40:27,324 [INFO] EXECUTE [SOLAR-1ST] 0min via HA
2026-06-02 18:40:27,325 [INFO] HA 1st run: 0min
2026-06-02 18:40:27,343 [INFO] Set input_number.boiler_duration_helper = 0 min
2026-06-02 18:40:27,354 [INFO] Triggered script.start_waterheater_using_ui
2026-06-02 18:40:27,355 [INFO] HA 1st run complete
2026-06-02 18:40:27,357 [INFO] Saved record for 2026-06-02
2026-06-02 18:40:27,457 [INFO] MQTT stat: ON
2026-06-02 18:45:27,131 [INFO] MQTT stat: OFF
2026-06-03 16:40:29,484 [INFO] Sun: ↑05:31 ↓19:43
2026-06-03 16:40:29,809 [INFO] Collected 11 hourly measurements (sunrise→16:40)
2026-06-03 16:40:29,809 [INFO] Calc: avg=25.7°C cloud=41% eff=24.11°C dur=0min sliders=(0,0)
2026-06-03 16:40:29,809 [INFO] Solar trigger at 18:40 (0min, 2nd=0min)
2026-06-03 18:38:00,304 [INFO] MQTT stat: ON
2026-06-03 18:40:00,014 [INFO] EXECUTE [SOLAR-1ST] 0min via HA
2026-06-03 18:40:00,014 [INFO] HA 1st run: 0min
2026-06-03 18:40:00,043 [INFO] Set input_number.boiler_duration_helper = 0 min
2026-06-03 18:40:00,055 [INFO] Triggered script.start_waterheater_using_ui
2026-06-03 18:40:00,055 [INFO] HA 1st run complete
2026-06-03 18:40:00,057 [INFO] Saved record for 2026-06-03
2026-06-03 18:40:00,340 [INFO] MQTT stat: OFF
2026-06-03 18:40:00,432 [INFO] MQTT stat: ON
2026-06-03 18:45:00,342 [INFO] MQTT stat: OFF
2026-06-04 16:40:06,857 [WARNING] sun times fetch attempt 1/3 failed: 502 Server Error: Bad Gateway for url: https://api.open-meteo.com/v1/forecast?latitude=32.72124843064626&longitude=35.12951893020094&daily=sunrise%2Csunset&timezone=auto&forecast_days=1 — retry in 5s
2026-06-04 16:40:22,011 [WARNING] sun times fetch attempt 2/3 failed: HTTPSConnectionPool(host='api.open-meteo.com', port=443): Read timed out. (read timeout=10) — retry in 5s
2026-06-04 16:40:30,148 [ERROR] sun times fetch failed after 3 attempts: 502 Server Error: Bad Gateway for url: https://api.open-meteo.com/v1/forecast?latitude=32.72124843064626&longitude=35.12951893020094&daily=sunrise%2Csunset&timezone=auto&forecast_days=1
2026-06-04 16:40:30,148 [ERROR] Sun times failed: Could not fetch sun times: 502 Server Error: Bad Gateway for url: https://api.open-meteo.com/v1/forecast?latitude=32.72124843064626&longitude=35.12951893020094&daily=sunrise%2Csunset&timezone=auto&forecast_days=1
2026-06-04 16:40:30,149 [INFO] API cooldown: next solar fetch attempt in 5 min
2026-06-04 16:45:34,287 [WARNING] sun times fetch attempt 1/3 failed: 502 Server Error: Bad Gateway for url: https://api.open-meteo.com/v1/forecast?latitude=32.72124843064626&longitude=35.12951893020094&daily=sunrise%2Csunset&timezone=auto&forecast_days=1 — retry in 5s
2026-06-04 16:45:44,524 [WARNING] sun times fetch attempt 2/3 failed: 502 Server Error: Bad Gateway for url: https://api.open-meteo.com/v1/forecast?latitude=32.72124843064626&longitude=35.12951893020094&daily=sunrise%2Csunset&timezone=auto&forecast_days=1 — retry in 5s
2026-06-04 16:46:02,199 [ERROR] sun times fetch failed after 3 attempts: HTTPSConnectionPool(host='api.open-meteo.com', port=443): Read timed out. (read timeout=10)
2026-06-04 16:46:02,200 [ERROR] Sun times failed: Could not fetch sun times: HTTPSConnectionPool(host='api.open-meteo.com', port=443): Read timed out. (read timeout=10)
2026-06-04 16:46:02,200 [INFO] API cooldown: next solar fetch attempt in 5 min
2026-06-04 16:50:33,712 [WARNING] sun times fetch attempt 1/3 failed: 502 Server Error: Bad Gateway for url: https://api.open-meteo.com/v1/forecast?latitude=32.72124843064626&longitude=35.12951893020094&daily=sunrise%2Csunset&timezone=auto&forecast_days=1 — retry in 5s
2026-06-04 16:50:48,977 [WARNING] sun times fetch attempt 2/3 failed: HTTPSConnectionPool(host='api.open-meteo.com', port=443): Read timed out. (read timeout=10) — retry in 5s
2026-06-04 16:50:55,464 [ERROR] sun times fetch failed after 3 attempts: 502 Server Error: Bad Gateway for url: https://api.open-meteo.com/v1/forecast?latitude=32.72124843064626&longitude=35.12951893020094&daily=sunrise%2Csunset&timezone=auto&forecast_days=1
2026-06-04 16:50:55,465 [ERROR] Sun times failed: Could not fetch sun times: 502 Server Error: Bad Gateway for url: https://api.open-meteo.com/v1/forecast?latitude=32.72124843064626&longitude=35.12951893020094&daily=sunrise%2Csunset&timezone=auto&forecast_days=1
2026-06-04 16:50:55,465 [INFO] API cooldown: next solar fetch attempt in 5 min
2026-06-04 16:55:55,911 [WARNING] sun times fetch attempt 1/3 failed: 502 Server Error: Bad Gateway for url: https://api.open-meteo.com/v1/forecast?latitude=32.72124843064626&longitude=35.12951893020094&daily=sunrise%2Csunset&timezone=auto&forecast_days=1 — retry in 5s
2026-06-04 16:56:04,645 [WARNING] sun times fetch attempt 2/3 failed: 502 Server Error: Bad Gateway for url: https://api.open-meteo.com/v1/forecast?latitude=32.72124843064626&longitude=35.12951893020094&daily=sunrise%2Csunset&timezone=auto&forecast_days=1 — retry in 5s
2026-06-04 16:56:10,091 [ERROR] sun times fetch failed after 3 attempts: 502 Server Error: Bad Gateway for url: https://api.open-meteo.com/v1/forecast?latitude=32.72124843064626&longitude=35.12951893020094&daily=sunrise%2Csunset&timezone=auto&forecast_days=1
2026-06-04 16:56:10,091 [ERROR] Sun times failed: Could not fetch sun times: 502 Server Error: Bad Gateway for url: https://api.open-meteo.com/v1/forecast?latitude=32.72124843064626&longitude=35.12951893020094&daily=sunrise%2Csunset&timezone=auto&forecast_days=1
2026-06-04 16:56:10,091 [INFO] API cooldown: next solar fetch attempt in 5 min
2026-06-04 17:01:20,319 [WARNING] sun times fetch attempt 1/3 failed: HTTPSConnectionPool(host='api.open-meteo.com', port=443): Read timed out. (read timeout=10) — retry in 5s
2026-06-04 17:01:35,440 [WARNING] sun times fetch attempt 2/3 failed: HTTPSConnectionPool(host='api.open-meteo.com', port=443): Read timed out. (read timeout=10) — retry in 5s
2026-06-04 17:01:42,837 [ERROR] sun times fetch failed after 3 attempts: 502 Server Error: Bad Gateway for url: https://api.open-meteo.com/v1/forecast?latitude=32.72124843064626&longitude=35.12951893020094&daily=sunrise%2Csunset&timezone=auto&forecast_days=1
2026-06-04 17:01:42,837 [ERROR] Sun times failed: Could not fetch sun times: 502 Server Error: Bad Gateway for url: https://api.open-meteo.com/v1/forecast?latitude=32.72124843064626&longitude=35.12951893020094&daily=sunrise%2Csunset&timezone=auto&forecast_days=1
2026-06-04 17:01:42,837 [INFO] API cooldown: next solar fetch attempt in 5 min
2026-06-04 17:06:25,225 [WARNING] sun times fetch attempt 1/3 failed: HTTPSConnectionPool(host='api.open-meteo.com', port=443): Read timed out. (read timeout=10) — retry in 5s
2026-06-04 17:06:42,450 [WARNING] sun times fetch attempt 2/3 failed: HTTPSConnectionPool(host='api.open-meteo.com', port=443): Read timed out. (read timeout=10) — retry in 5s
2026-06-04 17:06:47,833 [ERROR] sun times fetch failed after 3 attempts: 502 Server Error: Bad Gateway for url: https://api.open-meteo.com/v1/forecast?latitude=32.72124843064626&longitude=35.12951893020094&daily=sunrise%2Csunset&timezone=auto&forecast_days=1
2026-06-04 17:06:47,833 [ERROR] Sun times failed: Could not fetch sun times: 502 Server Error: Bad Gateway for url: https://api.open-meteo.com/v1/forecast?latitude=32.72124843064626&longitude=35.12951893020094&daily=sunrise%2Csunset&timezone=auto&forecast_days=1
2026-06-04 17:06:47,833 [INFO] API cooldown: next solar fetch attempt in 5 min
2026-06-04 17:11:18,234 [WARNING] sun times fetch attempt 1/3 failed: 502 Server Error: Bad Gateway for url: https://api.open-meteo.com/v1/forecast?latitude=32.72124843064626&longitude=35.12951893020094&daily=sunrise%2Csunset&timezone=auto&forecast_days=1 — retry in 5s
2026-06-04 17:11:23,586 [WARNING] sun times fetch attempt 2/3 failed: 502 Server Error: Bad Gateway for url: https://api.open-meteo.com/v1/forecast?latitude=32.72124843064626&longitude=35.12951893020094&daily=sunrise%2Csunset&timezone=auto&forecast_days=1 — retry in 5s
2026-06-04 17:11:28,946 [ERROR] sun times fetch failed after 3 attempts: 502 Server Error: Bad Gateway for url: https://api.open-meteo.com/v1/forecast?latitude=32.72124843064626&longitude=35.12951893020094&daily=sunrise%2Csunset&timezone=auto&forecast_days=1
2026-06-04 17:11:28,947 [ERROR] Sun times failed: Could not fetch sun times: 502 Server Error: Bad Gateway for url: https://api.open-meteo.com/v1/forecast?latitude=32.72124843064626&longitude=35.12951893020094&daily=sunrise%2Csunset&timezone=auto&forecast_days=1
2026-06-04 17:11:28,947 [INFO] API cooldown: next solar fetch attempt in 5 min
2026-06-04 17:16:31,497 [INFO] Sun: ↑05:31 ↓19:43
2026-06-04 17:16:35,816 [INFO] Collected 12 hourly measurements (sunrise→17:16)
2026-06-04 17:16:35,817 [INFO] Calc: avg=26.8°C cloud=0% eff=26.82°C dur=0min sliders=(0,0)
2026-06-04 17:16:35,817 [INFO] Solar trigger at 18:40 (0min, 2nd=0min)
2026-06-04 18:39:00,134 [INFO] MQTT stat: ON
2026-06-04 18:40:00,246 [INFO] MQTT stat: OFF
2026-06-04 18:40:06,084 [INFO] EXECUTE [SOLAR-1ST] 0min via HA
2026-06-04 18:40:06,085 [INFO] HA 1st run: 0min
2026-06-04 18:40:06,110 [INFO] Set input_number.boiler_duration_helper = 0 min
2026-06-04 18:40:06,128 [INFO] Triggered script.start_waterheater_using_ui
2026-06-04 18:40:06,128 [INFO] HA 1st run complete
2026-06-04 18:40:06,134 [INFO] Saved record for 2026-06-04
2026-06-04 18:40:06,335 [INFO] MQTT stat: ON
2026-06-04 18:45:06,312 [INFO] MQTT stat: OFF
2026-06-05 16:40:11,576 [INFO] Sun: ↑05:31 ↓19:44
2026-06-05 16:40:13,190 [INFO] Collected 11 hourly measurements (sunrise→16:40)
2026-06-05 16:40:13,191 [INFO] Calc: avg=26.5°C cloud=0% eff=26.53°C dur=0min sliders=(0,0)
2026-06-05 16:40:13,192 [INFO] Solar trigger at 18:40 (0min, 2nd=0min)
2026-06-05 18:39:00,226 [INFO] MQTT stat: ON
2026-06-05 18:40:00,124 [INFO] MQTT stat: OFF
2026-06-05 18:40:13,550 [INFO] EXECUTE [SOLAR-1ST] 0min via HA
2026-06-05 18:40:13,551 [INFO] HA 1st run: 0min
2026-06-05 18:40:13,576 [INFO] Set input_number.boiler_duration_helper = 0 min
2026-06-05 18:40:13,593 [INFO] Triggered script.start_waterheater_using_ui
2026-06-05 18:40:13,594 [INFO] HA 1st run complete
2026-06-05 18:40:13,601 [INFO] Saved record for 2026-06-05
2026-06-05 18:40:13,917 [INFO] MQTT stat: ON
2026-06-05 18:45:13,264 [INFO] MQTT stat: OFF
2026-06-06 10:09:45,077 [INFO] Scheduler stopped
2026-06-06 10:09:45,079 [INFO] === System Shutdown ===
2026-06-06 10:12:34,314 [INFO] === Boiler Control System v2.4 Starting ===
2026-06-06 10:12:34,316 [INFO] Loaded runtime settings from data/config/runtime_settings.json
2026-06-06 10:12:34,316 [INFO] Runtime: target=18:40, mode=HA, lut=9pts
2026-06-06 10:12:34,316 [INFO] Configuration loaded
2026-06-06 10:12:34,498 [INFO] Scheduler ready — target 18:40, check 16:40
2026-06-06 10:12:35,785 [INFO] Scheduler started
2026-06-06 10:12:35,785 [INFO] === System Ready ===
2026-06-06 10:12:35,946 [INFO] Sun: ↑05:31 ↓19:45
2026-06-06 10:12:36,246 [INFO] Collected 5 hourly measurements (sunrise→10:12)
2026-06-06 10:12:36,247 [INFO] Calc: avg=22.6°C cloud=2% eff=22.55°C dur=4min sliders=(4,0)
2026-06-06 10:12:37,799 [INFO] MQTT topics — cmd:DvirHome/WaterHeater/cmnd/POWER stat:DvirHome/WaterHeater/stat/POWER tele:DvirHome/WaterHeater/tele/#
2026-06-06 10:12:37,801 [INFO] MQTT connected to 192.168.30.2:1883
2026-06-06 10:12:37,802 [INFO] MQTT subscribed: DvirHome/Boiler/adhoc
2026-06-06 10:12:37,802 [INFO] MQTT subscribed: DvirHome/Boiler/oneshot
2026-06-06 10:12:37,802 [INFO] MQTT subscribed: DvirHome/Boiler/weekly
2026-06-06 10:12:37,803 [INFO] MQTT heartbeat started (300s)
2026-06-06 10:12:38,149 [INFO] MQTT stat: OFF
2026-06-06 16:40:08,622 [INFO] Sun: ↑05:31 ↓19:45
2026-06-06 16:40:12,251 [INFO] Collected 11 hourly measurements (sunrise→16:40)
2026-06-06 16:40:12,252 [INFO] Calc: avg=27.0°C cloud=5% eff=26.84°C dur=0min sliders=(0,0)
2026-06-06 16:40:12,252 [INFO] Solar trigger at 18:40 (0min, 2nd=0min)
